split_regime,design,pool,task,task_type,candidate_count,anchor_scheme,oracle_opportunity_gain_mean,oracle_opportunity_gain_n_seed_blocks,oracle_opportunity_gain_n_outer_units,oracle_opportunity_gain_low,oracle_opportunity_gain_high,selected_model_gain_mean,selected_model_gain_n_seed_blocks,selected_model_gain_n_outer_units,selected_model_gain_low,selected_model_gain_high,same_unit_selection_gap_mean,same_unit_selection_gap_n_seed_blocks,same_unit_selection_gap_n_outer_units,same_unit_selection_gap_low,same_unit_selection_gap_high,range_normalized_selection_loss_mean,range_normalized_selection_loss_n_seed_blocks,range_normalized_selection_loss_n_outer_units,range_normalized_selection_loss_low,range_normalized_selection_loss_high,chance_adjusted_hit3_mean,chance_adjusted_hit3_n_seed_blocks,chance_adjusted_hit3_n_outer_units,chance_adjusted_hit3_low,chance_adjusted_hit3_high,chance_adjusted_mrr_mean,chance_adjusted_mrr_n_seed_blocks,chance_adjusted_mrr_n_outer_units,chance_adjusted_mrr_low,chance_adjusted_mrr_high,cross_fitted_selection_gap_mean,cross_fitted_selection_gap_n_seed_blocks,cross_fitted_selection_gap_n_outer_units,cross_fitted_selection_gap_low,cross_fitted_selection_gap_high,audit_fit_seconds_mean,audit_fit_seconds_n_seed_blocks,audit_fit_seconds_n_outer_units,audit_fit_seconds_low,audit_fit_seconds_high,downstream_efficiency_per_second_mean,downstream_efficiency_per_second_n_seed_blocks,downstream_efficiency_per_second_n_outer_units,downstream_efficiency_per_second_low,downstream_efficiency_per_second_high,selected_gain_per_audit_hour_mean,selected_gain_per_audit_hour_n_seed_blocks,selected_gain_per_audit_hour_n_outer_units,selected_gain_per_audit_hour_low,selected_gain_per_audit_hour_high,opportunity_capture_fraction_mean,opportunity_capture_fraction_n_seed_blocks,opportunity_capture_fraction_n_outer_units,opportunity_capture_fraction_low,opportunity_capture_fraction_high,homogeneous_normalized_oracle_opportunity_mean,homogeneous_normalized_oracle_opportunity_n_seed_blocks,homogeneous_normalized_oracle_opportunity_n_outer_units,homogeneous_normalized_oracle_opportunity_low,homogeneous_normalized_oracle_opportunity_high,homogeneous_normalized_selected_gain_mean,homogeneous_normalized_selected_gain_n_seed_blocks,homogeneous_normalized_selected_gain_n_outer_units,homogeneous_normalized_selected_gain_low,homogeneous_normalized_selected_gain_high,homogeneous_normalized_cross_fitted_gap_mean,homogeneous_normalized_cross_fitted_gap_n_seed_blocks,homogeneous_normalized_cross_fitted_gap_n_outer_units,homogeneous_normalized_cross_fitted_gap_low,homogeneous_normalized_cross_fitted_gap_high
scaffold,equal_K,Classical multiview,bace,classification,4,shared_morgan_linear,0.03542345017112934,5,15,0.02614791643768683,0.044698983904571866,0.017240000464520115,5,15,0.009498537658431176,0.025534833480207936,0.018183449706609234,5,15,0.006897753816849488,0.029469145596368984,0.27016178276320074,5,15,0.13333333333164024,0.34482504661464286,0.4666666666666667,5,15,-0.06666666666666665,1.0,0.4898550724637681,5,15,0.2695652173913043,0.7565217391304347,0.017129836652996173,5,15,0.005076729146719957,0.029469145596368977,1.5763678333333995,5,15,1.5470689999560507,1.5996197599840032,0.01009849088761223,5,15,0.005136481060538293,0.01562562300002275,36.35456719540402,5,15,18.491331817937855,56.2522428000819,0.6819931677063696,5,14,0.519424637115173,0.8790044583887383,0.6143081744622799,5,15,0.47505823967145594,0.7490572666496788,0.329650543073986,5,15,0.2179025334909527,0.43852615926978694,0.2672546089607262,5,15,0.08847792648644862,0.4370300599973853
scaffold,equal_K,Classical multiview,bace,classification,8,shared_morgan_linear,0.07884702734102757,5,15,0.07229795989572857,0.08616148115980761,0.07380935118845709,5,15,0.06579107956365558,0.08289862172218596,0.00503767615257047,5,15,0.0019760855187390828,0.008290519181422037,0.06167013245538137,5,15,0.02222920077635996,0.10111106413440277,0.7866666666666667,5,15,0.5733333333333334,1.0,0.4059649913605289,5,15,0.17541882653444515,0.6365111561866125,0.0021720233338956337,5,15,-0.001235592690138117,0.00665971032784188,4.285693466655598,5,15,4.254561126697807,4.320553746726362,0.017223993302995594,5,15,0.015472269099531508,0.01912617637203282,62.00637589078413,5,15,55.41165583981292,68.85423493931816,0.9266188356410865,5,15,0.881825234772856,0.971412436509317,1.0484057011169274,5,15,1.0341961217853453,1.0626152804485094,0.9709880361495398,5,15,0.919393938433538,1.0262222595550814,0.02945763133300263,5,15,-0.015152195048986464,0.08760093533694764
scaffold,equal_K,Classical multiview,bace,classification,16,shared_morgan_linear,0.08391838307665647,5,15,0.07839674828460828,0.09017136307539171,0.07930969320513923,5,15,0.07159596846104345,0.08687884799946144,0.004608689871517258,5,15,0.0019304510725815405,0.006995306176577873,0.054247199113305763,5,15,0.021607656882685355,0.09149769516880615,0.5076923076923077,5,15,0.26153846153846155,0.7538461538461539,0.44920357547437534,5,15,0.18985996751387937,0.7605073842537642,0.0035019619747853913,5,15,0.0009886975164752861,0.006695163101338308,12.250959293338624,5,15,12.008697986606663,12.559970073405808,0.006498447525717916,5,15,0.005905109559736931,0.006976936702214104,23.394411092584498,5,15,21.258394415052955,25.116972127970772,0.9332166560916931,5,15,0.891116767367555,0.9732884225957779,1.076761590835757,5,15,1.065671242125344,1.0867624936614129,1.0047470037052102,5,15,0.9641148862737484,1.0426922165635228,0.05802996575247079,5,15,0.013148150742541092,0.10338714031148681
scaffold,equal_K,Classical multiview,bace,classification,32,shared_morgan_linear,0.08439441698467043,5,15,0.07850891394466004,0.09082936974823623,0.07776728701170824,5,15,0.070512633158091,0.08612085135534624,0.006627129972962198,5,15,0.004440932178661846,0.009050423780800291,0.07262953053128486,5,15,0.04642575356362714,0.1027768935680693,0.5586206896551724,5,15,0.33793103448275863,0.7793103448275862,0.3538015328076152,5,15,0.21058747939118622,0.4463469631251784,0.005044368168216377,5,15,0.0020005332150140553,0.0080882031214187,41.41386744671812,5,15,38.63955071349629,44.1954272134346,0.0019160641896479504,5,15,0.0016969217719797008,0.002083222867933789,6.897831082732621,5,15,6.109729403445918,7.499602324561643,0.9138825262235976,5,15,0.8847388617609975,0.9430261906861979,1.0712790243356292,5,15,1.057086477244446,1.08673088044327,0.9814494746212361,5,15,0.9512544318557528,1.0179287031558482,0.06991369613285056,5,15,0.03113897493629597,0.10868841732940518
scaffold,equal_K,Classical multiview,clintox,classification,4,shared_morgan_linear,0.10519879234960965,5,15,0.08813117845308287,0.12226640624613645,0.07731158588976278,5,15,0.05829047019360467,0.09815362933183758,0.02788720645984687,5,15,0.01747539713692906,0.041727864688124436,0.31651423481666624,5,15,0.2107519973247558,0.40652943839403877,1.0,5,15,1.0,1.0,0.11884057971014483,5,15,-0.15942028985507256,0.4202898550724637,0.018027726923046793,5,15,0.0026963246119059573,0.03699921863826257,1.542100846705337,5,15,1.5246814867171143,1.5595202066935594,0.05168443476366978,5,15,0.03912018715747953,0.06488612787982714,186.0639651492112,5,15,140.83267376692635,233.5900603673777,0.6463580771324928,5,15,0.5245539447708369,0.7774721394893571,1.317777739727602,5,15,1.1035139606261213,1.5538813537881997,0.9496196773190111,5,15,0.7194041997136043,1.2465807076831115,0.23541307344856613,5,15,0.06331903974013009,0.4237898099222603
scaffold,equal_K,Classical multiview,clintox,classification,8,shared_morgan_linear,0.15599705736718164,5,15,0.14349024105206626,0.16850387368229702,0.14232882327936786,5,15,0.1383230084320304,0.14583905495327032,0.01366823408781379,5,15,0.004066863158944008,0.023269605016683577,0.08834639503967442,5,15,0.030176862582352037,0.14735602670520684,0.6799999999999999,5,15,0.4666666666666666,0.8933333333333333,0.43625572834497783,5,15,0.25114566899556756,0.6297798813011795,-0.00375357518344058,5,15,-0.011265382363807771,0.005421467475693098,4.248111826647071,5,15,4.193921593219661,4.302302060074482,0.03350392025660732,5,15,0.03225134396469609,0.034689451018956444,120.61411292378637,5,15,116.10483827290591,124.8820236682432,0.9084823014728938,5,15,0.8474979693930853,0.9694666335527021,1.5782464120098831,5,15,1.3654893955302585,1.791003428489508,1.424292798519853,5,15,1.2477071690105679,1.6301590701089126,-0.039656978308297654,5,15,-0.10583162822199665,0.03565914375409671
scaffold,equal_K,Classical multiview,clintox,classification,16,shared_morgan_linear,0.18482482458916244,5,15,0.17173669137781528,0.19640411047416245,0.17602339254329571,5,15,0.16206989090814902,0.18853492747513814,0.00880143204586675,5,15,0.0015717509624319614,0.016031113129301538,0.04410356575530843,5,15,0.00904161893847412,0.07916551257214274,0.8358974358974359,5,15,0.6717948717948719,1.0,0.7725826421905493,5,15,0.5854161441703818,0.9577365972212526,0.004768010451661064,5,15,0.0,0.012826489983824806,12.08095044658985,5,15,11.652263066552889,12.519982680100172,0.014615011071716316,5,15,0.013317242695292497,0.015912779448140135,52.61403985817874,5,15,47.942073703052976,57.28600601330449,0.9536394421525525,5,15,0.9163205032436311,0.9909583810614737,1.7251025359780487,5,15,1.601564799102998,1.8470181749318406,1.6494111350398566,5,15,1.5164033334140288,1.7824129218565965,0.04126292484935119,5,15,0.0,0.11109695500265156
scaffold,equal_K,Classical multiview,clintox,classification,32,shared_morgan_linear,0.18842176131725807,5,15,0.17702993922967197,0.19984985214567041,0.17205079773636095,5,15,0.16048082305254407,0.18334450676028496,0.016370963580897104,5,15,0.008648724430506674,0.024063976120783318,0.08294286243155444,5,15,0.04436519619153848,0.12325920904301044,0.4114942528735632,5,15,0.11724137931034484,0.632183908045977,0.25170960066027015,5,15,0.10458440108161075,0.3988348002389294,0.008740605258595806,5,15,0.002242504787362854,0.015821421376021397,39.74828209337235,5,15,37.85438436005497,41.82975675340664,0.004395315958713347,5,15,0.004012343092058033,0.004755781050733092,15.823137451368046,5,15,14.444435131408918,17.12081178263913,0.9148001454761003,5,15,0.8744837988644265,0.9536583553029052,1.5504271994372303,5,15,1.512251695832443,1.5897024461325326,1.4207673194498038,5,15,1.3387010666763937,1.4970124340545397,0.06878775723869741,5,15,0.018622169530526277,0.1208697218997092
scaffold,equal_K,Classical multiview,esol,regression,4,shared_morgan_linear,2.201285844343415,5,15,2.201285844343415,2.201285844343415,2.201285844343415,5,15,2.201285844343415,2.201285844343415,0.0,5,15,0.0,0.0,0.0,5,15,0.0,0.0,1.0,5,15,1.0,1.0,1.0,5,15,1.0,1.0,0.0,5,15,0.0,0.0,0.354980100039392,5,15,0.3469685533472019,0.36595220671345724,6.201381559030905,5,15,6.017690457223681,6.3470892462673225,22324.973612511258,5,15,21663.68564600526,22849.52128656236,1.0,5,15,1.0,1.0,1.7427697394659678,5,15,1.7427697394659678,1.7427697394659678,1.7427697394659678,5,15,1.7427697394659678,1.7427697394659678,0.0,5,15,0.0,0.0
scaffold,equal_K,Classical multiview,esol,regression,8,shared_morgan_linear,2.2109593040401756,5,15,2.2078331025545266,2.2129572789894865,2.1527045606329454,5,15,2.1468740431662794,2.158535078099611,0.05825474340723039,5,15,0.05380042078168481,0.0621979642263753,0.031388696236312255,5,15,0.029003060967809663,0.03347616765510196,1.0,5,15,1.0,1.0,0.27638794981594167,5,15,0.17541882653444515,0.32687251145668994,0.04858128371046973,5,15,0.04275076624380408,0.05441180117713538,2.0219858666804296,5,15,1.9983352600519217,2.056346826674415,1.0655333478698943,5,15,1.0504861952784925,1.075795057662825,3835.92005233162,5,15,3781.7503030025728,3872.86220758617,0.9686113037636707,5,15,0.96652383234488,0.9709969390321748,1.7366673176562497,5,15,1.7313674955234064,1.7409816431462979,1.6715606627609159,5,15,1.66369533925173,1.680029437572151,0.06088440308710326,5,15,0.0557759364731487,0.0659928697010578
scaffold,equal_K,Classical multiview,esol,regression,16,shared_morgan_linear,2.2439746887799368,5,15,2.2257967108585115,2.262657938692011,2.1907526338180223,5,15,2.1907526338180223,2.1907526338180223,0.05322205496191429,5,15,0.03504407704048907,0.07190530487398891,0.023128246813300425,5,15,0.014504683311695476,0.031751810314905385,-0.1487179487179487,5,15,-0.23076923076923075,0.01538461538461539,-0.03605713097615263,5,15,-0.05779259526236562,-0.015529192483618143,0.010533210525392578,5,15,0.010533210525392578,0.010533210525392578,6.688762873310283,5,15,6.358710546776029,7.109705666689355,0.3282743497142508,5,15,0.30990917464567314,0.34383704349486344,1181.787658971303,5,15,1115.6730287244234,1245.2943788381751,0.9768717531866891,5,15,0.9682481896850799,0.9854953166882983,1.735829354357799,5,15,1.7143307541817954,1.7573279545338025,1.69466572003815,5,15,1.6900216747453514,1.6994184549989098,0.012467420700670164,5,15,0.01242122583453874,0.012516164201615382
scaffold,equal_K,Classical multiview,esol,regression,32,shared_morgan_linear,2.259489925753526,5,15,2.2396171744763693,2.279362677030682,2.1787075479202,5,15,2.160153242536901,2.195457016190524,0.08078237783332574,5,15,0.04608772865702303,0.11572280028362023,0.03751809869595725,5,15,0.019911538208173818,0.055124659183740675,0.04367816091954023,5,15,-0.10344827586206898,0.19080459770114944,0.017681530059416955,5,15,-0.014317408449881497,0.050952968235581896,0.02756121354314119,5,15,-0.007187568950271797,0.05486733544761552,18.433431006638173,5,15,16.953865306781754,19.88553412658317,0.11898235347712882,5,15,0.11049856809582967,0.12882201569901977,428.3364725176637,5,15,397.79484514498677,459.38096171046635,0.9621370192757649,5,15,0.9445304587879726,0.9797435797635572,1.732775459730376,5,15,1.7124964666733469,1.753054452787405,1.6629474210256774,5,15,1.6452834353784258,1.6782765226617031,0.024035943027550282,5,15,-0.01181385561488331,0.05366710546996918
scaffold,equal_K,Homogeneous Morgan,bace,classification,4,shared_morgan_linear,0.05587724247055339,5,15,0.05156218475266368,0.06019230018844311,0.053594994916622674,5,15,0.04936905496306142,0.05812597784077141,0.002282247553930724,5,15,0.0,0.005614103772903294,0.04661634426327997,5,15,0.0,0.10891221361850331,1.0,5,15,1.0,1.0,0.8608695652173912,5,15,0.7217391304347824,1.0,0.0016659281094862847,5,15,0.0,0.004997784328458854,0.5728841866599388,5,15,0.5600561999715856,0.585712173348292,0.09505403955526287,5,15,0.08606960952952465,0.10403846958100109,342.1945423989463,5,15,309.8505943062887,374.53849049160397,0.9533836557357495,5,15,0.8910877863793614,1.0,1.0,5,15,1.0,1.0,0.9533836557357495,5,15,0.8910877863793614,1.0,0.03114793467819405,5,15,0.0,0.09344380403458215
scaffold,equal_K,Homogeneous Morgan,bace,classification,8,shared_morgan_linear,0.0756261649819128,5,15,0.06904382319760344,0.08198238008828912,0.07140160245646326,5,15,0.06673369853284643,0.07683140841514494,0.004224562525449524,5,15,0.00203255518425971,0.006037489777001371,0.05444943338707525,5,15,0.028245386885685307,0.07589753211181852,0.8933333333333333,5,15,0.6799999999999999,1.0,0.27975358725865823,5,15,0.08118097813838177,0.4951543835925175,0.00023453656516451513,5,15,-0.0014253278632368658,0.0015803372823535757,2.6105406932998436,5,15,2.462054546534393,2.7590268400652946,0.027454924901575965,5,15,0.02611093516710291,0.028486495270163566,98.83772964567349,5,15,93.99936660157049,102.55138297258884,0.9455505666121905,5,15,0.9241024678871778,0.9717546131139022,1.0,5,15,1.0,1.0,0.9455505666121905,5,15,0.9227366175477035,0.9702162946612652,0.0026155663099548592,5,15,-0.016978116907669715,0.02160625180167471
scaffold,equal_K,Homogeneous Morgan,bace,classification,16,shared_morgan_linear,0.07839925696384165,5,15,0.07352552356644629,0.08411738296141436,0.07250568089025208,5,15,0.0675035029128564,0.07973608367266058,0.005893576073589564,5,15,0.003938401402203718,0.00822552411229848,0.07525424634860772,5,15,0.049541167815018904,0.09849961125629682,0.26153846153846155,5,15,-0.06666666666666668,0.6717948717948717,0.06433827112251131,5,15,-0.042899777140330796,0.22413418448596606,0.0016665266177938807,5,15,-0.000738961886485227,0.0042037064056359204,16.248005693390347,5,15,14.292829773334478,18.27877510023148,0.004515937731213336,5,15,0.004094052279421145,0.004773752337928333,16.257375832368005,5,15,14.738588205916122,17.185508416542,0.9247457536503731,5,15,0.9015003887424446,0.9490987501461513,1.0,5,15,1.0,1.0,0.9247457536503731,5,15,0.9010975075390235,0.9490987501461513,0.02231649346021914,5,15,-0.006468238149164067,0.05110122506960235
scaffold,equal_K,Homogeneous Morgan,bace,classification,32,shared_morgan_linear,0.07916788124048925,5,15,0.0736929719571482,0.08484054042565228,0.07162348228078072,5,15,0.06660787231228141,0.07895812883859883,0.0075443989597085166,5,15,0.004459750957074856,0.010629046962342178,0.09241133932351307,5,15,0.05829632944332731,0.12552940460854084,0.33793103448275863,5,15,0.04367816091954024,0.7057471264367816,0.14819865976852964,5,15,0.029709363865307294,0.292261046296203,0.0025487252272652287,5,15,0.0003874063720874435,0.0048164237213619435,29.346602666672943,5,15,25.774427553274045,33.07500389352596,0.002477270474080853,5,15,0.0022523392150413783,0.0026243311027705604,8.91817370669107,5,15,8.09866086538349,9.437581396881226,0.9075886606752717,5,15,0.8755159965723217,0.9407819882301339,1.0,5,15,1.0,1.0,0.9075886606752717,5,15,0.8777825560296673,0.9417036705559145,0.02946276948908059,5,15,0.004762008052915666,0.05094097077873368
scaffold,equal_K,Homogeneous Morgan,clintox,classification,4,shared_morgan_linear,0.08045728269513222,5,15,0.07060766605574187,0.08832354772067791,0.08045728269513222,5,15,0.07060766605574187,0.08832354772067791,0.0,5,15,0.0,0.0,0.0,5,15,0.0,0.0,1.0,5,15,1.0,1.0,1.0,5,15,1.0,1.0,0.0,5,15,0.0,0.0,0.4673565667355426,5,15,0.45193312000483193,0.48290662677027213,0.17387051480987,5,15,0.15445555993577834,0.19041489740482986,625.9338533155321,5,15,556.040015768802,685.4936306573875,1.0,5,15,1.0,1.0,1.0,5,15,1.0,1.0,1.0,5,15,1.0,1.0,0.0,5,15,0.0,0.0
scaffold,equal_K,Homogeneous Morgan,clintox,classification,8,shared_morgan_linear,0.10407054692035977,5,15,0.08789404918520452,0.11691264015116828,0.08900090372456099,5,15,0.0772119011034618,0.10035754910372867,0.015069643195798807,5,15,0.009566644928161883,0.02073622287183956,0.1819956636502928,5,15,0.12074484113628528,0.24653494704846263,0.5733333333333334,5,15,0.4666666666666666,0.7866666666666667,0.39755089775373753,5,15,0.296581774472241,0.5203966644128916,-0.006321931243776682,5,15,-0.011850123842761014,-0.0018443298540092262,2.38224896006286,5,15,2.228700093311877,2.5467041934917978,0.03731912838334835,5,15,0.03267808367198679,0.042812380837706186,134.34886218005408,5,15,117.64110121915242,154.12457101574225,0.8180043363472432,5,15,0.7534650529475366,0.8792551588621305,1.0,5,15,1.0,1.0,0.8180043363472432,5,15,0.7534650529475366,0.8792551588621305,-0.030348111376738936,5,15,-0.06568470829374443,-0.0025033957818197893
scaffold,equal_K,Homogeneous Morgan,clintox,classification,16,shared_morgan_linear,0.11282449372969394,5,15,0.0982651748162118,0.12164734430407191,0.09094649156632091,5,15,0.07223212231647405,0.10332114299820203,0.02187800216337304,5,15,0.01781608740313252,0.026406483258122466,0.23706156352440186,5,15,0.15405100967245505,0.32007211737634866,0.09743589743589742,5,15,-0.06666666666666668,0.1794871794871795,0.1271265630862335,5,15,0.011271171659413003,0.2366759864793996,0.004492894436155667,5,15,-0.003942253669004092,0.011595194308981756,15.652435960023041,5,15,13.696138486530009,17.64443459348598,0.005849615763632051,5,15,0.004686634445137166,0.006944509644199785,21.05861674907538,5,15,16.871884002493797,24.98655240980809,0.7629384364727279,5,15,0.6799278826193645,0.8459489903260913,1.0,5,15,1.0,1.0,0.7629384364727279,5,15,0.6814028785428311,0.8459489903260913,0.06648997388422646,5,15,-0.03778629096048589,0.1704052052073839
scaffold,equal_K,Homogeneous Morgan,clintox,classification,32,shared_morgan_linear,0.12449323152090556,5,15,0.11384170104727413,0.13316988864786344,0.10275776636600134,5,15,0.09347199898520295,0.1123189241089316,0.021735465154904234,5,15,0.017381225647090055,0.026540837186313004,0.1975848786261159,5,15,0.13995608489512196,0.28295131043902366,0.04367816091954023,5,15,-0.10344827586206898,0.19080459770114944,0.10152709668719125,5,15,-0.0511742405009296,0.2542284338753121,0.00919655886979327,5,15,0.004629758941359892,0.012930991431454205,30.637570260069328,5,15,26.84152683319213,34.67425257342401,0.0033932182375484613,5,15,0.003043235979376395,0.0037897723148176063,12.21558565517446,5,15,10.955649525755021,13.669871554853689,0.7958876774001923,5,15,0.7145457545219146,0.8560194061678004,1.0,5,15,1.0,1.0,0.7958876774001923,5,15,0.7145457545219146,0.8560194061678004,0.10696140695292936,5,15,0.05045156216163649,0.17063089285339025
scaffold,equal_K,Homogeneous Morgan,esol,regression,4,shared_morgan_linear,1.3825180505925172,5,15,1.3825180505925172,1.3825180505925172,1.3825180505925172,5,15,1.3825180505925172,1.3825180505925172,0.0,5,15,0.0,0.0,0.0,5,15,0.0,0.0,1.0,5,15,1.0,1.0,1.0,5,15,1.0,1.0,0.0,5,15,0.0,0.0,0.1782605933103082,5,15,0.16665400660131055,0.1922310867502035,7.872965522061081,5,15,7.488697061768161,8.227757467003713,28342.675879419887,5,15,26959.30942236538,29619.92688121336,1.0,5,15,1.0,1.0,1.0,5,15,1.0,1.0,1.0,5,15,1.0,1.0,0.0,5,15,0.0,0.0
scaffold,equal_K,Homogeneous Morgan,esol,regression,8,shared_morgan_linear,1.3994014139117132,5,15,1.3944753091452537,1.4043275186781727,1.2981638002872053,5,15,1.2898966865632477,1.307258543196099,0.10123761362450781,5,15,0.09243857829436483,0.11025025569029381,0.08965023082085107,5,15,0.0817612192994231,0.09753924234227904,1.0,5,15,1.0,1.0,0.37735707309743816,5,15,0.25955976260235897,0.46149800916535194,0.08435425030531203,5,15,0.07541973210281833,0.09262136402926953,1.5003757599120324,5,15,1.4083762931016568,1.60091776671664,0.8697821090283309,5,15,0.8129113621560338,0.9166998866335565,3131.2155925019915,5,15,2950.890458594289,3300.119591880803,0.9103497691790656,5,15,0.9024607576576302,0.9182387807005009,1.0,5,15,1.0,1.0,0.9103497691790656,5,15,0.9024607576576302,0.9182387807005009,0.081942038755998,5,15,0.07310737099214405,0.08997274438988008
scaffold,equal_K,Homogeneous Morgan,esol,regression,16,shared_morgan_linear,1.4114361579531955,5,15,1.4073425253271892,1.415442151789454,1.3246762382900314,5,15,1.3246762382900314,1.3246762382900314,0.08675991966316413,5,15,0.08266736822597034,0.09072266594691962,0.07612546304651027,5,15,0.07363652029937338,0.07861440579364717,0.09743589743589745,5,15,-0.1487179487179487,0.3435897435897436,0.046054622993985335,5,15,-0.017340481174135884,0.10944972716210655,0.0578418123024859,5,15,0.0578418123024859,0.0578418123024859,12.914699686644596,5,15,11.428332933162647,14.401066440126547,0.10356829580319353,5,15,0.09215794361681426,0.11497864798957277,372.8458648914967,5,15,331.76859702053133,412.9299011302277,0.9238745369534185,5,15,0.9213855942062793,0.9263634797005574,1.0,5,15,1.0,1.0,0.9238745369534185,5,15,0.9213855942062793,0.9263634797005574,0.05618775590148291,5,15,0.05618775590148291,0.05618775590148291
scaffold,equal_K,Homogeneous Morgan,esol,regression,32,shared_morgan_linear,1.418683747958782,5,15,1.4146181853641553,1.4225649360940782,1.3246762382900314,5,15,1.3246762382900314,1.3246762382900314,0.09400750966875054,5,15,0.08964394319647655,0.09788869780404677,0.08366104988820075,5,15,0.08179858968899828,0.08530802074904728,0.33793103448275863,5,15,0.26436781609195403,0.4850574712643678,0.1386731532144148,5,15,0.10938249211504394,0.17139457321955323,0.0578418123024859,5,15,0.0578418123024859,0.0578418123024859,20.6070654267678,5,15,18.456132873372788,22.734015946835278,0.06447641374457401,5,15,0.05811539409679922,0.0708374333923488,232.1150894804664,5,15,209.21541874847722,255.01476021245563,0.9163389501117202,5,15,0.914691979250873,0.9182014103109234,1.0,5,15,1.0,1.0,0.9163389501117202,5,15,0.914691979250873,0.9182014103109234,0.05618775590148291,5,15,0.05618775590148291,0.05618775590148291
scaffold,equal_K,Modern-augmented,bace,classification,4,shared_morgan_linear,0.03435268562315148,5,15,0.023401793190120018,0.04790730462162677,0.022452623001886943,5,15,0.010303772546351819,0.03195962359900302,0.011900062621264543,5,15,0.0,0.035387329468057255,0.08360091543026307,5,15,0.0,0.24971571014903873,1.0,5,15,1.0,1.0,0.6985507246376811,5,15,0.28115942028985497,1.0,0.011743633423396356,5,15,0.0,0.03523090027018907,112.75121701326377,5,15,112.6555361532063,112.81897419995707,0.00019922305530484528,5,15,9.039292322008171e-05,0.00028363139614768536,0.717202999097443,5,15,0.32541452359229417,1.0210730261316674,0.8,5,14,0.4,1.0,0.5876713896432211,5,15,0.4081518171863922,0.7943937058926807,0.39384162942949513,5,15,0.18785683341461187,0.5834365631175429,0.189326239941815,5,15,0.0,0.5679787198254449
scaffold,equal_K,Modern-augmented,bace,classification,8,shared_morgan_linear,0.05008452289746488,5,15,0.04165742965816978,0.05939220442953932,0.03586810934247064,5,15,0.026006286355582976,0.047246239518589736,0.014216413554994242,5,15,0.010897459019775516,0.017710084961132126,0.0927639213062427,5,15,0.06953144811991128,0.11599639449257411,0.5733333333333334,5,15,0.4666666666666666,0.7866666666666667,0.2848020434227331,5,15,0.15859063932086243,0.3605288858838555,0.010493808544397822,5,15,0.008494573865620542,0.012766596054505266,116.06686813994698,5,15,115.82467710654407,116.28098466004012,0.00030912445556693127,5,15,0.00022407957276822125,0.0004043110397848076,1.1128480400409524,5,15,0.8066864619655965,1.469556299071464,0.679386519266023,5,15,0.504585348034583,0.8361741227619184,0.6665266641835225,5,15,0.5667556238781973,0.7746179507176555,0.4688176810373226,5,15,0.3638645295657271,0.5693870781187469,0.149958936303223,5,15,0.08455821329125993,0.24168752040473693
scaffold,equal_K,Modern-augmented,bace,classification,16,shared_morgan_linear,0.079639128035472,5,15,0.07467426197906189,0.08616148115980761,0.07380935118845709,5,15,0.06520789741538857,0.08299591182353008,0.005829776847014919,5,15,0.0019760855187390828,0.009683468175290755,0.028495035743400766,5,15,0.009024655408860615,0.04919032280591269,0.7538461538461539,5,15,0.5897435897435898,0.9179487179487179,0.48814323301294715,5,15,0.29091402004545885,0.6806765123383522,0.0021720233338956337,5,15,-0.001235592690138117,0.00665971032784188,121.99643074663666,5,15,121.63228863312398,122.32347583346613,0.0006052622049500182,5,15,0.0005391894964853591,0.0006812291913714456,2.1789439378200655,5,15,1.9224511559385633,2.452425088937204,0.9160354978068934,5,15,0.8606585591044699,0.971412436509317,1.0238192598583642,5,15,1.0048683367224258,1.0400162022548547,0.937483678305646,5,15,0.8730413568860833,1.0019259997252088,0.027244353820535895,5,15,-0.014901441600470572,0.08200976750857743
scaffold,equal_K,Modern-augmented,bace,classification,32,shared_morgan_linear,0.08427139233591574,5,15,0.07948146119882113,0.09062032041323918,0.07930969320513923,5,15,0.07159596846104345,0.08687884799946144,0.004961699130776516,5,15,0.0021153003330347236,0.00813951569557767,0.02312773920414576,5,15,0.009086710260560935,0.03863306236519912,0.4850574712643678,5,15,0.26436781609195403,0.7793103448275862,0.4651478630220701,5,15,0.22822851715153228,0.7518625649610338,0.0035019619747853913,5,15,0.0009886975164752861,0.006695163101338308,187.05120179331476,5,15,183.73184469327876,191.00045166660567,0.0004243364483951672,5,15,0.0003734901330427722,0.00047375762959894746,1.5276112142226022,5,15,1.3511416239549747,1.705527466556211,0.9290714009182743,5,15,0.8786810018472988,0.9732884225957781,1.0712256731948249,5,15,1.0527474810281838,1.0897038653614661,0.9947178138371722,5,15,0.9529855460153452,1.0364500816589994,0.05664535691691443,5,15,0.013042723839072443,0.10624642673924312
scaffold,equal_K,Modern-augmented,clintox,classification,4,shared_morgan_linear,0.08441523004154908,5,15,0.07119019287096758,0.10121419984971833,0.08322018844695225,5,15,0.06906151938110856,0.10095173514861011,0.001195041594596824,5,15,0.0,0.00352252697471378,0.011242792415246904,5,15,0.0,0.03328960033637857,1.0,5,15,1.0,1.0,0.8144927536231883,5,15,0.6289855072463768,1.0,0.0,5,15,0.0,0.0,110.4931665067949,5,15,110.39232404688762,110.59184638008398,0.0007534993971623004,5,15,0.0006261424542136571,0.0009139938817706985,2.712597829784282,5,15,2.2541128351691664,3.2903779743745147,1.0,5,13,1.0,1.0,1.0611725051262546,5,15,0.8744897813806267,1.290425062833498,1.0492778852418825,5,15,0.8512464303870443,1.2849994924640273,0.0,5,15,0.0,0.0
scaffold,equal_K,Modern-augmented,clintox,classification,8,shared_morgan_linear,0.10788121730082705,5,15,0.09234788259697692,0.12351436553615291,0.07292521576047502,5,15,0.05145987713892821,0.09605405781833673,0.034956001540352014,5,15,0.019028541142131296,0.05549544184099568,0.17883851891620048,5,15,0.11212392377426114,0.2627197859633702,0.68,5,15,0.2533333333333333,1.0,0.17878446397716172,5,15,0.005454135677259378,0.36052888588385545,0.022414097052334554,5,15,0.0025741310022631505,0.048801840379844356,113.73712342010501,5,15,113.56955966015812,113.9317604866422,0.0006416667610039386,5,15,0.0004528931437349787,0.0008621277047092134,2.310000339614179,5,15,1.630415317445923,3.103659736953168,0.6235808282648313,5,15,0.4473638645565311,0.7690789038816039,1.0456357271413832,5,15,0.814470013680068,1.2768014406026986,0.6934242129007935,5,15,0.47939258058425943,0.937994362404571,0.22322080008279946,5,15,0.061537682421460536,0.44383566151318304
scaffold,equal_K,Modern-augmented,clintox,classification,16,shared_morgan_linear,0.15599705736718164,5,15,0.14349024105206626,0.16850387368229702,0.14232882327936786,5,15,0.1383230084320304,0.14583905495327032,0.01366823408781379,5,15,0.004066863158944008,0.023269605016683577,0.04657492674936248,5,15,0.015765989396173224,0.07803169782321921,0.6717948717948719,5,15,0.4256410256410256,0.9179487179487179,0.5083357476739042,5,15,0.3463260370220389,0.6745717986036444,-0.00375357518344058,5,15,-0.011265382363807771,0.005421467475693098,119.57206164007464,5,15,119.3182707602197,119.9324735198558,0.0011900338411517824,5,15,0.0011558339448142912,0.0012211884147320339,4.284121828146416,5,15,4.161002201331448,4.396278293035322,0.9084823014728938,5,15,0.8474979693930855,0.9694666335527021,1.4444728804699218,5,15,1.3141772810523022,1.568406919310568,1.3010096543626597,5,15,1.1998142946081105,1.4675001068339628,-0.0376640314136813,5,15,-0.10824402653835745,0.03999127663500143
scaffold,equal_K,Modern-augmented,clintox,classification,32,shared_morgan_linear,0.18482482458916244,5,15,0.17173669137781528,0.19640411047416245,0.17602339254329571,5,15,0.16206989090814902,0.18853492747513814,0.00880143204586675,5,15,0.0015717509624319614,0.016031113129301538,0.02761663617012844,5,15,0.005533356700529632,0.04969991563972725,0.8528735632183908,5,15,0.7057471264367816,1.0,0.7945821966344088,5,15,0.6255215266078604,0.9618250099940052,0.004768010451661064,5,15,0.0,0.012826489983824806,186.47660509340153,5,15,182.38483372014406,191.0861383265078,0.0009514517381890158,5,15,0.0008600908356847824,0.001035829564403103,3.4252262574804577,5,15,3.096327008465217,3.7289864318511703,0.9536394421525525,5,15,0.9163205032436311,0.9909583810614737,1.5222057832781821,5,15,1.4813913135466545,1.5710105170465878,1.454473894264356,5,15,1.3729400209299185,1.5360077675987935,0.035081182424145076,5,15,0.0,0.09255172772703318
scaffold,equal_K,Modern-augmented,esol,regression,4,shared_morgan_linear,1.8566891852221947,5,15,1.8088295599305777,1.911732890745371,1.3887104614835504,5,15,1.2588125308154896,1.5493589602996114,0.46797872373864413,5,15,0.35314275393533234,0.5858285066279252,0.27209605775172185,5,15,0.2089230900505546,0.3260761832784823,1.0,5,15,1.0,1.0,0.30434782608695643,5,15,0.14202898550724632,0.48985507246376797,0.059116056199371235,5,15,-0.0897560269285909,0.17580763405526995,108.08411952668489,5,15,106.64074495328437,110.42241668007723,0.01288682325416191,5,15,0.011779903701685027,0.014142089230674587,46.39256371498287,5,15,42.4076533260661,50.893363212442196,0.6893216553836152,5,15,0.5769420227767003,0.7824703185707682,1.4427770124578516,5,15,1.394490247072515,1.5038144207368098,0.9982875713245607,5,15,0.8083745322265983,1.1864556470289627,0.05034513036235396,5,15,-0.027626483624727673,0.1128751670648217
scaffold,equal_K,Modern-augmented,esol,regression,8,shared_morgan_linear,2.201285844343415,5,15,2.201285844343415,2.201285844343415,2.061947907987034,5,15,1.8222946670339222,2.201285844343415,0.139337936356381,5,15,0.0,0.3789911773094927,0.04867121857808745,5,15,0.0,0.13238291675870856,1.0,5,15,1.0,1.0,0.8990308767185035,5,15,0.7980617534370069,1.0,0.139337936356381,5,15,0.0,0.3789911773094927,108.8541486533669,5,15,107.43692194657633,111.13479343346167,0.018985443944384416,5,15,0.01667923955419199,0.02049262465766614,68.3475981997839,5,15,60.045262395091164,73.77344876759813,0.9513287814218956,5,15,0.8676170832412453,1.0,1.7324450658480188,5,15,1.7283568911800853,1.7360788171426988,1.671451946577551,5,15,1.5678512208340334,1.734617443486103,0.060993119270467876,5,15,0.0,0.16605521867058132
scaffold,equal_K,Modern-augmented,esol,regression,16,shared_morgan_linear,2.212110615271258,5,15,2.2081959593056673,2.2158269993280117,2.0654629283771238,5,15,1.8855797221607347,2.158535078099611,0.1466476868941339,5,15,0.05558057968352238,0.3231047578627231,0.054279492149452456,5,15,0.01402368959829169,0.12023350226199214,0.5076923076923077,5,15,0.3435897435897436,0.5897435897435898,0.3336470161884147,5,15,0.22094460877842134,0.4012684606344107,0.13582291596629112,5,15,0.04275076624380407,0.3150152172942299,111.27160508002854,5,15,109.92736137993634,113.4621192534726,0.018605943603976834,5,15,0.016673237568812144,0.019617605497209624,66.98139697431661,5,15,60.02365524772372,70.63705426479234,0.9376837802669064,5,15,0.8759583436643268,0.9701808825541315,1.712612926969897,5,15,1.707755828142369,1.7168197104658602,1.6104169467682912,5,15,1.5350022786098045,1.653725427954172,0.09671619397052907,5,15,0.053808425885354796,0.17641914238292528
scaffold,equal_K,Modern-augmented,esol,regression,32,shared_morgan_linear,2.2439746887799368,5,15,2.2257967108585115,2.262657938692011,2.1907526338180223,5,15,2.1907526338180223,2.1907526338180223,0.05322205496191429,5,15,0.03504407704048907,0.07140003288333951,0.02157549953786972,5,15,0.013288573506103291,0.030380813410656654,-0.029885057471264364,5,15,-0.10344827586206898,0.11724137931034484,0.03447382211683249,5,15,0.010223656553972303,0.056229413740684,0.010533210525392578,5,15,0.010533210525392578,0.010533210525392578,138.7093435266521,5,15,137.77459710673043,139.87440323317813,0.015824579103190538,5,15,0.015687744666912085,0.015954276900774365,56.96848477148593,5,15,56.47588080088351,57.43539684278771,0.9768717531866891,5,15,0.9682481896850799,0.9854953166882983,1.7194405003072817,5,15,1.7018930721781185,1.7380052726341035,1.6788815341399634,5,15,1.6767738533908638,1.6812649834171445,0.012329803736064378,5,15,0.012322647525690542,0.012336131962549346
similarity_cluster,equal_K,Classical multiview,bace,classification,4,shared_morgan_linear,0.12316138901825986,5,15,0.1097784734043065,0.1365443046322132,0.03763994618167897,5,15,0.017825200822661955,0.05860293555311008,0.08552144283658088,5,15,0.062208566143824785,0.108834319529337,0.6413815699797779,5,15,0.5540546616909833,0.7326315321532866,0.4666666666666667,5,15,-0.06666666666666665,1.0,0.04927536231884052,5,15,-0.08985507246376818,0.16521739130434776,0.07970048675538996,5,15,0.051162813701690256,0.10823815980908966,1.9823512333173607,5,15,1.8597413133286556,2.1078380332949256,0.01908745524111324,5,15,0.007978369231343953,0.0332333432382748,68.71483886800766,5,15,28.722129232838228,119.39739194590695,-0.6652924183864151,5,14,-1.14884624818137,-0.05448407129949499,1.7454727274419426,5,11,1.3670836606593588,2.102146852702672,0.36441269636943174,5,11,-0.9809459766312522,1.4456830848234543,1.2513736707515772,5,11,0.4283341833639115,2.435026713430552
similarity_cluster,equal_K,Classical multiview,bace,classification,8,shared_morgan_linear,0.16221181759106226,5,15,0.14591736149178236,0.17850627369034217,0.11086627713412862,5,15,0.09820809766065242,0.12384773976332211,0.051345540456933667,5,15,0.030990109189093628,0.07351155385747576,0.2579952307729402,5,15,0.15996494478289267,0.35429600417145896,0.36,5,15,0.14666666666666667,0.4666666666666666,0.06375178423859965,5,15,-0.07556156562241757,0.2060701675306138,0.01178822270856546,5,15,0.0014842444483828359,0.02243982876321815,5.983619753333428,5,15,5.748618613330956,6.2186208933359,0.018525094380994832,5,15,0.01630158594538917,0.02050671013801756,66.69033977158138,5,15,58.685709403401006,73.8241564968632,0.6691820408777299,5,15,0.5397945910313215,0.7985694907241383,1.4264963565309694,5,14,1.2169122669193233,1.6167217515859433,1.0402939020926345,5,14,0.851394247706267,1.2567654902136467,0.07395013182786955,5,14,0.004174268170570204,0.17908764587758114
similarity_cluster,equal_K,Classical multiview,bace,classification,16,shared_morgan_linear,0.17515641750963867,5,15,0.16252267655472988,0.18609985469236495,0.12470684081601249,5,15,0.10553672234884551,0.14387695928317948,0.050449576693626194,5,15,0.03997141474132904,0.059723695677361174,0.2510717937039709,5,15,0.20454787555549653,0.29183666318406265,0.015384615384615385,5,15,-0.1487179487179487,0.1794871794871795,0.003067947918266667,5,15,-0.10303212221947222,0.1450851550288854,0.021064031528963266,5,15,0.003539765886639868,0.03858829717128666,15.127425766685823,5,15,14.577804413317546,15.598766886741696,0.008186500506437367,5,15,0.006998395553043683,0.009374605459831048,29.471401823174517,5,15,24.98320294225152,33.74857965539177,0.6636243369526006,5,15,0.5586706079466557,0.7685780659585453,1.3761139463952998,5,15,1.2120864589731366,1.5522430250051154,0.8347447169360883,5,15,0.6334810643986215,1.057521373832083,0.3796014045636099,5,15,0.06176576606431082,0.7638705608522895
similarity_cluster,equal_K,Classical multiview,bace,classification,32,shared_morgan_linear,0.17630314341675812,5,15,0.16389142593363476,0.18677371484258182,0.12146489146806508,5,15,0.10063085861562535,0.1415586155795613,0.05483825194869307,5,15,0.03599305609937156,0.07368344779801458,0.23201040866245548,5,15,0.15583197200644797,0.30946488568516917,-0.029885057471264364,5,15,-0.10344827586206898,0.11724137931034484,-0.0004176311098782304,5,15,-0.055905234221369504,0.07194023998481781,0.0243059808769107,5,15,0.003286104917333012,0.047557892933964,33.21824372013022,5,15,30.623650013364387,37.17790460016113,0.003655247652616235,5,15,0.002939567575983201,0.004310257461940546,13.158891549418446,5,15,10.582443273539521,15.516926862985963,0.6649328701025525,5,15,0.539663051328381,0.7851078095028204,1.3548664663983718,5,15,1.1979162201364157,1.5428066695614573,0.8978889121091894,5,15,0.6891037491252419,1.1325761295962056,0.29272511237044013,5,15,0.09938580553083942,0.4623596261246349
similarity_cluster,equal_K,Classical multiview,clintox,classification,4,shared_morgan_linear,0.11690847703659339,5,15,0.10852362057348208,0.12529333349970467,0.09312459966892099,5,15,0.07242529926047929,0.11382390007736269,0.023783877367672384,5,15,0.007779081453337019,0.039785994443196644,0.21373579272195617,5,15,0.064396763149031,0.3630748222948813,1.0,5,15,1.0,1.0,0.3275362318840579,5,15,-0.0434782608695653,0.7217391304347825,0.016712210825784245,5,15,0.0042854142230873546,0.029040224434961286,2.1220546133505795,5,15,2.0197091666748745,2.224400060026285,0.04370676217943378,5,15,0.035569738731884695,0.051843785626982865,157.3443438459616,5,15,128.05105943478492,186.63762825713826,0.768576643540489,5,15,0.6015500502307457,0.9356032368502326,1.700484805383541,5,15,1.5069490919921704,1.8563611292455433,1.3346002295385215,5,15,1.045817765423037,1.623382693654006,0.2346522001450666,5,15,0.05549109726533521,0.44917556231459904
similarity_cluster,equal_K,Classical multiview,clintox,classification,8,shared_morgan_linear,0.17862523188007956,5,15,0.16313023549865657,0.19529158660045084,0.16727657366507787,5,15,0.15568314159034385,0.18172940946486654,0.011348658215001677,5,15,0.007447093908312723,0.015267557637277088,0.06117663864889196,5,15,0.043153961334323684,0.08534077259174447,0.8933333333333333,5,15,0.6799999999999999,1.0,0.31845841784989853,5,15,0.11652017128690553,0.5456389452332657,0.005696555281042811,5,15,0.004785152188199268,0.006607958373886354,5.9391602599915725,5,15,5.781073566634827,6.097246953348317,0.028276077456252192,5,15,0.02657504419355717,0.03015727095377972,101.7938788425079,5,15,95.6701590968058,108.56617543360699,0.9388233613507578,5,15,0.9158988728891517,0.956846038665429,1.6597403781638804,5,15,1.5408848254835834,1.7954246474607576,1.5586534049005238,5,15,1.4398006880236613,1.7030549893611724,0.04316608430290571,5,15,0.0257985257144434,0.05896092461735155
similarity_cluster,equal_K,Classical multiview,clintox,classification,16,shared_morgan_linear,0.20010200643857154,5,15,0.18849713633300896,0.2105194009799273,0.1955945904353107,5,15,0.18646049096187606,0.20609756224368417,0.004507416003260871,5,15,0.0014085415054944244,0.007834427225008902,0.023857509283783423,5,15,0.008120560696406695,0.04240163011024947,0.7538461538461539,5,15,0.5897435897435898,0.9179487179487179,0.5852148898714354,5,15,0.4451418978047294,0.8007582440430475,0.0019440493124703562,5,15,0.00018571202781728264,0.004706021811284959,15.153202606679406,5,15,14.596869533365435,15.709535679993374,0.013011837630461463,5,15,0.012498926027322799,0.013524749233600123,46.84261546966127,5,15,44.99613369836208,48.68909724096046,0.9761424907160879,5,15,0.9575983698895201,0.991879439303544,1.7845699758755331,5,15,1.5883001832363388,2.031899672686423,1.7416280345202761,5,15,1.5434052554427793,2.0049646821708653,0.024341278372960774,5,15,0.002770409666961273,0.0590488893038391
similarity_cluster,equal_K,Classical multiview,clintox,classification,32,shared_morgan_linear,0.20334687180255054,5,15,0.1923378711121094,0.21411083867801323,0.1936995166912064,5,15,0.18373023300308616,0.20454988749136924,0.009647355111344085,5,15,0.006883250979511442,0.012977849733389942,0.04617979599623921,5,15,0.03150478196134781,0.06310992014301572,0.4114942528735632,5,15,0.11724137931034484,0.632183908045977,0.25913251538365795,5,15,0.09979737852530346,0.41846765224201243,0.0038391230565746337,5,15,0.0012896899669753085,0.006671387453936005,31.3967421800131,5,15,30.745347293322748,32.18474997343728,0.006213466218218421,5,15,0.006056505050215091,0.006400479511039036,22.368478385586315,5,15,21.803418180774326,22.93388164168877,0.9537289380592118,5,15,0.9383002828941768,0.9684039520941894,1.66700511803859,5,15,1.5511304272932709,1.7816225710627407,1.5901975906176737,5,15,1.4892411986479999,1.6889749620529515,0.03242886937482918,5,15,-0.006555276162283475,0.06946287222016839
similarity_cluster,equal_K,Classical multiview,esol,regression,4,shared_morgan_linear,1.9285584097504063,5,15,1.8152668610532836,2.0164310204009044,1.9285584097504063,5,15,1.8105692793723194,2.0164310204009044,0.0,5,15,0.0,0.0,0.0,5,15,0.0,0.0,1.0,5,15,1.0,1.0,1.0,5,15,1.0,1.0,0.0,5,15,0.0,0.0,0.557986126712057,5,15,0.5465839000535191,0.5692733600735658,3.4777256846966913,5,15,3.2260526130041773,3.6829288736812353,12519.81246490809,5,15,11536.039055040717,13258.602870120534,1.0,5,15,1.0,1.0,1.466926278403484,5,15,1.4219258375944404,1.5186068933103436,1.466926278403484,5,15,1.4219258375944404,1.5186068933103436,0.0,5,15,0.0,0.0
similarity_cluster,equal_K,Classical multiview,esol,regression,8,shared_morgan_linear,1.9823385927688413,5,15,1.8737141728399482,2.0806020695237493,1.9680687997189856,5,15,1.8414784660913497,2.0766903985060785,0.014269793049855664,5,15,0.00044073076971657966,0.0323320224637763,0.00742928938662867,5,15,0.00023492500438047247,0.01730399922096871,1.0,5,15,1.0,1.0,0.7475771917962587,5,15,0.5288107580196829,0.9495154383592517,0.009251480091818604,5,15,0.0,0.027754440275455816,2.9916269867758567,5,15,2.9563945667430125,3.0210008267701283,0.6586146222717076,5,15,0.6109621934645605,0.7009303983976157,2371.0126401781467,5,15,2201.0563685138354,2523.3494342314166,0.992434193552208,5,15,0.9825594837178626,0.9997650749956193,1.4878706713111272,5,15,1.4432091799444386,1.5406547143458151,1.4760882604084944,5,15,1.4411968604763457,1.5139620612278242,0.0081014258220883,5,15,0.0,0.024304277466264904
similarity_cluster,equal_K,Classical multiview,esol,regression,16,shared_morgan_linear,2.044344205290979,5,15,1.9197808637944793,2.153403357877039,2.0387729363565366,5,15,1.9148900981872512,2.1484457863156794,0.0055712689344426265,5,15,0.004754707854556717,0.0063878300143285355,0.0027829154727746497,5,15,0.00234030077591734,0.0032117286265887232,1.0,5,15,1.0,1.0,0.6337171759175216,5,15,0.5210147685075285,0.746419583327515,0.0020092708115285072,5,15,0.0,0.004553432204684811,9.459122266826062,5,15,9.199461366822167,9.685788973463541,0.21650550646853603,5,15,0.19943899956113523,0.2309060258536831,779.4198232867298,5,15,717.9803984200868,831.261693073259,0.997217084527224,5,15,0.9967882713734098,0.9976596992240816,1.474484071355987,5,15,1.4462329433195928,1.5071556828752841,1.470314770686731,5,15,1.442845479225492,1.5028480179842434,0.0014699852844737762,5,15,0.0,0.003377774139240157
similarity_cluster,equal_K,Classical multiview,esol,regression,32,shared_morgan_linear,2.048918220193784,5,15,1.9294444352075153,2.157358645117241,2.0315058200101466,5,15,1.8907405309907876,2.1501885751128103,0.017412400183637523,5,15,0.005295534709200086,0.035187835966584,0.008830687697528131,5,15,0.0025316641668145035,0.018397091445853254,0.7793103448275862,5,15,0.632183908045977,0.9264367816091955,0.4173769382418412,5,15,0.24831626821529276,0.6164322432730998,0.01293981185366746,5,15,0.0002150785105624461,0.03151806256398532,19.569003400128953,5,15,18.859841846717366,20.55659987352943,0.10398479421959535,5,15,0.09794010880550932,0.10965094156081634,374.34525919054323,5,15,352.58439169983365,394.74338961893875,0.9909474812457593,5,15,0.981381077497429,0.9974683358331843,1.4562676301423432,5,15,1.4315433053718918,1.4915499771677436,1.4426359860684614,5,15,1.4229091811770749,1.4651373328205533,0.0102673278285851,5,15,8.723112012048453e-05,0.025462178183105262
similarity_cluster,equal_K,Homogeneous Morgan,bace,classification,4,shared_morgan_linear,0.08035797976134375,5,15,0.06439517814954183,0.09632078137314566,0.05194783213190066,5,15,0.03711490385562107,0.06834924939653599,0.028410147629443078,5,15,0.015514651433407361,0.05010972947501032,0.3440845878658865,5,15,0.2887710227549885,0.4101494075161024,-0.06666666666666667,5,15,-0.3333333333333333,0.4666666666666667,0.3739130434782608,5,15,0.19999999999999993,0.5478260869565217,0.013063902844924735,5,15,0.0,0.0391917085347742,0.6815002599925105,5,15,0.6663507732834348,0.693703153349148,0.08055429595323853,5,15,0.056521416958239014,0.10860162554378354,289.9954654316588,5,15,203.47710104966046,390.9658519576208,0.5389072023408232,5,11,-0.11444201312911292,0.9770545400505275,1.0,5,11,1.0,1.0,0.5389072023408232,5,11,-0.11444201312911292,0.9770545400505275,0.1,5,11,0.0,0.3
similarity_cluster,equal_K,Homogeneous Morgan,bace,classification,8,shared_morgan_linear,0.12563009383859905,5,15,0.11328221004990284,0.1379779776272953,0.09987474829905804,5,15,0.07993167381298134,0.1218122902873775,0.02575534553954103,5,15,0.014096464028231734,0.03575458992152104,0.17327338223876093,5,15,0.09284316345278638,0.24034396827767948,0.4666666666666666,5,15,0.14666666666666667,0.7866666666666666,0.1670047329276538,5,15,0.05341446923597022,0.2679738562091504,0.0077276711440469326,5,15,-0.0016185337987939818,0.01708396015282724,2.9125578800565552,5,15,2.5515507934149344,3.35707680673804,0.03556073357027575,5,15,0.027241872636090243,0.0448424638367495,128.0186408529927,5,15,98.07074148992488,161.43286981229818,0.7395857280943849,5,14,0.6384645544117689,0.8627613278162833,1.0,5,14,1.0,1.0,0.7395857280943849,5,14,0.6384645544117689,0.8627613278162833,0.09555703229137406,5,14,0.0006331797370994471,0.1837127944629849
similarity_cluster,equal_K,Homogeneous Morgan,bace,classification,16,shared_morgan_linear,0.14139978925126495,5,15,0.1300237378545852,0.15439832197845524,0.10618747661591202,5,15,0.09096760780035933,0.1280370738257123,0.03521231263535293,5,15,0.02600040391217797,0.04213832343473723,0.21627624404562598,5,15,0.14580175858904218,0.27531510515964264,0.2615384615384616,5,15,-0.06666666666666665,0.5897435897435898,0.12249255384382625,5,15,-0.0007757042608539012,0.2744782522981682,0.01553161849258326,5,15,0.009765497382127048,0.02129773960303947,19.54822312667966,5,15,14.021295353374445,27.07615170002682,0.006198365108971374,5,15,0.004072165250670166,0.00849717187886188,22.314114392296943,5,15,14.858881829242303,30.589818763902763,0.6990144206360952,5,15,0.597908582448448,0.8091715855210622,1.0,5,15,1.0,1.0,0.6990144206360952,5,15,0.597908582448448,0.81120531277467,0.11660413453198745,5,15,0.04711100355686419,0.1821326835092149
similarity_cluster,equal_K,Homogeneous Morgan,bace,classification,32,shared_morgan_linear,0.1468583577993289,5,15,0.13610922893531585,0.15926436693177407,0.1077968972034348,5,15,0.09244113163186475,0.12978239116925241,0.03906146059589409,5,15,0.029519106374073074,0.04612615935846653,0.2230268157185656,5,15,0.1582397730178767,0.2663172335883185,0.19080459770114944,5,15,-0.029885057471264364,0.4114942528735632,0.13814694378253342,5,15,0.013866142985239211,0.3029468129195238,0.013661189122947292,5,15,0.004473789900638514,0.022331482298159535,35.00818517336933,5,15,25.03128935341956,46.94187822665553,0.0034653694532494938,5,15,0.002336206837475193,0.004685871100605663,12.475330031698176,5,15,8.79129650238741,16.869135962180387,0.6971533982005917,5,15,0.5942803463101957,0.811423861258065,1.0,5,15,1.0,1.0,0.6971533982005917,5,15,0.591289125150675,0.8144150824175858,0.04568251890421373,5,15,-0.040074097018176526,0.12741949347122286
similarity_cluster,equal_K,Homogeneous Morgan,clintox,classification,4,shared_morgan_linear,0.07232058928734832,5,15,0.06470546030795338,0.08027896317370005,0.07232058928734832,5,15,0.06470546030795338,0.08027896317370005,0.0,5,15,0.0,0.0,0.0,5,15,0.0,0.0,1.0,5,15,1.0,1.0,1.0,5,15,1.0,1.0,0.0,5,15,0.0,0.0,0.5889599066615718,5,15,0.5738015466292071,0.6076216399941274,0.12372963317116888,5,15,0.1109989038723768,0.14001046468122283,445.42667941620783,5,15,399.59605394055643,504.0376728524021,1.0,5,15,1.0,1.0,1.0,5,15,1.0,1.0,1.0,5,15,1.0,1.0,0.0,5,15,0.0,0.0
similarity_cluster,equal_K,Homogeneous Morgan,clintox,classification,8,shared_morgan_linear,0.11629389084375234,5,15,0.10484733348306756,0.13123237503431406,0.08728995616114729,5,15,0.07258496377263689,0.10135114338715445,0.029003934682605044,5,15,0.01822634615224643,0.039512261569048225,0.2668610944516172,5,15,0.16590356331695927,0.3564466176237383,0.6799999999999999,5,15,0.2533333333333333,1.0,0.2208549320111186,5,15,-0.01978814514311475,0.46486364660806856,0.019453230931762797,5,15,0.012226267125851606,0.027728698227313157,2.431382386646387,5,15,2.2984056399630677,2.6389015799931546,0.03588225801020433,5,15,0.030806107473151007,0.04162141506231595,129.17612883673556,5,15,110.7672273215866,149.8370942243374,0.7102576281751942,5,15,0.5744241438599094,0.8337691091151905,1.0,5,15,1.0,1.0,0.7102576281751942,5,15,0.5744241438599094,0.8245627717630043,0.18482018666303585,5,15,0.1193565721514404,0.25097646884808184
similarity_cluster,equal_K,Homogeneous Morgan,clintox,classification,16,shared_morgan_linear,0.1228137763802584,5,15,0.10889046941678522,0.13912991939307728,0.08994321537604087,5,15,0.07607980210127026,0.10760254714548342,0.03287056100421752,5,15,0.027719079883207293,0.03871898214003479,0.32628962036777287,5,15,0.25283086626813656,0.3931821525293253,0.015384615384615403,5,15,-0.23076923076923075,0.3435897435897436,-0.04908189637463353,5,15,-0.11845786547811107,0.020294072728844016,0.013034883914385297,5,15,0.006513958556894792,0.020986083035944576,16.25881282664292,5,15,13.944791993316418,20.47436159331507,0.0057894385771209474,5,15,0.00450273930405233,0.007272902282187237,20.841978877635405,5,15,16.209861494588388,26.182448215874047,0.6334324676283261,5,15,0.5315929956981644,0.7351450986672501,1.0,5,15,1.0,1.0,0.6334324676283261,5,15,0.5315929956981644,0.7350087099251786,0.15959729723768007,5,15,0.051271922129968964,0.26792267234539124
similarity_cluster,equal_K,Homogeneous Morgan,clintox,classification,32,shared_morgan_linear,0.1288219660103317,5,15,0.11673383910226016,0.1410945571610392,0.0989024169598962,5,15,0.08095749835708284,0.11604287805811353,0.02991954905043548,5,15,0.02513496876377762,0.035247903720895424,0.27677649192331655,5,15,0.2032571334179941,0.36377753536177265,0.04367816091954024,5,15,-0.10344827586206898,0.19080459770114944,0.130940188516784,5,15,-0.0010936664905399566,0.262974043524108,0.013210301714456838,5,15,0.005083892757022939,0.024351047723623943,31.990457893291023,5,15,27.12324000665297,40.836296573250245,0.0032619642644285156,5,15,0.0024442525620398965,0.0040660216254945585,11.743071351942655,5,15,8.985194545939873,14.637677851780413,0.6918185487615195,5,15,0.574376160607489,0.7815966189336649,1.0,5,15,1.0,1.0,0.6918185487615195,5,15,0.574376160607489,0.7846392102259048,0.1659332978550716,5,15,0.0578249739665994,0.33228439061474363
similarity_cluster,equal_K,Homogeneous Morgan,esol,regression,4,shared_morgan_linear,1.3255368459298997,5,15,1.2143827866626051,1.4208119942945012,1.3255368459298997,5,15,1.2143827866626051,1.4208119942945012,0.0,5,15,0.0,0.0,0.0,5,15,0.0,0.0,1.0,5,15,1.0,1.0,1.0,5,15,1.0,1.0,0.0,5,15,0.0,0.0,0.22176395998879564,5,15,0.20332257332435413,0.25094235336873594,6.169348328702202,5,15,5.126412981515591,6.927536660883957,22209.653983327928,5,15,18293.388474636857,24939.131979182246,1.0,5,15,1.0,1.0,1.0,5,15,1.0,1.0,1.0,5,15,1.0,1.0,0.0,5,15,0.0,0.0
similarity_cluster,equal_K,Homogeneous Morgan,esol,regression,8,shared_morgan_linear,1.3441226078224167,5,15,1.2181889655434444,1.4546935692537573,1.3208053359691223,5,15,1.1998001301751589,1.419339352576242,0.02331727185329434,5,15,0.012439604384006547,0.03569387567256245,0.01691473610577574,5,15,0.009147749165178196,0.02460843281638981,1.0,5,15,1.0,1.0,0.5456389452332657,5,15,0.49515438359251746,0.6466080685147622,0.0009620112073404448,5,15,-0.0056979358943721374,0.007621958309053027,1.568656053328109,5,15,1.384956913332764,1.7906344800256178,0.8675250419698324,5,15,0.6946326795883124,1.0041279639795992,3123.0901510913964,5,15,2500.677646517924,3614.8606703265564,0.9830852638942119,5,15,0.975391567183593,0.9908522508348151,1.0,5,15,1.0,1.0,0.9830852638942119,5,15,0.975391567183593,0.9907498638494504,0.0010300649507635612,5,15,-0.0038606623283617947,0.0059752191595052
similarity_cluster,equal_K,Homogeneous Morgan,esol,regression,16,shared_morgan_linear,1.395657481434794,5,15,1.2835288247472234,1.4952222134853286,1.3662012600484343,5,15,1.2597950831217528,1.456706590815131,0.029456221386359643,5,15,0.01705989857957267,0.04185254419314662,0.021512272440168116,5,15,0.012517081583124357,0.030506828954375738,0.8358974358974359,5,15,0.6717948717948719,1.0,0.45761966433940726,5,15,0.3026538541506665,0.563278171286276,0.013654371898802874,5,15,0.0029504654629831134,0.02625406591058871,15.048279993317554,5,15,10.93285450004817,20.70468327997951,0.10323597920074501,5,15,0.0706683310303711,0.12923037623190303,371.64952512268195,5,15,254.40599170933598,465.22935443485085,0.978487727559816,5,15,0.9694931710456022,0.9872207282817351,1.0,5,15,1.0,1.0,0.978487727559816,5,15,0.9687640587071978,0.9872207282817351,0.010730713596967837,5,15,0.0026236977017636246,0.020004104044552183
similarity_cluster,equal_K,Homogeneous Morgan,esol,regression,32,shared_morgan_linear,1.416797104748219,5,15,1.2987449167028529,1.5136242779467322,1.395911671637849,5,15,1.2816528574839217,1.499980972567452,0.02088543311037001,5,15,0.008561822919791507,0.03144431508374486,0.015509620563460596,5,15,0.00645416192693202,0.02309813015299477,0.4850574712643678,5,15,0.11724137931034484,0.7793103448275862,0.4619929249382414,5,15,0.2000604366925634,0.7709500599640311,0.0017310517773825307,5,15,-0.007244279122329692,0.010706382677094752,23.738852193319083,5,15,17.365000860024395,32.19949993334012,0.06674000856411415,5,15,0.045610196508680256,0.08415942548518006,240.26403083081095,5,15,164.69133431021683,302.9739317466482,0.9844903794365278,5,15,0.976901869846988,0.9925861934176321,1.0,5,15,1.0,1.0,0.9844903794365278,5,15,0.9769018698469878,0.9925861934176321,0.0019867253863585775,5,15,-0.004710222802865325,0.008683673575582479
similarity_cluster,equal_K,Modern-augmented,bace,classification,4,shared_morgan_linear,0.14661439392794515,5,15,0.12767675622800978,0.1655520316278805,0.03546769778759622,5,15,0.015052703212017673,0.055603127434292146,0.11114669614034893,5,15,0.07908752254832863,0.1345701586752047,0.574942579030871,5,15,0.41886943731298015,0.6627982699023096,-0.06666666666666665,5,15,-0.8666666666666668,0.7333333333333334,0.026086956521739056,5,15,-0.19420289855072476,0.22318840579710136,0.09046921131338778,5,15,0.06354231895964682,0.11112379862459205,150.85447488663485,5,15,148.76627906662955,153.00435822665457,0.00024119333698285395,5,15,0.00011261033810383826,0.00037595141912626036,0.8682960131382742,5,15,0.40539721717381794,1.3534251088545373,-0.8023430230676671,5,15,-2.46951897331629,0.35135331556617877,2.3509175657392083,5,11,1.4366026192995924,3.623957117382914,0.3630768298031172,5,11,-0.8339224730178205,1.172332759193485,1.3480479431140133,5,11,0.5165499416340642,2.711531071857892
similarity_cluster,equal_K,Modern-augmented,bace,classification,8,shared_morgan_linear,0.16424323481448205,5,15,0.14851256134816915,0.179973908280795,0.08181907940079945,5,15,0.05244536996203131,0.11792940970662329,0.08242415541368259,5,15,0.05229856940901053,0.10888180210776217,0.378125159431341,5,15,0.270484969002175,0.45520675088068785,-0.06666666666666667,5,15,-0.3866666666666666,0.2533333333333333,-0.044910224626249,5,15,-0.17040042070468037,0.1561866125760649,0.04397579869969591,5,15,0.02280022879197747,0.06605477864284597,153.51841696662595,5,15,151.487414286631,155.99403710003244,0.0005322807002226073,5,15,0.00034486978923765346,0.0007809719165227791,1.9162105208013862,5,15,1.2415312412555526,2.7572718376874557,0.45970931181364943,5,15,0.27069243903750045,0.652070231702193,1.4329374927204228,5,14,1.2248162422347921,1.6552579987537126,0.7523584215606831,5,14,0.5086547471423154,0.9834652598498753,0.12268506664862011,5,14,-0.05347562931158405,0.26256847055000176
similarity_cluster,equal_K,Modern-augmented,bace,classification,16,shared_morgan_linear,0.18017984166825807,5,15,0.16400809793542265,0.1963515854010935,0.10862046589117362,5,15,0.09832849279850231,0.12236157650311888,0.07155937577708446,5,15,0.053030085503903326,0.09016667101719467,0.30798177651542397,5,15,0.225385144877399,0.3893102166505421,0.09743589743589742,5,15,-0.14871794871794872,0.3435897435897436,0.043751809381040764,5,15,-0.07638539626503073,0.22944760290890748,0.03344643332266308,5,15,0.016410933472183878,0.05048193317314229,159.7232776466136,5,15,157.76167897321673,162.12271645339592,0.0006831038967300682,5,15,0.0006139536376686526,0.0007697781820882865,2.459174028228246,5,15,2.2102330956071494,2.7712014555178315,0.5872719829747968,5,15,0.4858082463793242,0.6921911042926994,1.3526708673816215,5,15,1.2046488286685557,1.4874692004717909,0.7738482903245282,5,15,0.6381950381299804,0.8893967080869508,0.12261584072889316,5,15,-0.03471771281185759,0.2799493942696439
similarity_cluster,equal_K,Modern-augmented,bace,classification,32,shared_morgan_linear,0.18946427140333838,5,15,0.17487595957764163,0.20405258322903513,0.12357701327552166,5,15,0.11014916128689538,0.13700486526414796,0.0658872581278167,5,15,0.05526928852381095,0.07963904585135942,0.2622988689225826,5,15,0.2023366480831669,0.31767703484420795,-0.029885057471264364,5,15,-0.10344827586206898,0.11724137931034484,-0.014935772805424088,5,15,-0.05288743269311783,0.030509496231594557,0.014374073509268653,5,15,0.0022893142331415666,0.026458832785395743,201.15212558657706,5,15,199.38334571993522,203.40784391988998,0.0006167052265332704,5,15,0.0005519774660411351,0.0006814329870254057,2.2201388155197734,5,15,1.9871188777480864,2.4531587532914605,0.6362060810712891,5,15,0.5545085095075317,0.7294765984832219,1.4422398465443529,5,15,1.2354291320552127,1.649050561033493,0.8616161683813477,5,15,0.7517248856155095,0.956383676149458,0.2230328228808741,5,15,-0.004971729090416426,0.4666062480479611
similarity_cluster,equal_K,Modern-augmented,clintox,classification,4,shared_morgan_linear,0.11048877825193615,5,15,0.1002933334997047,0.12016368861936728,0.10983681049470524,5,15,0.1007605250680043,0.11951172086213635,0.0006519677572309165,5,15,0.0,0.001955903271692749,0.00450173930833807,5,15,0.0,0.01350521792501421,1.0,5,15,1.0,1.0,0.9072463768115941,5,15,0.7217391304347827,1.0,0.0,5,15,0.0,0.0,145.43523122665937,5,15,144.51131833332278,146.70754863999704,0.0007540694967943157,5,15,0.0006908568930260621,0.0008262822216501842,2.7146501884595358,5,15,2.487084814893823,2.957182558504557,1.0,5,14,1.0,1.0,1.585944387194969,5,15,1.355836175153672,1.744588753195708,1.5692524296835881,5,15,1.3391442176422912,1.744588753195708,0.0,5,15,0.0,0.0
similarity_cluster,equal_K,Modern-augmented,clintox,classification,8,shared_morgan_linear,0.12566335379701032,5,15,0.1135769425935631,0.13854439619675077,0.09718010947235325,5,15,0.07855837139078138,0.11547555172901436,0.02848324432465705,5,15,0.0191088942127723,0.037241292539076445,0.12845015044614108,5,15,0.07779614904840623,0.1791041518438759,0.6799999999999999,5,15,0.4666666666666666,0.8933333333333333,0.3521147922770641,5,15,0.1333483585004883,0.5708812260536398,0.004834543684959192,5,15,-0.0009909493981516229,0.012175159924467382,148.2905163266657,5,15,147.42678366667047,149.46172857331888,0.0006550512460089508,5,15,0.0005312099965690002,0.0007897408953997338,2.358184485632223,5,15,1.9123559876484009,2.843067223439041,0.7227844531121025,5,15,0.5721042179729627,0.868032919888979,1.11203532342383,5,15,1.0343326386264937,1.1971615449716577,0.8142132689252348,5,15,0.6560397497798104,0.9754776175430434,0.030614914227595418,5,15,-0.01643752530440303,0.07980973507986598
similarity_cluster,equal_K,Modern-augmented,clintox,classification,16,shared_morgan_linear,0.1796447763553027,5,15,0.16313023549865657,0.19796049512115999,0.16235125360817887,5,15,0.14172037342051197,0.18149253824461584,0.017293522747123834,5,15,0.009670439137198126,0.025150930015888445,0.06271339747136079,5,15,0.031078717606317745,0.10067027389523338,0.6717948717948719,5,15,0.4256410256410256,0.9179487179487179,0.37943236919872436,5,15,0.19558656711117287,0.6020196238334611,0.010621875337941818,5,15,0.004785152188199268,0.021280508347682865,154.24828551332078,5,15,153.42215164002263,155.33594441326565,0.0010515226492198689,5,15,0.000920143305562756,0.0011757280610500127,3.785481537191528,5,15,3.3125159000259217,4.232621019780046,0.9147106293420626,5,15,0.8863463202416281,0.943074938442497,1.5443484044912328,5,15,1.3741357468588749,1.7202994497733772,1.42183228171615,5,15,1.2336142533985732,1.6418380337472396,0.06410016870891425,5,15,0.02526475534212117,0.11970896247450766
similarity_cluster,equal_K,Modern-augmented,clintox,classification,32,shared_morgan_linear,0.2005809999750443,5,15,0.18968840724380892,0.21195638158934557,0.1955945904353107,5,15,0.18646049096187606,0.20609756224368417,0.004986409539733639,5,15,0.0018422508380957193,0.008085284037500085,0.014720367711121684,5,15,0.005817032930594897,0.023623702491648475,0.7057471264367816,5,15,0.4850574712643678,0.9264367816091955,0.5534809362239985,5,15,0.297965141772109,0.8243950459724239,0.0019440493124703562,5,15,0.00018571202781728264,0.004706021811284959,196.85654972006645,5,15,194.53755050671754,199.17554893341537,0.0009943800807788394,5,15,0.0009455085198955161,0.0010433832909316411,3.5797682908038224,5,15,3.390591109968632,3.752072804523511,0.9739894427264641,5,15,0.9575983698895201,0.9900975600417711,1.6434494342482986,5,15,1.518192915903888,1.766058919804631,1.5989341739992093,5,15,1.4769770196650511,1.7208913283333676,0.023692285993293472,5,15,0.00212141728729397,0.0590488893038391
similarity_cluster,equal_K,Modern-augmented,esol,regression,4,shared_morgan_linear,1.8125340057863195,5,15,1.694185743844106,1.9408809409744265,1.7899924264782805,5,15,1.6770024241590218,1.927399845544588,0.02254157930803912,5,15,0.0,0.06762473792411736,0.013298913222651115,5,15,0.0,0.039896739667953346,1.0,5,15,1.0,1.0,0.9304347826086957,5,15,0.7913043478260868,1.0,0.02254157930803912,5,15,0.0,0.06762473792411736,137.3702146666823,5,15,135.9271179599765,138.8133113733881,0.013039914194772165,5,15,0.012136421834140557,0.014063268269587152,46.94369110117979,5,15,43.76233214199915,50.62776577051374,0.9867010867773409,5,15,0.9601032603320231,1.0,1.3790992138546365,5,15,1.3343454914972706,1.4303616791654803,1.3611324484810727,5,15,1.2844377203426245,1.4303616791654803,0.017966765373564005,5,15,0.0,0.05390029612069201
similarity_cluster,equal_K,Modern-augmented,esol,regression,8,shared_morgan_linear,1.933920861298573,5,15,1.8105692793723194,2.0325183750454032,1.908375570008023,5,15,1.8037033298305345,1.9842509287485217,0.025545291290549926,5,15,0.0,0.05350881142615207,0.012224374086731738,5,15,0.0,0.025516555507430448,1.0,5,15,1.0,1.0,0.8317181278641724,5,15,0.6297798813011795,1.0,0.02018283974238358,5,15,0.0,0.043309902187881284,138.20114642673485,5,15,136.74892216666294,139.65337068680674,0.013814026321739023,5,15,0.013011628751825405,0.014435493505755084,49.730494758260484,5,15,46.841863506571464,51.96777662071829,0.9877756259132623,5,15,0.974483444492557,1.0,1.4522356155473801,5,15,1.4063714172028956,1.4990016595981188,1.4349368219694008,5,15,1.3708719843406825,1.4990016595981188,0.012470408124668562,5,15,0.0,0.028407015795179368
similarity_cluster,equal_K,Modern-augmented,esol,regression,16,shared_morgan_linear,1.990853919815081,5,15,1.8822571647319752,2.0882817234569195,1.9680687997189856,5,15,1.8414784660913497,2.0766903985060785,0.022785120096095575,5,15,0.0028036288683614074,0.048285197722939946,0.01210402663795296,5,15,0.0015969803918991585,0.02621677240944593,0.7538461538461539,5,15,0.5897435897435898,0.9179487179487179,0.6506225370290208,5,15,0.47875136572878096,0.8379902893481347,0.009251480091818604,5,15,0.0,0.027754440275455816,141.28350000677554,5,15,139.8353341000892,142.73166591346188,0.01394189357318899,5,15,0.01297391692519759,0.014852632357849527,50.190816863480364,5,15,46.409757265689684,53.46947648825828,0.9877594563008811,5,15,0.9736467105293803,0.9984030196081,1.4363915790939248,5,15,1.3991292942063773,1.4785156041211214,1.41814344022201,5,15,1.395142010789238,1.4411448696547824,0.007436060160213839,5,15,0.0,0.022308180480641517
similarity_cluster,equal_K,Modern-augmented,esol,regression,32,shared_morgan_linear,2.044344205290979,5,15,1.9197808637944793,2.153403357877039,2.0387729363565366,5,15,1.9148900981872512,2.1484457863156794,0.0055712689344426265,5,15,0.004754707854556717,0.0063878300143285355,0.002773879794079606,5,15,0.002331265097222296,0.0032117286265887232,1.0,5,15,1.0,1.0,0.6691500866147116,5,15,0.5673501132653922,0.7709500599640311,0.0020092708115285072,5,15,0.0,0.004553432204684811,166.0010435001808,5,15,164.12340127346494,167.82935875350762,0.012288857532846217,5,15,0.011494673265139957,0.013003642449176686,44.239887118246386,5,15,41.16289780523954,46.86318983923955,0.997217084527224,5,15,0.9967882713734098,0.9976596992240816,1.4532526704120334,5,15,1.4290295242137787,1.4886936279557417,1.44912578502408,5,15,1.4252647695527876,1.4842968987533938,0.001452538669517259,5,15,0.0,0.0033603275242836397
