endpoint,task_type,seed,outer_fold,inner_fold,split_regime,outer_split_type,inner_split_type,train_n,validation_n,test_n,train_scaffold_n,validation_scaffold_n,test_scaffold_n,group_definition,train_group_n,validation_group_n,test_group_n,target_mean,target_sd,target_range,train_target_mean,train_target_sd,train_target_min,train_target_max,train_target_range,validation_target_mean,validation_target_sd,validation_target_min,validation_target_max,validation_target_range,test_target_mean,test_target_sd,test_target_min,test_target_max,test_target_range,outer_split_hash,split_hash,no_scaffold_overlap,no_group_overlap,max_train_validation_tanimoto,max_train_test_tanimoto,max_validation_test_tanimoto
clintox,classification,23,1,1,scaffold,stratified_scaffold_group,stratified_scaffold_group,620,432,428,439,181,292,Bemis-Murcko scaffold,439,181,292,0.06775700934579439,0.2516225879481854,1.0,0.08387096774193549,0.2774180217073941,0.0,1.0,1.0,0.07175925925925926,0.25838810968636355,0.0,1.0,1.0,0.06775700934579439,0.2516225879481854,0.0,1.0,1.0,67552546b7ee52c96d1349e3e2786a9dc5b17f4826c3961b17479452af39c39d,ba93dd87006ae7dd35329b350057cb0483c45b66996ece661db8793bccc4ea20,True,True,,,
clintox,classification,23,1,2,scaffold,stratified_scaffold_group,stratified_scaffold_group,772,280,428,398,222,292,Bemis-Murcko scaffold,398,222,292,0.06775700934579439,0.2516225879481854,1.0,0.07253886010362694,0.25954620638334436,0.0,1.0,1.0,0.09642857142857143,0.29570660512299024,0.0,1.0,1.0,0.06775700934579439,0.2516225879481854,0.0,1.0,1.0,67552546b7ee52c96d1349e3e2786a9dc5b17f4826c3961b17479452af39c39d,3d5559a1bcacb0b765013bc01ca8f90807731ff6acb641ed673a709d964ec648,True,True,,,
clintox,classification,23,1,3,scaffold,stratified_scaffold_group,stratified_scaffold_group,712,340,428,403,217,292,Bemis-Murcko scaffold,403,217,292,0.06775700934579439,0.2516225879481854,1.0,0.08146067415730338,0.2737335777498452,0.0,1.0,1.0,0.07352941176470588,0.2613881973098026,0.0,1.0,1.0,0.06775700934579439,0.2516225879481854,0.0,1.0,1.0,67552546b7ee52c96d1349e3e2786a9dc5b17f4826c3961b17479452af39c39d,72cadd527f3444e63fb0ab88e26d6346d010ac0e31129f69f82df9b4fd2505b2,True,True,,,
clintox,classification,23,2,1,scaffold,stratified_scaffold_group,stratified_scaffold_group,625,389,466,429,175,308,Bemis-Murcko scaffold,429,175,308,0.08583690987124463,0.28042411660263117,1.0,0.0848,0.27880698221768646,0.0,1.0,1.0,0.04884318766066838,0.2158176697669286,0.0,1.0,1.0,0.08583690987124463,0.28042411660263117,0.0,1.0,1.0,ca5aff520a909a3fadd03924673a4fd51e60c196e201cb76219582e1f5606e43,19a3cd7bb8c62b6a8aedad0ac35027b5a67bc300881f4f38954f3905bf6ae6e7,True,True,,,
clintox,classification,23,2,2,scaffold,stratified_scaffold_group,stratified_scaffold_group,711,303,466,389,215,308,Bemis-Murcko scaffold,389,215,308,0.08583690987124463,0.28042411660263117,1.0,0.06469760900140648,0.24616469348429873,0.0,1.0,1.0,0.0858085808580858,0.2805445089741181,0.0,1.0,1.0,0.08583690987124463,0.28042411660263117,0.0,1.0,1.0,ca5aff520a909a3fadd03924673a4fd51e60c196e201cb76219582e1f5606e43,7a9de9a57ed61c30598ca9c053a8a7cc14399043615526db4d35389dd8c0031e,True,True,,,
clintox,classification,23,2,3,scaffold,stratified_scaffold_group,stratified_scaffold_group,692,322,466,390,214,308,Bemis-Murcko scaffold,390,214,308,0.08583690987124463,0.28042411660263117,1.0,0.06502890173410404,0.24675520724770367,0.0,1.0,1.0,0.08385093167701864,0.27759551046267994,0.0,1.0,1.0,0.08583690987124463,0.28042411660263117,0.0,1.0,1.0,ca5aff520a909a3fadd03924673a4fd51e60c196e201cb76219582e1f5606e43,2b590a88bc5d213412c58a39fb1b2f6d517b5dd7293427f701d74dd91c06233a,True,True,,,
clintox,classification,23,3,1,scaffold,stratified_scaffold_group,stratified_scaffold_group,604,290,586,402,198,312,Bemis-Murcko scaffold,402,198,312,0.07337883959044368,0.2609801050072425,1.0,0.08443708609271523,0.2782726528702416,0.0,1.0,1.0,0.06206896551724138,0.24169784835322825,0.0,1.0,1.0,0.07337883959044368,0.2609801050072425,0.0,1.0,1.0,a21288483c9bc75eb39410bcfa72c7bd975b72c9742b42b9609452d06e533ff9,1ef30dc3dfd17e3bdf037ce5bd9a5f6aa7fdc6b3c22be6a04f707a0ddb0e55d5,True,True,,,
clintox,classification,23,3,2,scaffold,stratified_scaffold_group,stratified_scaffold_group,614,280,586,399,201,312,Bemis-Murcko scaffold,399,201,312,0.07337883959044368,0.2609801050072425,1.0,0.07654723127035831,0.26608845727826336,0.0,1.0,1.0,0.07857142857142857,0.2695504592405751,0.0,1.0,1.0,0.07337883959044368,0.2609801050072425,0.0,1.0,1.0,a21288483c9bc75eb39410bcfa72c7bd975b72c9742b42b9609452d06e533ff9,c5e05b3b3fd077f5c4dd38da35e155b357358c8136e1785a8057f37d4dac036d,True,True,,,
clintox,classification,23,3,3,scaffold,stratified_scaffold_group,stratified_scaffold_group,570,324,586,399,201,312,Bemis-Murcko scaffold,399,201,312,0.07337883959044368,0.2609801050072425,1.0,0.07017543859649122,0.2556668198457089,0.0,1.0,1.0,0.08950617283950617,0.28591453933087657,0.0,1.0,1.0,0.07337883959044368,0.2609801050072425,0.0,1.0,1.0,a21288483c9bc75eb39410bcfa72c7bd975b72c9742b42b9609452d06e533ff9,d6075d5003b0a6ff40e4ccaf89223811e5d5f33c406dd352c677e690ad7bba4f,True,True,,,
