dataset,seed,outer_fold,pool_size,alternative_selector,candidate_changed_vs_roc,delta_outer_roc_auc_vs_roc_selector,delta_outer_pr_auc_vs_roc_selector,delta_outer_minority_recall_vs_roc_selector,delta_outer_balanced_recall_vs_roc_selector
bace,11,1,4,pr_auc,0,0.0,0.0,0.0,0.0
bace,11,1,8,pr_auc,0,0.0,0.0,0.0,0.0
bace,11,1,16,pr_auc,1,-0.001939946018893468,-0.003346349750275479,0.0,0.002083333333333215
bace,11,1,32,pr_auc,1,-0.001939946018893468,-0.003346349750275479,0.0,0.002083333333333215
bace,11,2,4,pr_auc,0,0.0,0.0,0.0,0.0
bace,11,2,8,pr_auc,0,0.0,0.0,0.0,0.0
bace,11,2,16,pr_auc,1,0.0008351166553578482,0.0030368579667062745,-0.01680672268907568,-0.0068505663134819095
bace,11,2,32,pr_auc,1,0.0008351166553578482,0.0030368579667062745,-0.01680672268907568,-0.0068505663134819095
bace,11,3,4,pr_auc,0,0.0,0.0,0.0,0.0
bace,11,3,8,pr_auc,0,0.0,0.0,0.0,0.0
bace,11,3,16,pr_auc,0,0.0,0.0,0.0,0.0
bace,11,3,32,pr_auc,0,0.0,0.0,0.0,0.0
bace,23,1,4,pr_auc,0,0.0,0.0,0.0,0.0
bace,23,1,8,pr_auc,0,0.0,0.0,0.0,0.0
bace,23,1,16,pr_auc,0,0.0,0.0,0.0,0.0
bace,23,1,32,pr_auc,0,0.0,0.0,0.0,0.0
bace,23,2,4,pr_auc,1,-0.018668831168831224,-0.013156592036038806,-0.045454545454545414,-0.043831168831168776
bace,23,2,8,pr_auc,0,0.0,0.0,0.0,0.0
bace,23,2,16,pr_auc,0,0.0,0.0,0.0,0.0
bace,23,2,32,pr_auc,0,0.0,0.0,0.0,0.0
bace,23,3,4,pr_auc,0,0.0,0.0,0.0,0.0
bace,23,3,8,pr_auc,1,-0.008468680429062903,-0.012404858691644871,-0.016393442622950727,0.0010625379477838814
bace,23,3,16,pr_auc,1,-0.0012522768670308881,0.001683153761609102,0.0,-0.0015432098765432167
bace,23,3,32,pr_auc,1,-0.004199554746002865,-0.013036592958889814,0.0,-0.006172839506172867
bace,37,1,4,pr_auc,1,0.009244791666666585,0.01694737509184674,0.08333333333333326,0.02499999999999991
bace,37,1,8,pr_auc,1,-0.0077473958333331705,0.018604196487960967,-0.01041666666666663,0.0031250000000000444
bace,37,1,16,pr_auc,1,0.01068793402777779,0.022019883889555114,-0.02083333333333337,-0.008333333333333304
bace,37,1,32,pr_auc,1,0.01068793402777779,0.022019883889555114,-0.02083333333333337,-0.008333333333333304
bace,37,2,4,pr_auc,1,-0.018936324246058733,-0.027956615302738075,-0.02930402930402931,-0.007277383383578084
bace,37,2,8,pr_auc,1,0.0031983748797906886,0.003695222098358153,-0.007326007326007411,0.0007617750980583038
bace,37,2,16,pr_auc,1,0.002647303532259504,0.0010117212929168229,0.00366300366300365,0.00920613309993834
bace,37,2,32,pr_auc,1,-0.001350665067479273,-0.008639636658078542,-0.010989010989011061,-0.014344063016629494
bace,37,3,4,pr_auc,0,0.0,0.0,0.0,0.0
bace,37,3,8,pr_auc,0,0.0,0.0,0.0,0.0
bace,37,3,16,pr_auc,1,0.0012382096944535403,0.009081253809847145,-0.008849557522123908,-0.01059761826723482
bace,37,3,32,pr_auc,1,0.0012382096944535403,0.009081253809847145,-0.008849557522123908,-0.01059761826723482
bace,53,1,4,pr_auc,0,0.0,0.0,0.0,0.0
bace,53,1,8,pr_auc,1,0.0023601398601397205,0.004172869313146421,0.00909090909090915,0.002622377622377714
bace,53,1,16,pr_auc,0,0.0,0.0,0.0,0.0
bace,53,1,32,pr_auc,0,0.0,0.0,0.0,0.0
bace,53,2,4,pr_auc,0,0.0,0.0,0.0,0.0
bace,53,2,8,pr_auc,0,0.0,0.0,0.0,0.0
bace,53,2,16,pr_auc,0,0.0,0.0,0.0,0.0
bace,53,2,32,pr_auc,0,0.0,0.0,0.0,0.0
bace,53,3,4,pr_auc,0,0.0,0.0,0.0,0.0
bace,53,3,8,pr_auc,0,0.0,0.0,0.0,0.0
bace,53,3,16,pr_auc,0,0.0,0.0,0.0,0.0
bace,53,3,32,pr_auc,1,-8.755472170107748e-05,0.0034852302806208657,0.03589743589743588,-0.0015634771732333519
bace,71,1,4,pr_auc,0,0.0,0.0,0.0,0.0
bace,71,1,8,pr_auc,1,-0.047954838833978775,-0.04216990929973696,-0.07762557077625565,-0.04514189931217838
bace,71,1,16,pr_auc,1,-0.003814808392578528,-0.003818955842310068,-0.004566210045662045,-0.014941332870932245
bace,71,1,32,pr_auc,1,-0.003814808392578528,-0.003818955842310068,-0.004566210045662045,-0.014941332870932245
bace,71,2,4,pr_auc,0,0.0,0.0,0.0,0.0
bace,71,2,8,pr_auc,1,0.0074410774410774705,0.008482422041843796,0.0,0.010000000000000009
bace,71,2,16,pr_auc,0,0.0,0.0,0.0,0.0
bace,71,2,32,pr_auc,0,0.0,0.0,0.0,0.0
bace,71,3,4,pr_auc,0,0.0,0.0,0.0,0.0
bace,71,3,8,pr_auc,0,0.0,0.0,0.0,0.0
bace,71,3,16,pr_auc,0,0.0,0.0,0.0,0.0
bace,71,3,32,pr_auc,0,0.0,0.0,0.0,0.0
bace,83,1,4,pr_auc,1,-0.015103530728530767,-0.005289196866098078,-0.01831501831501825,-0.012629731379731335
bace,83,1,8,pr_auc,0,0.0,0.0,0.0,0.0
bace,83,1,16,pr_auc,1,-0.002410205535205656,0.0005013972818845858,-0.02930402930402931,-0.00423534798534797
bace,83,1,32,pr_auc,1,-0.003542175417175386,0.0012297769601844477,0.0146520146520146,0.00385378510378509
bace,83,2,4,pr_auc,0,0.0,0.0,0.0,0.0
bace,83,2,8,pr_auc,1,-0.009745193150604847,-0.0053456809853766885,-0.008298755186721962,0.00289287592776577
bace,83,2,16,pr_auc,0,0.0,0.0,0.0,0.0
bace,83,2,32,pr_auc,0,0.0,0.0,0.0,0.0
bace,83,3,4,pr_auc,0,0.0,0.0,0.0,0.0
bace,83,3,8,pr_auc,0,0.0,0.0,0.0,0.0
bace,83,3,16,pr_auc,0,0.0,0.0,0.0,0.0
bace,83,3,32,pr_auc,0,0.0,0.0,0.0,0.0
bace,97,1,4,pr_auc,0,0.0,0.0,0.0,0.0
bace,97,1,8,pr_auc,1,-0.014123135647133633,-0.026751619094370183,0.004255319148936176,0.005449918710680679
bace,97,1,16,pr_auc,1,-0.007563441012228833,-0.00672035735354104,0.0,0.0033222591362125353
bace,97,1,32,pr_auc,1,-0.007563441012228833,-0.00672035735354104,0.0,0.0033222591362125353
bace,97,2,4,pr_auc,0,0.0,0.0,0.0,0.0
bace,97,2,8,pr_auc,1,0.00295963878641059,0.002088428099487616,0.05594405594405594,0.02009801222399643
bace,97,2,16,pr_auc,1,0.005079566103188271,-0.0023618885075959994,0.06293706293706292,0.029500027531523476
bace,97,2,32,pr_auc,1,0.005079566103188271,-0.0023618885075959994,0.06293706293706292,0.029500027531523476
bace,97,3,4,pr_auc,1,-0.01573033707865168,-0.008705974289555996,0.07647058823529407,0.0007821105970478026
bace,97,3,8,pr_auc,0,0.0,0.0,0.0,0.0
bace,97,3,16,pr_auc,0,0.0,0.0,0.0,0.0
bace,97,3,32,pr_auc,0,0.0,0.0,0.0,0.0
bace,113,1,4,pr_auc,0,0.0,0.0,0.0,0.0
bace,113,1,8,pr_auc,0,0.0,0.0,0.0,0.0
bace,113,1,16,pr_auc,1,0.0010288065843622185,-0.000644109930524106,-0.004115226337448541,-0.0071251807362917585
bace,113,1,32,pr_auc,1,0.0010288065843622185,-0.000644109930524106,-0.004115226337448541,-0.0071251807362917585
bace,113,2,4,pr_auc,0,0.0,0.0,0.0,0.0
bace,113,2,8,pr_auc,1,-0.0030615030615029903,0.0020936407350947706,0.0,0.01158301158301156
bace,113,2,16,pr_auc,0,0.0,0.0,0.0,0.0
bace,113,2,32,pr_auc,1,0.0028470028470027886,0.004082923585016607,-0.015151515151515138,-0.011436761436761533
bace,113,3,4,pr_auc,1,-0.014936329588015052,-0.013901045553861846,0.01200000000000001,-0.018344569288389567
bace,113,3,8,pr_auc,1,-0.0012134831460673956,-0.005278071100350279,0.0040000000000000036,-0.005490636704119867
bace,113,3,16,pr_auc,0,0.0,0.0,0.0,0.0
bace,113,3,32,pr_auc,1,-0.03586516853932564,-0.04369929973782427,-0.0040000000000000036,-0.031962546816479365
bace,127,1,4,pr_auc,0,0.0,0.0,0.0,0.0
bace,127,1,8,pr_auc,1,-0.003394106180483636,-0.0002955625728363609,-0.04561403508771933,-0.0015651874785003184
bace,127,1,16,pr_auc,0,0.0,0.0,0.0,0.0
bace,127,1,32,pr_auc,1,0.0035947712418300526,0.005311251681345053,-0.007017543859649145,-0.01004471964224285
bace,127,2,4,pr_auc,0,0.0,0.0,0.0,0.0
bace,127,2,8,pr_auc,0,0.0,0.0,0.0,0.0
bace,127,2,16,pr_auc,0,0.0,0.0,0.0,0.0
bace,127,2,32,pr_auc,0,0.0,0.0,0.0,0.0
bace,127,3,4,pr_auc,0,0.0,0.0,0.0,0.0
bace,127,3,8,pr_auc,1,0.005053959568323552,0.008273371556297704,0.0,0.002450980392156854
bace,127,3,16,pr_auc,1,0.01459188326493388,0.02202307698406958,0.03875968992248069,0.012026903784769782
bace,127,3,32,pr_auc,0,0.0,0.0,0.0,0.0
bace,149,1,4,pr_auc,0,0.0,0.0,0.0,0.0
bace,149,1,8,pr_auc,0,0.0,0.0,0.0,0.0
bace,149,1,16,pr_auc,1,0.0013715163484748771,0.004370856238425702,0.041474654377880116,0.020737327188940058
bace,149,1,32,pr_auc,1,-0.002880184331797042,0.005941764463507471,0.0,0.01388888888888884
bace,149,2,4,pr_auc,0,0.0,0.0,0.0,0.0
bace,149,2,8,pr_auc,0,0.0,0.0,0.0,0.0
bace,149,2,16,pr_auc,0,0.0,0.0,0.0,0.0
bace,149,2,32,pr_auc,0,0.0,0.0,0.0,0.0
bace,149,3,4,pr_auc,0,0.0,0.0,0.0,0.0
bace,149,3,8,pr_auc,1,0.008010923987255336,0.015280097003493975,0.03550295857988173,0.01198224852071017
bace,149,3,16,pr_auc,0,0.0,0.0,0.0,0.0
bace,149,3,32,pr_auc,0,0.0,0.0,0.0,0.0
bbbp,11,1,4,pr_auc,0,0.0,0.0,0.0,0.0
bbbp,11,1,8,pr_auc,0,0.0,0.0,0.0,0.0
bbbp,11,1,16,pr_auc,0,0.0,0.0,0.0,0.0
bbbp,11,1,32,pr_auc,0,0.0,0.0,0.0,0.0
bbbp,11,2,4,pr_auc,0,0.0,0.0,0.0,0.0
bbbp,11,2,8,pr_auc,0,0.0,0.0,0.0,0.0
bbbp,11,2,16,pr_auc,1,-0.024327893996847094,-0.013389092261433588,0.0,-0.01565762004175353
bbbp,11,2,32,pr_auc,1,-0.024327893996847094,-0.013389092261433588,0.0,-0.01565762004175353
bbbp,11,3,4,pr_auc,0,0.0,0.0,0.0,0.0
bbbp,11,3,8,pr_auc,0,0.0,0.0,0.0,0.0
bbbp,11,3,16,pr_auc,0,0.0,0.0,0.0,0.0
bbbp,11,3,32,pr_auc,0,0.0,0.0,0.0,0.0
bbbp,23,1,4,pr_auc,0,0.0,0.0,0.0,0.0
bbbp,23,1,8,pr_auc,1,-0.002119005025981613,0.0022673334841445403,0.01744186046511631,-0.028824857313229257
bbbp,23,1,16,pr_auc,1,-0.013512650140557025,-0.002333879741176048,0.011627906976744207,-0.04638384870943002
bbbp,23,1,32,pr_auc,1,-0.013512650140557025,-0.002333879741176048,0.011627906976744207,-0.04638384870943002
bbbp,23,2,4,pr_auc,0,0.0,0.0,0.0,0.0
bbbp,23,2,8,pr_auc,1,0.017092886537330987,0.0070199325179467476,0.021428571428571463,0.025117577895355736
bbbp,23,2,16,pr_auc,1,-0.02104644326866545,-0.010913363766666184,0.0071428571428571175,-0.02009112286890069
bbbp,23,2,32,pr_auc,1,-0.02104644326866545,-0.010913363766666184,0.0071428571428571175,-0.02009112286890069
bbbp,23,3,4,pr_auc,0,0.0,0.0,0.0,0.0
bbbp,23,3,8,pr_auc,0,0.0,0.0,0.0,0.0
bbbp,23,3,16,pr_auc,1,-0.014902014153511112,-0.008083427055214587,-0.029940119760478945,-0.017810968971148533
bbbp,23,3,32,pr_auc,1,-0.014902014153511112,-0.008083427055214587,-0.029940119760478945,-0.017810968971148533
bbbp,37,1,4,pr_auc,0,0.0,0.0,0.0,0.0
bbbp,37,1,8,pr_auc,1,-0.01534133533383375,-0.0053576590101823696,0.024193548387096753,-0.03325206301575401
bbbp,37,1,16,pr_auc,0,0.0,0.0,0.0,0.0
bbbp,37,1,32,pr_auc,0,0.0,0.0,0.0,0.0
bbbp,37,2,4,pr_auc,0,0.0,0.0,0.0,0.0
bbbp,37,2,8,pr_auc,0,0.0,0.0,0.0,0.0
bbbp,37,2,16,pr_auc,0,0.0,0.0,0.0,0.0
bbbp,37,2,32,pr_auc,0,0.0,0.0,0.0,0.0
bbbp,37,3,4,pr_auc,0,0.0,0.0,0.0,0.0
bbbp,37,3,8,pr_auc,0,0.0,0.0,0.0,0.0
bbbp,37,3,16,pr_auc,0,0.0,0.0,0.0,0.0
bbbp,37,3,32,pr_auc,0,0.0,0.0,0.0,0.0
bbbp,53,1,4,pr_auc,0,0.0,0.0,0.0,0.0
bbbp,53,1,8,pr_auc,0,0.0,0.0,0.0,0.0
bbbp,53,1,16,pr_auc,1,0.008262602880658387,0.0035708321112239982,0.012345679012345734,0.0044367283950617065
bbbp,53,1,32,pr_auc,1,0.008262602880658387,0.0035708321112239982,0.012345679012345734,0.0044367283950617065
bbbp,53,2,4,pr_auc,0,0.0,0.0,0.0,0.0
bbbp,53,2,8,pr_auc,0,0.0,0.0,0.0,0.0
bbbp,53,2,16,pr_auc,0,0.0,0.0,0.0,0.0
bbbp,53,2,32,pr_auc,0,0.0,0.0,0.0,0.0
bbbp,53,3,4,pr_auc,0,0.0,0.0,0.0,0.0
bbbp,53,3,8,pr_auc,0,0.0,0.0,0.0,0.0
bbbp,53,3,16,pr_auc,0,0.0,0.0,0.0,0.0
bbbp,53,3,32,pr_auc,0,0.0,0.0,0.0,0.0
bbbp,71,1,4,pr_auc,0,0.0,0.0,0.0,0.0
bbbp,71,1,8,pr_auc,1,-0.004976261649375591,0.00025969278980497723,0.008264462809917439,-0.01182521540355197
bbbp,71,1,16,pr_auc,1,-0.0036047125021978488,-0.002357907298064732,0.016528925619834767,0.008264462809917328
bbbp,71,1,32,pr_auc,1,-0.02489889221030417,-0.011477592946397941,0.04958677685950419,0.0013891331106031801
bbbp,71,2,4,pr_auc,0,0.0,0.0,0.0,0.0
bbbp,71,2,8,pr_auc,0,0.0,0.0,0.0,0.0
bbbp,71,2,16,pr_auc,1,0.0028473960769207496,0.0015917276191188545,0.030674846625766916,-0.022779168615367662
bbbp,71,2,32,pr_auc,1,0.0028473960769207496,0.0015917276191188545,0.030674846625766916,-0.022779168615367662
bbbp,71,3,4,pr_auc,0,0.0,0.0,0.0,0.0
bbbp,71,3,8,pr_auc,0,0.0,0.0,0.0,0.0
bbbp,71,3,16,pr_auc,1,-0.0012900143334928504,0.0013320078554164283,0.00512820512820511,0.013433667781493797
bbbp,71,3,32,pr_auc,1,-0.0012900143334928504,0.0013320078554164283,0.00512820512820511,0.013433667781493797
bbbp,83,1,4,pr_auc,0,0.0,0.0,0.0,0.0
bbbp,83,1,8,pr_auc,1,-0.005580524344569571,-0.005117422022705265,0.04444444444444451,-0.03732833957553061
bbbp,83,1,16,pr_auc,1,0.007802746566791585,0.007963908028714828,0.02777777777777779,-0.008583021223470544
bbbp,83,1,32,pr_auc,1,0.0015106117353308468,0.007269881357212404,0.005555555555555536,-0.0062109862671659855
bbbp,83,2,4,pr_auc,0,0.0,0.0,0.0,0.0
bbbp,83,2,8,pr_auc,1,-0.015070149017121115,-0.0051984227883663525,0.07894736842105265,-0.0365805326569435
bbbp,83,2,16,pr_auc,0,0.0,0.0,0.0,0.0
bbbp,83,2,32,pr_auc,0,0.0,0.0,0.0,0.0
bbbp,83,3,4,pr_auc,0,0.0,0.0,0.0,0.0
bbbp,83,3,8,pr_auc,0,0.0,0.0,0.0,0.0
bbbp,83,3,16,pr_auc,0,0.0,0.0,0.0,0.0
bbbp,83,3,32,pr_auc,1,0.012685340211472718,0.006598239689397212,0.0340136054421768,-0.011818030981794125
bbbp,97,1,4,pr_auc,0,0.0,0.0,0.0,0.0
bbbp,97,1,8,pr_auc,0,0.0,0.0,0.0,0.0
bbbp,97,1,16,pr_auc,0,0.0,0.0,0.0,0.0
bbbp,97,1,32,pr_auc,0,0.0,0.0,0.0,0.0
bbbp,97,2,4,pr_auc,0,0.0,0.0,0.0,0.0
bbbp,97,2,8,pr_auc,1,-0.011617130073505955,-0.004610320222987463,-0.021428571428571463,-0.01966283157558335
bbbp,97,2,16,pr_auc,0,0.0,0.0,0.0,0.0
bbbp,97,2,32,pr_auc,0,0.0,0.0,0.0,0.0
bbbp,97,3,4,pr_auc,0,0.0,0.0,0.0,0.0
bbbp,97,3,8,pr_auc,1,0.0019120458891016545,0.0008845271407256217,0.013698630136986245,-0.01513921265617224
bbbp,97,3,16,pr_auc,1,0.0019120458891016545,0.0008845271407256217,0.013698630136986245,-0.01513921265617224
bbbp,97,3,32,pr_auc,1,0.0019120458891016545,0.0008845271407256217,0.013698630136986245,-0.01513921265617224
bbbp,113,1,4,pr_auc,0,0.0,0.0,0.0,0.0
bbbp,113,1,8,pr_auc,1,-0.014565095921028282,-0.004548531221721941,-0.06153846153846154,-0.033190538275284065
bbbp,113,1,16,pr_auc,0,0.0,0.0,0.0,0.0
bbbp,113,1,32,pr_auc,0,0.0,0.0,0.0,0.0
bbbp,113,2,4,pr_auc,0,0.0,0.0,0.0,0.0
bbbp,113,2,8,pr_auc,1,-0.01478850500484341,-0.007043947485443569,0.06748466257668717,-0.07590679151867397
bbbp,113,2,16,pr_auc,0,0.0,0.0,0.0,0.0
bbbp,113,2,32,pr_auc,0,0.0,0.0,0.0,0.0
bbbp,113,3,4,pr_auc,0,0.0,0.0,0.0,0.0
bbbp,113,3,8,pr_auc,1,0.008069175006056306,0.0017013612735443662,0.05913978494623662,-0.015490766105737852
bbbp,113,3,16,pr_auc,1,-0.0022362609716556348,-0.004564776559978445,0.09677419354838712,-0.04000111813048579
bbbp,113,3,32,pr_auc,1,-0.0022362609716556348,-0.004564776559978445,0.09677419354838712,-0.04000111813048579
bbbp,127,1,4,pr_auc,0,0.0,0.0,0.0,0.0
bbbp,127,1,8,pr_auc,1,0.004135519652761044,0.0018390966347981985,0.00512820512820511,-0.013109878627119986
bbbp,127,1,16,pr_auc,0,0.0,0.0,0.0,0.0
bbbp,127,1,32,pr_auc,0,0.0,0.0,0.0,0.0
bbbp,127,2,4,pr_auc,0,0.0,0.0,0.0,0.0
bbbp,127,2,8,pr_auc,0,0.0,0.0,0.0,0.0
bbbp,127,2,16,pr_auc,0,0.0,0.0,0.0,0.0
bbbp,127,2,32,pr_auc,0,0.0,0.0,0.0,0.0
bbbp,127,3,4,pr_auc,0,0.0,0.0,0.0,0.0
bbbp,127,3,8,pr_auc,1,0.024364921211715518,0.016466511145284413,0.09774436090225558,-0.0012391781234823984
bbbp,127,3,16,pr_auc,1,0.0020011052129209617,0.003099648401479027,0.022556390977443663,0.0023695095199022242
bbbp,127,3,32,pr_auc,1,0.0020011052129209617,0.003099648401479027,0.022556390977443663,0.0023695095199022242
bbbp,149,1,4,pr_auc,0,0.0,0.0,0.0,0.0
bbbp,149,1,8,pr_auc,0,0.0,0.0,0.0,0.0
bbbp,149,1,16,pr_auc,0,0.0,0.0,0.0,0.0
bbbp,149,1,32,pr_auc,0,0.0,0.0,0.0,0.0
bbbp,149,2,4,pr_auc,0,0.0,0.0,0.0,0.0
bbbp,149,2,8,pr_auc,0,0.0,0.0,0.0,0.0
bbbp,149,2,16,pr_auc,0,0.0,0.0,0.0,0.0
bbbp,149,2,32,pr_auc,0,0.0,0.0,0.0,0.0
bbbp,149,3,4,pr_auc,0,0.0,0.0,0.0,0.0
bbbp,149,3,8,pr_auc,0,0.0,0.0,0.0,0.0
bbbp,149,3,16,pr_auc,0,0.0,0.0,0.0,0.0
bbbp,149,3,32,pr_auc,0,0.0,0.0,0.0,0.0
clintox,11,1,4,pr_auc,0,0.0,0.0,0.0,0.0
clintox,11,1,8,pr_auc,1,-0.04612159329140464,-0.027412210772809698,-0.03703703703703698,0.00034940600978339287
clintox,11,1,16,pr_auc,1,-0.034141958670260486,-0.0508219490584087,-0.03703703703703698,0.011131077168813008
clintox,11,1,32,pr_auc,1,-0.04522312069481893,-0.0052812610451479225,-0.14814814814814814,-0.045772187281621246
clintox,11,2,4,pr_auc,0,0.0,0.0,0.0,0.0
clintox,11,2,8,pr_auc,0,0.0,0.0,0.0,0.0
clintox,11,2,16,pr_auc,0,0.0,0.0,0.0,0.0
clintox,11,2,32,pr_auc,1,0.04509976924121084,0.04728922375788208,0.1132075471698114,0.0700929822179992
clintox,11,3,4,pr_auc,0,0.0,0.0,0.0,0.0
clintox,11,3,8,pr_auc,1,-0.06012613378684806,-0.0007364480017587605,-0.09375,-0.026466836734693855
clintox,11,3,16,pr_auc,1,-0.015164399092970515,0.05644576465947215,0.03125,-0.06600765306122447
clintox,11,3,32,pr_auc,1,-0.012825963718820943,0.03172125946477977,-0.03125,-0.07004676870748305
clintox,23,1,4,pr_auc,0,0.0,0.0,0.0,0.0
clintox,23,1,8,pr_auc,1,-0.0404459424423127,-0.03724844009562789,-0.034482758620689724,-0.007216316653703259
clintox,23,1,16,pr_auc,1,-0.0404459424423127,-0.03724844009562789,-0.034482758620689724,-0.007216316653703259
clintox,23,1,32,pr_auc,1,-0.0014691902169214899,0.06960087047374297,0.034482758620689724,-0.03413706680494333
clintox,23,2,4,pr_auc,1,-0.03852699530516435,-0.0898000270412308,-0.125,-0.05076291079812212
clintox,23,2,8,pr_auc,1,-0.011120892018779416,-0.022165066146541623,-0.02499999999999991,-0.02893192488262908
clintox,23,2,16,pr_auc,1,-0.045745305164319294,-0.031235649694334955,0.0,-0.06572769953051649
clintox,23,2,32,pr_auc,1,-0.045745305164319294,-0.031235649694334955,0.0,-0.06572769953051649
clintox,23,3,4,pr_auc,1,-0.04950961497280393,-0.0147416734527,-0.046511627906976716,-0.03430553771039435
clintox,23,3,8,pr_auc,1,-0.08788384941539251,-0.0426428823518904,0.09302325581395354,-0.0777977643582165
clintox,23,3,16,pr_auc,1,-0.011263865690179453,0.008113310300225884,0.0,-0.06998158379373842
clintox,23,3,32,pr_auc,1,-0.011263865690179453,0.008113310300225884,0.0,-0.06998158379373842
clintox,37,1,4,pr_auc,0,0.0,0.0,0.0,0.0
clintox,37,1,8,pr_auc,1,-0.009760992519613265,0.003537039654488816,-0.06896551724137934,-0.029191753329684378
clintox,37,1,16,pr_auc,0,0.0,0.0,0.0,0.0
clintox,37,1,32,pr_auc,1,0.02618135376756059,0.005416743202564134,0.0,-0.002645502645502562
clintox,37,2,4,pr_auc,1,-0.025767543859649078,-0.05448889051232503,-0.026315789473684292,-0.013157894736842146
clintox,37,2,8,pr_auc,1,-0.020102339181286455,0.0923436088839103,-0.052631578947368474,-0.014741715399610111
clintox,37,2,16,pr_auc,1,0.010081627680312066,0.07934096455115291,0.1578947368421052,0.026864035087719174
clintox,37,2,32,pr_auc,0,0.0,0.0,0.0,0.0
clintox,37,3,4,pr_auc,0,0.0,0.0,0.0,0.0
clintox,37,3,8,pr_auc,0,0.0,0.0,0.0,0.0
clintox,37,3,16,pr_auc,0,0.0,0.0,0.0,0.0
clintox,37,3,32,pr_auc,1,-0.016049382716049276,0.014782215373669583,-0.13333333333333341,-0.03709677419354851
clintox,53,1,4,pr_auc,0,0.0,0.0,0.0,0.0
clintox,53,1,8,pr_auc,0,0.0,0.0,0.0,0.0
clintox,53,1,16,pr_auc,1,-0.010009267840593083,0.06360645082817279,0.07692307692307687,-0.09045412418906396
clintox,53,1,32,pr_auc,0,0.0,0.0,0.0,0.0
clintox,53,2,4,pr_auc,0,0.0,0.0,0.0,0.0
clintox,53,2,8,pr_auc,0,0.0,0.0,0.0,0.0
clintox,53,2,16,pr_auc,1,0.003429522302041299,0.007452318719425199,0.023255813953488413,-0.005824100004058641
clintox,53,2,32,pr_auc,1,-0.014895085027801347,0.016306357353539414,0.06976744186046513,-0.06459271886034323
clintox,53,3,4,pr_auc,1,-0.03973684210526318,-0.0590465932250728,-0.09999999999999998,-0.021052631578947434
clintox,53,3,8,pr_auc,1,0.008508771929824355,-0.0660982761539183,-0.06666666666666665,0.03245614035087718
clintox,53,3,16,pr_auc,1,-0.015000000000000013,-0.019743341402162468,0.10000000000000009,-0.0052631578947368585
clintox,53,3,32,pr_auc,1,0.03692982456140359,0.06549405914749812,0.13333333333333341,0.05482456140350889
clintox,71,1,4,pr_auc,0,0.0,0.0,0.0,0.0
clintox,71,1,8,pr_auc,1,-0.05779143536875497,-0.015117811501143497,-0.07692307692307698,-0.04619349722442512
clintox,71,1,16,pr_auc,1,-0.05779143536875497,-0.015117811501143497,-0.07692307692307698,-0.04619349722442512
clintox,71,1,32,pr_auc,1,-0.06998413957176841,-0.05618742282862116,-0.038461538461538436,-0.07722045995241877
clintox,71,2,4,pr_auc,0,0.0,0.0,0.0,0.0
clintox,71,2,8,pr_auc,0,0.0,0.0,0.0,0.0
clintox,71,2,16,pr_auc,1,-0.01009429400386852,-0.003958183185160669,0.0,-0.051136363636363535
clintox,71,2,32,pr_auc,1,0.004956479690522153,0.0652571960642418,0.0851063829787233,-0.021840747904577684
clintox,71,3,4,pr_auc,0,0.0,0.0,0.0,0.0
clintox,71,3,8,pr_auc,1,-0.035596777853415085,0.03466461531190401,-0.02564102564102566,0.01262196505559332
clintox,71,3,16,pr_auc,1,-0.004935330156569218,0.05622229206315282,-0.02564102564102566,0.01594054912638987
clintox,71,3,32,pr_auc,1,-0.004935330156569218,0.05622229206315282,-0.02564102564102566,0.01594054912638987
clintox,83,1,4,pr_auc,0,0.0,0.0,0.0,0.0
clintox,83,1,8,pr_auc,1,-0.014645535587944014,0.015139470944444788,0.0,0.01832460732984298
clintox,83,1,16,pr_auc,1,0.008101032970142863,-0.016818181693694423,0.027027027027026973,0.06848733550304231
clintox,83,1,32,pr_auc,1,0.014468657138814178,-0.04626628600609023,0.0,0.06544502617801051
clintox,83,2,4,pr_auc,0,0.0,0.0,0.0,0.0
clintox,83,2,8,pr_auc,0,0.0,0.0,0.0,0.0
clintox,83,2,16,pr_auc,1,0.04732301446333431,0.1656170895664439,0.1428571428571429,0.017254503933011978
clintox,83,2,32,pr_auc,1,0.044966832203574114,0.08341445685557047,0.12244897959183676,0.04346250045311195
clintox,83,3,4,pr_auc,0,0.0,0.0,0.0,0.0
clintox,83,3,8,pr_auc,1,0.04191671212947812,0.01641765781323301,0.07692307692307687,0.09638116021094745
clintox,83,3,16,pr_auc,1,0.04191671212947812,0.01641765781323301,0.07692307692307687,0.09638116021094745
clintox,83,3,32,pr_auc,1,0.046008365157301334,0.05823005431006101,0.038461538461538436,0.006228405164575346
clintox,97,1,4,pr_auc,0,0.0,0.0,0.0,0.0
clintox,97,1,8,pr_auc,1,-0.0132091904445919,0.023259377407059967,0.0,-0.04470802919708028
clintox,97,1,16,pr_auc,1,-0.01385202388852036,-0.025343017683900015,-0.022727272727272707,-0.015925680159256883
clintox,97,1,32,pr_auc,1,-0.0006635700066357497,0.005824847639800679,0.045454545454545414,-0.01924353019243541
clintox,97,2,4,pr_auc,1,-0.01090404440919901,-0.03261966056112098,0.05128205128205121,-0.014307427967221953
clintox,97,2,8,pr_auc,1,-0.015001321702352577,0.13558637993738132,-0.07692307692307698,-0.013977002379064407
clintox,97,2,16,pr_auc,0,0.0,0.0,0.0,0.0
clintox,97,2,32,pr_auc,1,0.002246893999471311,-0.08903364182943901,0.1282051282051282,0.039618028020089846
clintox,97,3,4,pr_auc,1,0.021072796934865967,0.0411224927688405,0.034482758620689724,0.03807471264367823
clintox,97,3,8,pr_auc,1,-0.036518199233716464,-0.06232313956001129,0.034482758620689724,0.012611749680715212
clintox,97,3,16,pr_auc,1,0.003831417624520994,-0.033580758781490916,0.10344827586206906,-0.004988825031928545
clintox,97,3,32,pr_auc,0,0.0,0.0,0.0,0.0
clintox,113,1,4,pr_auc,0,0.0,0.0,0.0,0.0
clintox,113,1,8,pr_auc,0,0.0,0.0,0.0,0.0
clintox,113,1,16,pr_auc,0,0.0,0.0,0.0,0.0
clintox,113,1,32,pr_auc,0,0.0,0.0,0.0,0.0
clintox,113,2,4,pr_auc,0,0.0,0.0,0.0,0.0
clintox,113,2,8,pr_auc,1,0.0013786764705882026,0.0743034995031715,-0.03125,-0.0021446078431371918
clintox,113,2,16,pr_auc,1,0.0013786764705882026,0.0743034995031715,-0.03125,-0.0021446078431371918
clintox,113,2,32,pr_auc,1,0.008731617647058765,0.03480951486211259,0.0,0.004901960784313819
clintox,113,3,4,pr_auc,0,0.0,0.0,0.0,0.0
clintox,113,3,8,pr_auc,1,-0.038277116402116396,0.0049942288931832945,-0.11904761904761907,0.017733134920634885
clintox,113,3,16,pr_auc,1,-0.06163194444444453,-0.009762338072581811,-0.04761904761904767,-0.048115079365079416
clintox,113,3,32,pr_auc,0,0.0,0.0,0.0,0.0
clintox,127,1,4,pr_auc,1,-0.050708165763245217,-0.0650253054655866,-0.09302325581395354,-0.0039051116162499566
clintox,127,1,8,pr_auc,1,-0.047327621379028906,0.023454380299592514,-0.13953488372093026,-0.05723611353966318
clintox,127,1,16,pr_auc,1,-0.047327621379028906,0.023454380299592514,-0.13953488372093026,-0.05723611353966318
clintox,127,1,32,pr_auc,1,0.025936935361659863,0.0951187214958013,-0.023255813953488413,-0.06676575158827314
clintox,127,2,4,pr_auc,1,-0.019521410579344867,0.023250938439180413,-0.1785714285714285,-0.016237855343648744
clintox,127,2,8,pr_auc,1,0.040212306585102664,0.1418127712616315,0.0,0.04030226700251882
clintox,127,2,16,pr_auc,1,0.040212306585102664,0.1418127712616315,0.0,0.04030226700251882
clintox,127,2,32,pr_auc,1,0.004183159409859694,0.0892671573322954,0.0357142857142857,0.0254138179201151
clintox,127,3,4,pr_auc,0,0.0,0.0,0.0,0.0
clintox,127,3,8,pr_auc,0,0.0,0.0,0.0,0.0
clintox,127,3,16,pr_auc,0,0.0,0.0,0.0,0.0
clintox,127,3,32,pr_auc,0,0.0,0.0,0.0,0.0
clintox,149,1,4,pr_auc,1,0.047343164794007575,0.10369632419255859,0.0625,-0.003394194756554225
clintox,149,1,8,pr_auc,1,0.025983146067415808,0.04166948943711429,0.125,-0.031132958801498134
clintox,149,1,16,pr_auc,1,-0.01814138576779034,-0.07966000522027578,-0.09375,-0.019721441947565532
clintox,149,1,32,pr_auc,1,-0.054248595505618,-0.09539271699885526,-0.125,-0.08778089887640439
clintox,149,2,4,pr_auc,1,0.003831417624521216,-0.04214008803120012,0.04444444444444451,0.01559092248747418
clintox,149,2,8,pr_auc,1,-0.03902151488358396,-0.1387609284675036,0.0,0.01458885941644561
clintox,149,2,16,pr_auc,1,-0.03902151488358396,-0.1387609284675036,0.0,0.01458885941644561
clintox,149,2,32,pr_auc,1,-0.03902151488358396,-0.1387609284675036,0.0,0.01458885941644561
clintox,149,3,4,pr_auc,0,0.0,0.0,0.0,0.0
clintox,149,3,8,pr_auc,0,0.0,0.0,0.0,0.0
clintox,149,3,16,pr_auc,0,0.0,0.0,0.0,0.0
clintox,149,3,32,pr_auc,1,0.0014066895904971677,0.08409113444788874,-0.11428571428571421,-0.01775554860894024
tdc_hia_hou,11,1,4,pr_auc,0,0.0,0.0,0.0,0.0
tdc_hia_hou,11,1,8,pr_auc,0,0.0,0.0,0.0,0.0
tdc_hia_hou,11,1,16,pr_auc,0,0.0,0.0,0.0,0.0
tdc_hia_hou,11,1,32,pr_auc,0,0.0,0.0,0.0,0.0
tdc_hia_hou,11,2,4,pr_auc,0,0.0,0.0,0.0,0.0
tdc_hia_hou,11,2,8,pr_auc,1,-0.020124223602484337,-0.004700725445352827,0.0,-0.05590062111801242
tdc_hia_hou,11,2,16,pr_auc,1,-0.050434782608695716,-0.010697905676454011,-0.039999999999999925,-0.13801242236024835
tdc_hia_hou,11,2,32,pr_auc,1,-0.050434782608695716,-0.010697905676454011,-0.039999999999999925,-0.13801242236024835
tdc_hia_hou,11,3,4,pr_auc,0,0.0,0.0,0.0,0.0
tdc_hia_hou,11,3,8,pr_auc,1,0.008386075949367022,0.002595817848166204,0.0,0.009493670886075889
tdc_hia_hou,11,3,16,pr_auc,1,0.008386075949367022,0.002595817848166204,0.0,0.009493670886075889
tdc_hia_hou,11,3,32,pr_auc,1,0.008386075949367022,0.002595817848166204,0.0,0.009493670886075889
tdc_hia_hou,23,1,4,pr_auc,0,0.0,0.0,0.0,0.0
tdc_hia_hou,23,1,8,pr_auc,0,0.0,0.0,0.0,0.0
tdc_hia_hou,23,1,16,pr_auc,0,0.0,0.0,0.0,0.0
tdc_hia_hou,23,1,32,pr_auc,0,0.0,0.0,0.0,0.0
tdc_hia_hou,23,2,4,pr_auc,0,0.0,0.0,0.0,0.0
tdc_hia_hou,23,2,8,pr_auc,0,0.0,0.0,0.0,0.0
tdc_hia_hou,23,2,16,pr_auc,1,-0.017998027613412404,-0.007234900596149729,-0.038461538461538436,0.04166666666666663
tdc_hia_hou,23,2,32,pr_auc,1,-0.017998027613412404,-0.007234900596149729,-0.038461538461538436,0.04166666666666663
tdc_hia_hou,23,3,4,pr_auc,0,0.0,0.0,0.0,0.0
tdc_hia_hou,23,3,8,pr_auc,0,0.0,0.0,0.0,0.0
tdc_hia_hou,23,3,16,pr_auc,1,-0.032727272727272605,-0.007410267634759826,0.040000000000000036,-0.06766233766233776
tdc_hia_hou,23,3,32,pr_auc,1,-0.032727272727272605,-0.007410267634759826,0.040000000000000036,-0.06766233766233776
tdc_hia_hou,37,1,4,pr_auc,0,0.0,0.0,0.0,0.0
tdc_hia_hou,37,1,8,pr_auc,0,0.0,0.0,0.0,0.0
tdc_hia_hou,37,1,16,pr_auc,0,0.0,0.0,0.0,0.0
tdc_hia_hou,37,1,32,pr_auc,0,0.0,0.0,0.0,0.0
tdc_hia_hou,37,2,4,pr_auc,1,-0.03248049355833804,-0.007718610424314543,-0.06060606060606055,-0.030303030303030276
tdc_hia_hou,37,2,8,pr_auc,1,-0.03248049355833804,-0.007718610424314543,-0.06060606060606055,-0.030303030303030276
tdc_hia_hou,37,2,16,pr_auc,1,-0.03248049355833804,-0.007718610424314543,-0.06060606060606055,-0.030303030303030276
tdc_hia_hou,37,2,32,pr_auc,1,-0.03248049355833804,-0.007718610424314543,-0.06060606060606055,-0.030303030303030276
tdc_hia_hou,37,3,4,pr_auc,0,0.0,0.0,0.0,0.0
tdc_hia_hou,37,3,8,pr_auc,0,0.0,0.0,0.0,0.0
tdc_hia_hou,37,3,16,pr_auc,1,-0.010855263157894535,-0.001743797989512963,0.050000000000000044,-0.044078947368420995
tdc_hia_hou,37,3,32,pr_auc,1,-0.06019736842105239,-0.009383176546227001,-0.29999999999999993,-0.13026315789473686
tdc_hia_hou,53,1,4,pr_auc,0,0.0,0.0,0.0,0.0
tdc_hia_hou,53,1,8,pr_auc,1,-0.03069053708439895,-0.01801353038175324,-0.08695652173913038,0.006941907197661745
tdc_hia_hou,53,1,16,pr_auc,1,-0.03069053708439895,-0.01801353038175324,-0.08695652173913038,0.006941907197661745
tdc_hia_hou,53,1,32,pr_auc,1,-0.03069053708439895,-0.01801353038175324,-0.08695652173913038,0.006941907197661745
tdc_hia_hou,53,2,4,pr_auc,1,-0.010017889087656662,-0.001064835331455738,-0.15384615384615385,-0.0490161001788908
tdc_hia_hou,53,2,8,pr_auc,0,0.0,0.0,0.0,0.0
tdc_hia_hou,53,2,16,pr_auc,0,0.0,0.0,0.0,0.0
tdc_hia_hou,53,2,32,pr_auc,0,0.0,0.0,0.0,0.0
tdc_hia_hou,53,3,4,pr_auc,1,-0.05484004985459101,-0.011270316119861623,-0.06896551724137934,-0.04050685500623186
tdc_hia_hou,53,3,8,pr_auc,1,-0.037390943082675765,-0.008311717406479624,-0.06896551724137934,0.043830494391358554
tdc_hia_hou,53,3,16,pr_auc,1,-0.037390943082675765,-0.008311717406479624,-0.06896551724137934,0.043830494391358554
tdc_hia_hou,53,3,32,pr_auc,1,0.030328209389281047,0.0062735089532768296,0.06896551724137934,0.04954299958454511
tdc_hia_hou,71,1,4,pr_auc,0,0.0,0.0,0.0,0.0
tdc_hia_hou,71,1,8,pr_auc,1,-0.02502120441051736,-0.005127346205403005,-0.11111111111111116,-0.013570822731128196
tdc_hia_hou,71,1,16,pr_auc,1,-0.0025445292620865922,0.0008161168549047915,0.0,-0.057251908396946716
tdc_hia_hou,71,1,32,pr_auc,1,-0.0025445292620865922,0.0008161168549047915,0.0,-0.057251908396946716
tdc_hia_hou,71,2,4,pr_auc,0,0.0,0.0,0.0,0.0
tdc_hia_hou,71,2,8,pr_auc,0,0.0,0.0,0.0,0.0
tdc_hia_hou,71,2,16,pr_auc,0,0.0,0.0,0.0,0.0
tdc_hia_hou,71,2,32,pr_auc,0,0.0,0.0,0.0,0.0
tdc_hia_hou,71,3,4,pr_auc,0,0.0,0.0,0.0,0.0
tdc_hia_hou,71,3,8,pr_auc,0,0.0,0.0,0.0,0.0
tdc_hia_hou,71,3,16,pr_auc,0,0.0,0.0,0.0,0.0
tdc_hia_hou,71,3,32,pr_auc,0,0.0,0.0,0.0,0.0
tdc_hia_hou,83,1,4,pr_auc,1,-0.0044624746450304675,-0.0007099199664259981,0.05882352941176472,0.019066937119675553
tdc_hia_hou,83,1,8,pr_auc,1,-0.0028397565922921864,-0.0003976258245389497,0.05882352941176472,0.01561866125760647
tdc_hia_hou,83,1,16,pr_auc,0,0.0,0.0,0.0,0.0
tdc_hia_hou,83,1,32,pr_auc,0,0.0,0.0,0.0,0.0
tdc_hia_hou,83,2,4,pr_auc,0,0.0,0.0,0.0,0.0
tdc_hia_hou,83,2,8,pr_auc,0,0.0,0.0,0.0,0.0
tdc_hia_hou,83,2,16,pr_auc,0,0.0,0.0,0.0,0.0
tdc_hia_hou,83,2,32,pr_auc,0,0.0,0.0,0.0,0.0
tdc_hia_hou,83,3,4,pr_auc,0,0.0,0.0,0.0,0.0
tdc_hia_hou,83,3,8,pr_auc,0,0.0,0.0,0.0,0.0
tdc_hia_hou,83,3,16,pr_auc,0,0.0,0.0,0.0,0.0
tdc_hia_hou,83,3,32,pr_auc,1,-0.025669642857142794,-0.006366324465968964,-0.03125,-0.05848214285714293
tdc_hia_hou,97,1,4,pr_auc,0,0.0,0.0,0.0,0.0
tdc_hia_hou,97,1,8,pr_auc,1,-0.02898550724637672,-0.01142200555721562,-0.06666666666666665,-0.018840579710144967
tdc_hia_hou,97,1,16,pr_auc,1,0.0414251207729468,0.020422496754221475,0.09999999999999998,0.04999999999999993
tdc_hia_hou,97,1,32,pr_auc,1,0.0414251207729468,0.020422496754221475,0.09999999999999998,0.04999999999999993
tdc_hia_hou,97,2,4,pr_auc,0,0.0,0.0,0.0,0.0
tdc_hia_hou,97,2,8,pr_auc,1,0.00586419753086409,0.0006827851269528562,0.09999999999999998,0.03765432098765431
tdc_hia_hou,97,2,16,pr_auc,1,0.0015432098765432167,9.436096639836578e-05,0.0,-0.043209876543209846
tdc_hia_hou,97,2,32,pr_auc,1,0.0015432098765432167,9.436096639836578e-05,0.0,-0.043209876543209846
tdc_hia_hou,97,3,4,pr_auc,0,0.0,0.0,0.0,0.0
tdc_hia_hou,97,3,8,pr_auc,0,0.0,0.0,0.0,0.0
tdc_hia_hou,97,3,16,pr_auc,0,0.0,0.0,0.0,0.0
tdc_hia_hou,97,3,32,pr_auc,0,0.0,0.0,0.0,0.0
tdc_hia_hou,113,1,4,pr_auc,0,0.0,0.0,0.0,0.0
tdc_hia_hou,113,1,8,pr_auc,0,0.0,0.0,0.0,0.0
tdc_hia_hou,113,1,16,pr_auc,0,0.0,0.0,0.0,0.0
tdc_hia_hou,113,1,32,pr_auc,0,0.0,0.0,0.0,0.0
tdc_hia_hou,113,2,4,pr_auc,0,0.0,0.0,0.0,0.0
tdc_hia_hou,113,2,8,pr_auc,0,0.0,0.0,0.0,0.0
tdc_hia_hou,113,2,16,pr_auc,0,0.0,0.0,0.0,0.0
tdc_hia_hou,113,2,32,pr_auc,0,0.0,0.0,0.0,0.0
tdc_hia_hou,113,3,4,pr_auc,0,0.0,0.0,0.0,0.0
tdc_hia_hou,113,3,8,pr_auc,0,0.0,0.0,0.0,0.0
tdc_hia_hou,113,3,16,pr_auc,1,-0.011278195488721776,-0.0037560851388291905,0.1428571428571429,0.05498120300751885
tdc_hia_hou,113,3,32,pr_auc,1,-0.011278195488721776,-0.0037560851388291905,0.1428571428571429,0.05498120300751885
tdc_hia_hou,127,1,4,pr_auc,0,0.0,0.0,0.0,0.0
tdc_hia_hou,127,1,8,pr_auc,0,0.0,0.0,0.0,0.0
tdc_hia_hou,127,1,16,pr_auc,0,0.0,0.0,0.0,0.0
tdc_hia_hou,127,1,32,pr_auc,0,0.0,0.0,0.0,0.0
tdc_hia_hou,127,2,4,pr_auc,0,0.0,0.0,0.0,0.0
tdc_hia_hou,127,2,8,pr_auc,0,0.0,0.0,0.0,0.0
tdc_hia_hou,127,2,16,pr_auc,0,0.0,0.0,0.0,0.0
tdc_hia_hou,127,2,32,pr_auc,0,0.0,0.0,0.0,0.0
tdc_hia_hou,127,3,4,pr_auc,0,0.0,0.0,0.0,0.0
tdc_hia_hou,127,3,8,pr_auc,0,0.0,0.0,0.0,0.0
tdc_hia_hou,127,3,16,pr_auc,1,-0.040175666883539574,-0.007320698593616171,-0.1724137931034483,-0.10743331164606384
tdc_hia_hou,127,3,32,pr_auc,1,-0.040175666883539574,-0.007320698593616171,-0.1724137931034483,-0.10743331164606384
tdc_hia_hou,149,1,4,pr_auc,1,-0.011574074074074181,-0.0018778459177594131,-0.05555555555555547,-0.03819444444444442
tdc_hia_hou,149,1,8,pr_auc,1,-0.011574074074074181,-0.0018778459177594131,-0.05555555555555547,-0.03819444444444442
tdc_hia_hou,149,1,16,pr_auc,1,-0.011574074074074181,-0.0018778459177594131,-0.05555555555555547,-0.03819444444444442
tdc_hia_hou,149,1,32,pr_auc,1,-0.011574074074074181,-0.0018778459177594131,-0.05555555555555547,-0.03819444444444442
tdc_hia_hou,149,2,4,pr_auc,0,0.0,0.0,0.0,0.0
tdc_hia_hou,149,2,8,pr_auc,0,0.0,0.0,0.0,0.0
tdc_hia_hou,149,2,16,pr_auc,0,0.0,0.0,0.0,0.0
tdc_hia_hou,149,2,32,pr_auc,0,0.0,0.0,0.0,0.0
tdc_hia_hou,149,3,4,pr_auc,0,0.0,0.0,0.0,0.0
tdc_hia_hou,149,3,8,pr_auc,1,0.018778742973939777,0.006451095721357825,0.07894736842105265,0.022483392948390413
tdc_hia_hou,149,3,16,pr_auc,0,0.0,0.0,0.0,0.0
tdc_hia_hou,149,3,32,pr_auc,0,0.0,0.0,0.0,0.0
tdc_pgp_broccatelli,11,1,4,pr_auc,0,0.0,0.0,0.0,0.0
tdc_pgp_broccatelli,11,1,8,pr_auc,1,-0.003937472929873453,-0.0010742357134296832,0.0429184549356223,0.012284915541205699
tdc_pgp_broccatelli,11,1,16,pr_auc,0,0.0,0.0,0.0,0.0
tdc_pgp_broccatelli,11,1,32,pr_auc,0,0.0,0.0,0.0,0.0
tdc_pgp_broccatelli,11,2,4,pr_auc,0,0.0,0.0,0.0,0.0
tdc_pgp_broccatelli,11,2,8,pr_auc,0,0.0,0.0,0.0,0.0
tdc_pgp_broccatelli,11,2,16,pr_auc,1,0.0016743911913627008,0.0023285302625517534,-0.006134969325153339,-0.0030674846625766694
tdc_pgp_broccatelli,11,2,32,pr_auc,1,0.0016743911913627008,0.0023285302625517534,-0.006134969325153339,-0.0030674846625766694
tdc_pgp_broccatelli,11,3,4,pr_auc,0,0.0,0.0,0.0,0.0
tdc_pgp_broccatelli,11,3,8,pr_auc,1,0.0031360946745562224,-0.0006099598621684965,0.023668639053254448,0.009334319526627222
tdc_pgp_broccatelli,11,3,16,pr_auc,0,0.0,0.0,0.0,0.0
tdc_pgp_broccatelli,11,3,32,pr_auc,0,0.0,0.0,0.0,0.0
tdc_pgp_broccatelli,23,1,4,pr_auc,0,0.0,0.0,0.0,0.0
tdc_pgp_broccatelli,23,1,8,pr_auc,1,0.010608465608465623,0.007093061004401546,-0.005714285714285783,0.008716931216931068
tdc_pgp_broccatelli,23,1,16,pr_auc,1,0.006296296296296244,0.003923456898405897,0.011428571428571455,0.003399470899470902
tdc_pgp_broccatelli,23,1,32,pr_auc,1,0.006296296296296244,0.003923456898405897,0.011428571428571455,0.003399470899470902
tdc_pgp_broccatelli,23,2,4,pr_auc,0,0.0,0.0,0.0,0.0
tdc_pgp_broccatelli,23,2,8,pr_auc,0,0.0,0.0,0.0,0.0
tdc_pgp_broccatelli,23,2,16,pr_auc,0,0.0,0.0,0.0,0.0
tdc_pgp_broccatelli,23,2,32,pr_auc,0,0.0,0.0,0.0,0.0
tdc_pgp_broccatelli,23,3,4,pr_auc,1,0.011761561079924987,0.019276217239455606,-0.05747126436781613,-0.02001470195134991
tdc_pgp_broccatelli,23,3,8,pr_auc,0,0.0,0.0,0.0,0.0
tdc_pgp_broccatelli,23,3,16,pr_auc,1,0.0049786153434909775,6.107209103878297e-05,0.01724137931034475,0.008620689655172376
tdc_pgp_broccatelli,23,3,32,pr_auc,1,0.0049786153434909775,6.107209103878297e-05,0.01724137931034475,0.008620689655172376
tdc_pgp_broccatelli,37,1,4,pr_auc,1,0.006851119894598079,0.015380280964539361,-0.006060606060605989,-0.0006148440931048604
tdc_pgp_broccatelli,37,1,8,pr_auc,0,0.0,0.0,0.0,0.0
tdc_pgp_broccatelli,37,1,16,pr_auc,0,0.0,0.0,0.0,0.0
tdc_pgp_broccatelli,37,1,32,pr_auc,0,0.0,0.0,0.0,0.0
tdc_pgp_broccatelli,37,2,4,pr_auc,0,0.0,0.0,0.0,0.0
tdc_pgp_broccatelli,37,2,8,pr_auc,0,0.0,0.0,0.0,0.0
tdc_pgp_broccatelli,37,2,16,pr_auc,1,0.002843472317156759,0.00382221581880815,0.022857142857142798,-0.0005331510594669409
tdc_pgp_broccatelli,37,2,32,pr_auc,1,0.002843472317156759,0.00382221581880815,0.022857142857142798,-0.0005331510594669409
tdc_pgp_broccatelli,37,3,4,pr_auc,0,0.0,0.0,0.0,0.0
tdc_pgp_broccatelli,37,3,8,pr_auc,0,0.0,0.0,0.0,0.0
tdc_pgp_broccatelli,37,3,16,pr_auc,1,-0.008552188552188533,-0.005085731841589669,-0.06666666666666665,-0.013852813852813783
tdc_pgp_broccatelli,37,3,32,pr_auc,1,-0.008552188552188533,-0.005085731841589669,-0.06666666666666665,-0.013852813852813783
tdc_pgp_broccatelli,53,1,4,pr_auc,0,0.0,0.0,0.0,0.0
tdc_pgp_broccatelli,53,1,8,pr_auc,0,0.0,0.0,0.0,0.0
tdc_pgp_broccatelli,53,1,16,pr_auc,0,0.0,0.0,0.0,0.0
tdc_pgp_broccatelli,53,1,32,pr_auc,0,0.0,0.0,0.0,0.0
tdc_pgp_broccatelli,53,2,4,pr_auc,0,0.0,0.0,0.0,0.0
tdc_pgp_broccatelli,53,2,8,pr_auc,0,0.0,0.0,0.0,0.0
tdc_pgp_broccatelli,53,2,16,pr_auc,0,0.0,0.0,0.0,0.0
tdc_pgp_broccatelli,53,2,32,pr_auc,0,0.0,0.0,0.0,0.0
tdc_pgp_broccatelli,53,3,4,pr_auc,0,0.0,0.0,0.0,0.0
tdc_pgp_broccatelli,53,3,8,pr_auc,0,0.0,0.0,0.0,0.0
tdc_pgp_broccatelli,53,3,16,pr_auc,0,0.0,0.0,0.0,0.0
tdc_pgp_broccatelli,53,3,32,pr_auc,0,0.0,0.0,0.0,0.0
tdc_pgp_broccatelli,71,1,4,pr_auc,0,0.0,0.0,0.0,0.0
tdc_pgp_broccatelli,71,1,8,pr_auc,1,0.0043179327066794615,-0.0010526481325220383,0.06211180124223603,0.023034510246786488
tdc_pgp_broccatelli,71,1,16,pr_auc,0,0.0,0.0,0.0,0.0
tdc_pgp_broccatelli,71,1,32,pr_auc,0,0.0,0.0,0.0,0.0
tdc_pgp_broccatelli,71,2,4,pr_auc,1,-0.0008185635988327,-0.0008879053087089694,0.0358744394618834,0.010000711794433625
tdc_pgp_broccatelli,71,2,8,pr_auc,0,0.0,0.0,0.0,0.0
tdc_pgp_broccatelli,71,2,16,pr_auc,0,0.0,0.0,0.0,0.0
tdc_pgp_broccatelli,71,2,32,pr_auc,0,0.0,0.0,0.0,0.0
tdc_pgp_broccatelli,71,3,4,pr_auc,0,0.0,0.0,0.0,0.0
tdc_pgp_broccatelli,71,3,8,pr_auc,0,0.0,0.0,0.0,0.0
tdc_pgp_broccatelli,71,3,16,pr_auc,0,0.0,0.0,0.0,0.0
tdc_pgp_broccatelli,71,3,32,pr_auc,0,0.0,0.0,0.0,0.0
tdc_pgp_broccatelli,83,1,4,pr_auc,0,0.0,0.0,0.0,0.0
tdc_pgp_broccatelli,83,1,8,pr_auc,0,0.0,0.0,0.0,0.0
tdc_pgp_broccatelli,83,1,16,pr_auc,0,0.0,0.0,0.0,0.0
tdc_pgp_broccatelli,83,1,32,pr_auc,0,0.0,0.0,0.0,0.0
tdc_pgp_broccatelli,83,2,4,pr_auc,0,0.0,0.0,0.0,0.0
tdc_pgp_broccatelli,83,2,8,pr_auc,0,0.0,0.0,0.0,0.0
tdc_pgp_broccatelli,83,2,16,pr_auc,0,0.0,0.0,0.0,0.0
tdc_pgp_broccatelli,83,2,32,pr_auc,0,0.0,0.0,0.0,0.0
tdc_pgp_broccatelli,83,3,4,pr_auc,1,0.013250333481547472,0.012917355190061097,0.046242774566473965,0.015429079590929207
tdc_pgp_broccatelli,83,3,8,pr_auc,0,0.0,0.0,0.0,0.0
tdc_pgp_broccatelli,83,3,16,pr_auc,0,0.0,0.0,0.0,0.0
tdc_pgp_broccatelli,83,3,32,pr_auc,0,0.0,0.0,0.0,0.0
tdc_pgp_broccatelli,97,1,4,pr_auc,0,0.0,0.0,0.0,0.0
tdc_pgp_broccatelli,97,1,8,pr_auc,0,0.0,0.0,0.0,0.0
tdc_pgp_broccatelli,97,1,16,pr_auc,0,0.0,0.0,0.0,0.0
tdc_pgp_broccatelli,97,1,32,pr_auc,0,0.0,0.0,0.0,0.0
tdc_pgp_broccatelli,97,2,4,pr_auc,0,0.0,0.0,0.0,0.0
tdc_pgp_broccatelli,97,2,8,pr_auc,0,0.0,0.0,0.0,0.0
tdc_pgp_broccatelli,97,2,16,pr_auc,0,0.0,0.0,0.0,0.0
tdc_pgp_broccatelli,97,2,32,pr_auc,0,0.0,0.0,0.0,0.0
tdc_pgp_broccatelli,97,3,4,pr_auc,1,-0.0025744680851061963,-0.0008608121884992048,0.004255319148936176,-0.007872340425531865
tdc_pgp_broccatelli,97,3,8,pr_auc,1,-0.005212765957446908,-0.00534270595644204,0.03829787234042559,0.021648936170212796
tdc_pgp_broccatelli,97,3,16,pr_auc,1,-0.0014787234042553665,0.004591457933185272,-0.008510638297872353,0.003244680851063886
tdc_pgp_broccatelli,97,3,32,pr_auc,1,-0.0014787234042553665,0.004591457933185272,-0.008510638297872353,0.003244680851063886
tdc_pgp_broccatelli,113,1,4,pr_auc,0,0.0,0.0,0.0,0.0
tdc_pgp_broccatelli,113,1,8,pr_auc,1,-0.0023007590132826383,-0.003141318051494202,0.0,-0.006048387096774133
tdc_pgp_broccatelli,113,1,16,pr_auc,1,0.005621442125237186,-0.0010823820700651687,-0.08235294117647052,-0.018999051233396513
tdc_pgp_broccatelli,113,1,32,pr_auc,1,0.005621442125237186,-0.0010823820700651687,-0.08235294117647052,-0.018999051233396513
tdc_pgp_broccatelli,113,2,4,pr_auc,0,0.0,0.0,0.0,0.0
tdc_pgp_broccatelli,113,2,8,pr_auc,1,0.002800107457998413,0.005550559109980369,-0.027649769585253448,0.013080944803785854
tdc_pgp_broccatelli,113,2,16,pr_auc,1,0.0023144799652830006,0.0016082957742538095,0.004608294930875667,-0.004422309933665325
tdc_pgp_broccatelli,113,2,32,pr_auc,1,0.0023144799652830006,0.0016082957742538095,0.004608294930875667,-0.004422309933665325
tdc_pgp_broccatelli,113,3,4,pr_auc,0,0.0,0.0,0.0,0.0
tdc_pgp_broccatelli,113,3,8,pr_auc,0,0.0,0.0,0.0,0.0
tdc_pgp_broccatelli,113,3,16,pr_auc,0,0.0,0.0,0.0,0.0
tdc_pgp_broccatelli,113,3,32,pr_auc,0,0.0,0.0,0.0,0.0
tdc_pgp_broccatelli,127,1,4,pr_auc,0,0.0,0.0,0.0,0.0
tdc_pgp_broccatelli,127,1,8,pr_auc,0,0.0,0.0,0.0,0.0
tdc_pgp_broccatelli,127,1,16,pr_auc,1,-0.005683048278848357,-0.005120447769528025,0.024193548387096753,0.002029660099588604
tdc_pgp_broccatelli,127,1,32,pr_auc,1,-0.005683048278848357,-0.005120447769528025,0.024193548387096753,0.002029660099588604
tdc_pgp_broccatelli,127,2,4,pr_auc,0,0.0,0.0,0.0,0.0
tdc_pgp_broccatelli,127,2,8,pr_auc,0,0.0,0.0,0.0,0.0
tdc_pgp_broccatelli,127,2,16,pr_auc,0,0.0,0.0,0.0,0.0
tdc_pgp_broccatelli,127,2,32,pr_auc,0,0.0,0.0,0.0,0.0
tdc_pgp_broccatelli,127,3,4,pr_auc,0,0.0,0.0,0.0,0.0
tdc_pgp_broccatelli,127,3,8,pr_auc,0,0.0,0.0,0.0,0.0
tdc_pgp_broccatelli,127,3,16,pr_auc,0,0.0,0.0,0.0,0.0
tdc_pgp_broccatelli,127,3,32,pr_auc,0,0.0,0.0,0.0,0.0
tdc_pgp_broccatelli,149,1,4,pr_auc,0,0.0,0.0,0.0,0.0
tdc_pgp_broccatelli,149,1,8,pr_auc,0,0.0,0.0,0.0,0.0
tdc_pgp_broccatelli,149,1,16,pr_auc,1,0.001443939065771449,-9.640656884324361e-05,0.03703703703703698,0.012670565302144277
tdc_pgp_broccatelli,149,1,32,pr_auc,1,0.001443939065771449,-9.640656884324361e-05,0.03703703703703698,0.012670565302144277
tdc_pgp_broccatelli,149,2,4,pr_auc,0,0.0,0.0,0.0,0.0
tdc_pgp_broccatelli,149,2,8,pr_auc,0,0.0,0.0,0.0,0.0
tdc_pgp_broccatelli,149,2,16,pr_auc,1,0.0038719285182426955,0.0015733896572416306,0.00421940928270037,0.019756763464879534
tdc_pgp_broccatelli,149,2,32,pr_auc,1,0.0038719285182426955,0.0015733896572416306,0.00421940928270037,0.019756763464879534
tdc_pgp_broccatelli,149,3,4,pr_auc,0,0.0,0.0,0.0,0.0
tdc_pgp_broccatelli,149,3,8,pr_auc,0,0.0,0.0,0.0,0.0
tdc_pgp_broccatelli,149,3,16,pr_auc,0,0.0,0.0,0.0,0.0
tdc_pgp_broccatelli,149,3,32,pr_auc,0,0.0,0.0,0.0,0.0
bace,11,1,4,minority_constrained,0,0.0,0.0,0.0,0.0
bace,11,1,8,minority_constrained,1,-0.011167341430499245,-0.013854551084462097,-0.00809716599190291,-0.004048582995951566
bace,11,1,16,minority_constrained,1,-0.001939946018893468,-0.003346349750275479,0.0,0.002083333333333215
bace,11,1,32,minority_constrained,1,-0.004588394062078338,-0.01844575705780538,-0.012145748987854255,-0.01023954116059378
bace,11,2,4,minority_constrained,0,0.0,0.0,0.0,0.0
bace,11,2,8,minority_constrained,0,0.0,0.0,0.0,0.0
bace,11,2,16,minority_constrained,1,-0.005976303564904195,0.0002721946808725839,-0.04621848739495804,-0.021556448666423145
bace,11,2,32,minority_constrained,1,-0.005976303564904195,0.0002721946808725839,-0.04621848739495804,-0.021556448666423145
bace,11,3,4,minority_constrained,0,0.0,0.0,0.0,0.0
bace,11,3,8,minority_constrained,1,0.0043595967139659075,0.0031272449074956077,-0.024271844660194164,-0.0005974607916354735
bace,11,3,16,minority_constrained,1,0.0043595967139659075,0.0031272449074956077,-0.024271844660194164,-0.0005974607916354735
bace,11,3,32,minority_constrained,1,0.0043595967139659075,0.0031272449074956077,-0.024271844660194164,-0.0005974607916354735
bace,23,1,4,minority_constrained,0,0.0,0.0,0.0,0.0
bace,23,1,8,minority_constrained,0,0.0,0.0,0.0,0.0
bace,23,1,16,minority_constrained,0,0.0,0.0,0.0,0.0
bace,23,1,32,minority_constrained,1,-0.01058383664078233,-0.013096991152664161,-0.03825136612021862,-0.0270204199022146
bace,23,2,4,minority_constrained,0,0.0,0.0,0.0,0.0
bace,23,2,8,minority_constrained,1,0.00044273907910263866,0.0016422488160323656,-0.045454545454545414,-0.008116883116883189
bace,23,2,16,minority_constrained,1,-0.0007624950806769393,0.005496390552980901,-0.0037878787878787845,-0.0035173160173160856
bace,23,2,32,minority_constrained,1,0.012470484061393283,0.006625377617138994,-0.05681818181818188,0.0024350649350648457
bace,23,3,4,minority_constrained,0,0.0,0.0,0.0,0.0
bace,23,3,8,minority_constrained,1,-0.008468680429062903,-0.012404858691644871,-0.016393442622950727,0.0010625379477838814
bace,23,3,16,minority_constrained,1,-0.008468680429062903,-0.012404858691644871,-0.016393442622950727,0.0010625379477838814
bace,23,3,32,minority_constrained,1,-0.00043639951426843737,-0.013804454869786542,-0.020491803278688492,0.006729407002631027
bace,37,1,4,minority_constrained,0,0.0,0.0,0.0,0.0
bace,37,1,8,minority_constrained,1,0.0008897569444444864,0.010897202092423175,-0.01041666666666663,-0.0031250000000000444
bace,37,1,16,minority_constrained,1,0.0002929687500000666,0.0012749344642114524,-0.015625,-0.009895833333333326
bace,37,1,32,minority_constrained,1,0.0002929687500000666,0.0012749344642114524,-0.015625,-0.009895833333333326
bace,37,2,4,minority_constrained,1,-0.01544080305142237,-0.008807421952353067,-0.04395604395604391,0.013420208110473508
bace,37,2,8,minority_constrained,0,0.0,0.0,0.0,0.0
bace,37,2,16,minority_constrained,0,0.0,0.0,0.0,0.0
bace,37,2,32,minority_constrained,0,0.0,0.0,0.0,0.0
bace,37,3,4,minority_constrained,1,-0.02643941876980238,-0.039686522969711424,-0.013274336283185861,-0.010752394479041527
bace,37,3,8,minority_constrained,1,-0.008321497505371589,-0.01788861893387994,-0.008849557522123908,0.0017480607451109131
bace,37,3,16,minority_constrained,1,-0.0045522415237262415,-0.003011338756309434,-0.04424778761061943,-0.02212389380530977
bace,37,3,32,minority_constrained,1,-0.0045522415237262415,-0.003011338756309434,-0.04424778761061943,-0.02212389380530977
bace,53,1,4,minority_constrained,0,0.0,0.0,0.0,0.0
bace,53,1,8,minority_constrained,0,0.0,0.0,0.0,0.0
bace,53,1,16,minority_constrained,0,0.0,0.0,0.0,0.0
bace,53,1,32,minority_constrained,0,0.0,0.0,0.0,0.0
bace,53,2,4,minority_constrained,0,0.0,0.0,0.0,0.0
bace,53,2,8,minority_constrained,0,0.0,0.0,0.0,0.0
bace,53,2,16,minority_constrained,0,0.0,0.0,0.0,0.0
bace,53,2,32,minority_constrained,0,0.0,0.0,0.0,0.0
bace,53,3,4,minority_constrained,0,0.0,0.0,0.0,0.0
bace,53,3,8,minority_constrained,0,0.0,0.0,0.0,0.0
bace,53,3,16,minority_constrained,1,-0.0012757973733583672,-0.00028942183523184006,0.0,0.004878048780487809
bace,53,3,32,minority_constrained,1,-0.0012757973733583672,-0.00028942183523184006,0.0,0.004878048780487809
bace,71,1,4,minority_constrained,1,0.02498892164229427,0.016392382196249056,0.0639269406392694,0.031963470319634646
bace,71,1,8,minority_constrained,1,-0.0017821705874419003,0.00029556720739387643,0.0182648401826484,-0.0014161031154268366
bace,71,1,16,minority_constrained,1,-0.002918906421594092,-0.005281510056905914,0.0091324200913242,-0.008092017802439178
bace,71,1,32,minority_constrained,1,-0.002918906421594092,-0.005281510056905914,0.0091324200913242,-0.008092017802439178
bace,71,2,4,minority_constrained,0,0.0,0.0,0.0,0.0
bace,71,2,8,minority_constrained,1,-0.012020202020201931,-0.026650337545046865,-0.03703703703703709,-0.016851851851851785
bace,71,2,16,minority_constrained,1,-0.020370370370370372,-0.03569024292072176,-0.01683501683501687,-0.023417508417508337
bace,71,2,32,minority_constrained,1,-0.003496071829405367,-0.007517953598211169,-0.0033670033670033517,0.004983164983165089
bace,71,3,4,minority_constrained,1,-0.01786466165413536,-0.011935594925386872,0.040000000000000036,-0.0256140350877192
bace,71,3,8,minority_constrained,1,0.0009824561403509735,-0.00571602465414256,0.0,-0.00877192982456143
bace,71,3,16,minority_constrained,1,-0.007458646616541276,0.011722708529656956,0.005714285714285672,-0.011177944862155398
bace,71,3,32,minority_constrained,1,-0.007458646616541276,0.011722708529656956,0.005714285714285672,-0.011177944862155398
bace,83,1,4,minority_constrained,0,0.0,0.0,0.0,0.0
bace,83,1,8,minority_constrained,0,0.0,0.0,0.0,0.0
bace,83,1,16,minority_constrained,1,-0.005780677655677913,-0.006342466821062875,-0.02564102564102555,-0.014556623931623824
bace,83,1,32,minority_constrained,1,-0.006912647537647643,-0.0056140871427630135,0.01831501831501836,-0.006467490842490764
bace,83,2,4,minority_constrained,0,0.0,0.0,0.0,0.0
bace,83,2,8,minority_constrained,1,-0.009745193150604847,-0.0053456809853766885,-0.008298755186721962,0.00289287592776577
bace,83,2,16,minority_constrained,1,-0.0011980597276605165,0.001926203043695618,-0.016597510373444035,-0.010059318567003706
bace,83,2,32,minority_constrained,1,-0.0011980597276605165,0.001926203043695618,-0.016597510373444035,-0.010059318567003706
bace,83,3,4,minority_constrained,0,0.0,0.0,0.0,0.0
bace,83,3,8,minority_constrained,0,0.0,0.0,0.0,0.0
bace,83,3,16,minority_constrained,1,0.008067796610169653,0.013291892418845763,0.03389830508474578,0.0049491525423729366
bace,83,3,32,minority_constrained,1,0.006011299435028206,0.006277347082991658,0.02824858757062143,0.002124293785310649
bace,97,1,4,minority_constrained,0,0.0,0.0,0.0,0.0
bace,97,1,8,minority_constrained,0,0.0,0.0,0.0,0.0
bace,97,1,16,minority_constrained,0,0.0,0.0,0.0,0.0
bace,97,1,32,minority_constrained,0,0.0,0.0,0.0,0.0
bace,97,2,4,minority_constrained,0,0.0,0.0,0.0,0.0
bace,97,2,8,minority_constrained,1,0.00295963878641059,0.002088428099487616,0.05594405594405594,0.02009801222399643
bace,97,2,16,minority_constrained,1,0.005079566103188271,-0.0023618885075959994,0.06293706293706292,0.029500027531523476
bace,97,2,32,minority_constrained,1,0.005079566103188271,-0.0023618885075959994,0.06293706293706292,0.029500027531523476
bace,97,3,4,minority_constrained,0,0.0,0.0,0.0,0.0
bace,97,3,8,minority_constrained,1,-0.006190790923110923,-0.002094082574391365,-0.02352941176470591,-0.009892046706323043
bace,97,3,16,minority_constrained,1,-0.006190790923110923,-0.002094082574391365,-0.02352941176470591,-0.009892046706323043
bace,97,3,32,minority_constrained,1,-0.006190790923110923,-0.002094082574391365,-0.02352941176470591,-0.009892046706323043
bace,113,1,4,minority_constrained,0,0.0,0.0,0.0,0.0
bace,113,1,8,minority_constrained,1,-0.0022800578356133583,0.0014245372716654714,0.008230452674897082,0.00749360471582694
bace,113,1,16,minority_constrained,1,-0.00788983427872314,-0.011313246240450048,0.012345679012345734,0.0027944611277945786
bace,113,1,32,minority_constrained,1,-0.00788983427872314,-0.011313246240450048,0.012345679012345734,0.0027944611277945786
bace,113,2,4,minority_constrained,0,0.0,0.0,0.0,0.0
bace,113,2,8,minority_constrained,1,-0.0030615030615029903,0.0020936407350947706,0.0,0.01158301158301156
bace,113,2,16,minority_constrained,0,0.0,0.0,0.0,0.0
bace,113,2,32,minority_constrained,1,0.0028470028470027886,0.004082923585016607,-0.015151515151515138,-0.011436761436761533
bace,113,3,4,minority_constrained,0,0.0,0.0,0.0,0.0
bace,113,3,8,minority_constrained,0,0.0,0.0,0.0,0.0
bace,113,3,16,minority_constrained,0,0.0,0.0,0.0,0.0
bace,113,3,32,minority_constrained,1,-0.019625468164793936,-0.026081079163436827,-0.02400000000000002,-0.015745318352059945
bace,127,1,4,minority_constrained,0,0.0,0.0,0.0,0.0
bace,127,1,8,minority_constrained,0,0.0,0.0,0.0,0.0
bace,127,1,16,minority_constrained,0,0.0,0.0,0.0,0.0
bace,127,1,32,minority_constrained,1,0.0035947712418300526,0.005311251681345053,-0.007017543859649145,-0.01004471964224285
bace,127,2,4,minority_constrained,0,0.0,0.0,0.0,0.0
bace,127,2,8,minority_constrained,0,0.0,0.0,0.0,0.0
bace,127,2,16,minority_constrained,0,0.0,0.0,0.0,0.0
bace,127,2,32,minority_constrained,0,0.0,0.0,0.0,0.0
bace,127,3,4,minority_constrained,0,0.0,0.0,0.0,0.0
bace,127,3,8,minority_constrained,1,0.0036099711202310925,0.0072370712663450965,-0.015503875968992276,-0.02000683994528052
bace,127,3,16,minority_constrained,1,0.0036099711202310925,0.0072370712663450965,-0.015503875968992276,-0.02000683994528052
bace,127,3,32,minority_constrained,1,-0.0030019759841920512,0.00036982744705627013,0.023255813953488302,-0.005528955768353994
bace,149,1,4,minority_constrained,0,0.0,0.0,0.0,0.0
bace,149,1,8,minority_constrained,0,0.0,0.0,0.0,0.0
bace,149,1,16,minority_constrained,1,0.009198302977104778,0.004494457499948923,0.07834101382488479,0.03520225294418833
bace,149,1,32,minority_constrained,1,0.00596152439470421,0.018447181988509698,0.004608294930875667,0.014208909370199585
bace,149,2,4,minority_constrained,0,0.0,0.0,0.0,0.0
bace,149,2,8,minority_constrained,0,0.0,0.0,0.0,0.0
bace,149,2,16,minority_constrained,0,0.0,0.0,0.0,0.0
bace,149,2,32,minority_constrained,1,-0.010798519301956522,-0.0018010143357763964,0.0,-0.011290322580645107
bace,149,3,4,minority_constrained,1,-0.010628129267182485,0.002320007546722347,-0.011834319526627168,-0.00591715976331364
bace,149,3,8,minority_constrained,0,0.0,0.0,0.0,0.0
bace,149,3,16,minority_constrained,1,-0.014360491579426315,-0.020813149520874985,-0.041420118343195256,-0.013017751479289963
bace,149,3,32,minority_constrained,1,-0.010309512972234813,-0.0042153457297690045,-0.005917159763313529,-0.0010355029585797926
bbbp,11,1,4,minority_constrained,0,0.0,0.0,0.0,0.0
bbbp,11,1,8,minority_constrained,0,0.0,0.0,0.0,0.0
bbbp,11,1,16,minority_constrained,1,0.004647708906652781,-0.0003857613955039474,-0.02051282051282055,0.005927576114969635
bbbp,11,1,32,minority_constrained,1,0.004647708906652781,-0.0003857613955039474,-0.02051282051282055,0.005927576114969635
bbbp,11,2,4,minority_constrained,0,0.0,0.0,0.0,0.0
bbbp,11,2,8,minority_constrained,1,0.012021927769020002,0.004492828968773233,-0.013605442176870763,-0.0005396730717339704
bbbp,11,2,16,minority_constrained,0,0.0,0.0,0.0,0.0
bbbp,11,2,32,minority_constrained,0,0.0,0.0,0.0,0.0
bbbp,11,3,4,minority_constrained,0,0.0,0.0,0.0,0.0
bbbp,11,3,8,minority_constrained,0,0.0,0.0,0.0,0.0
bbbp,11,3,16,minority_constrained,0,0.0,0.0,0.0,0.0
bbbp,11,3,32,minority_constrained,0,0.0,0.0,0.0,0.0
bbbp,23,1,4,minority_constrained,1,-0.028122071726723097,-0.015950632949355836,-0.04069767441860472,-0.014854331714796887
bbbp,23,1,8,minority_constrained,1,-0.004546809779368055,-0.0033997047508673717,-0.011627906976744207,0.017995570321151844
bbbp,23,1,16,minority_constrained,1,-0.015940454893943468,-0.00800091797618796,-0.01744186046511631,0.00043657892495108097
bbbp,23,1,32,minority_constrained,1,-0.015940454893943468,-0.00800091797618796,-0.01744186046511631,0.00043657892495108097
bbbp,23,2,4,minority_constrained,0,0.0,0.0,0.0,0.0
bbbp,23,2,8,minority_constrained,0,0.0,0.0,0.0,0.0
bbbp,23,2,16,minority_constrained,0,0.0,0.0,0.0,0.0
bbbp,23,2,32,minority_constrained,0,0.0,0.0,0.0,0.0
bbbp,23,3,4,minority_constrained,0,0.0,0.0,0.0,0.0
bbbp,23,3,8,minority_constrained,1,0.0012248230811106042,0.0011825993819681857,-0.017964071856287456,0.01374523679912898
bbbp,23,3,16,minority_constrained,1,-0.013677191072400507,-0.006900827673246401,-0.0479041916167664,-0.004065732172019554
bbbp,23,3,32,minority_constrained,1,-0.013677191072400507,-0.006900827673246401,-0.0479041916167664,-0.004065732172019554
bbbp,37,1,4,minority_constrained,0,0.0,0.0,0.0,0.0
bbbp,37,1,8,minority_constrained,1,-0.003563390847711956,-0.0018080529115713784,-0.032258064516129004,-0.0033383345836459632
bbbp,37,1,16,minority_constrained,0,0.0,0.0,0.0,0.0
bbbp,37,1,32,minority_constrained,0,0.0,0.0,0.0,0.0
bbbp,37,2,4,minority_constrained,0,0.0,0.0,0.0,0.0
bbbp,37,2,8,minority_constrained,1,7.842399146729129e-05,-0.003897584570422996,0.0,0.00925925925925919
bbbp,37,2,16,minority_constrained,0,0.0,0.0,0.0,0.0
bbbp,37,2,32,minority_constrained,1,-0.023234414538762294,-0.012885348101971617,-0.03105590062111807,-0.02310370788631655
bbbp,37,3,4,minority_constrained,0,0.0,0.0,0.0,0.0
bbbp,37,3,8,minority_constrained,1,-0.014540698569010635,-0.012011537214984824,-0.08247422680412364,-0.024446068625942452
bbbp,37,3,16,minority_constrained,0,0.0,0.0,0.0,0.0
bbbp,37,3,32,minority_constrained,0,0.0,0.0,0.0,0.0
bbbp,53,1,4,minority_constrained,0,0.0,0.0,0.0,0.0
bbbp,53,1,8,minority_constrained,0,0.0,0.0,0.0,0.0
bbbp,53,1,16,minority_constrained,1,0.001119898834019084,0.0002190191991934265,-0.012345679012345623,-0.012249228395061706
bbbp,53,1,32,minority_constrained,1,0.001119898834019084,0.0002190191991934265,-0.012345679012345623,-0.012249228395061706
bbbp,53,2,4,minority_constrained,0,0.0,0.0,0.0,0.0
bbbp,53,2,8,minority_constrained,1,0.009998577727208136,0.005586884190728392,-0.03164556962025311,0.013390698335940865
bbbp,53,2,16,minority_constrained,1,0.0014791637035983518,0.0013103638395668415,0.0,-0.006741573033707815
bbbp,53,2,32,minority_constrained,1,0.0014791637035983518,0.0013103638395668415,0.0,-0.006741573033707815
bbbp,53,3,4,minority_constrained,0,0.0,0.0,0.0,0.0
bbbp,53,3,8,minority_constrained,0,0.0,0.0,0.0,0.0
bbbp,53,3,16,minority_constrained,1,0.0004200651100920716,-0.0027063237712494637,0.012578616352201255,0.004434020606527311
bbbp,53,3,32,minority_constrained,1,0.0004200651100920716,-0.0027063237712494637,0.012578616352201255,0.004434020606527311
bbbp,71,1,4,minority_constrained,0,0.0,0.0,0.0,0.0
bbbp,71,1,8,minority_constrained,1,-0.04923509759099698,-0.023647970471419977,-0.04958677685950408,-0.026921048004220127
bbbp,71,1,16,minority_constrained,0,0.0,0.0,0.0,0.0
bbbp,71,1,32,minority_constrained,0,0.0,0.0,0.0,0.0
bbbp,71,2,4,minority_constrained,0,0.0,0.0,0.0,0.0
bbbp,71,2,8,minority_constrained,0,0.0,0.0,0.0,0.0
bbbp,71,2,16,minority_constrained,0,0.0,0.0,0.0,0.0
bbbp,71,2,32,minority_constrained,0,0.0,0.0,0.0,0.0
bbbp,71,3,4,minority_constrained,0,0.0,0.0,0.0,0.0
bbbp,71,3,8,minority_constrained,0,0.0,0.0,0.0,0.0
bbbp,71,3,16,minority_constrained,1,-0.0012900143334928504,0.0013320078554164283,0.00512820512820511,0.013433667781493797
bbbp,71,3,32,minority_constrained,1,-0.0012900143334928504,0.0013320078554164283,0.00512820512820511,0.013433667781493797
bbbp,83,1,4,minority_constrained,0,0.0,0.0,0.0,0.0
bbbp,83,1,8,minority_constrained,1,0.004332084893882371,0.002203934315531786,0.02777777777777779,-0.010830212234706704
bbbp,83,1,16,minority_constrained,1,0.010099875156054816,0.008416085051808797,0.005555555555555536,0.020755305867665497
bbbp,83,1,32,minority_constrained,1,0.010099875156054816,0.008416085051808797,0.005555555555555536,0.020755305867665497
bbbp,83,2,4,minority_constrained,0,0.0,0.0,0.0,0.0
bbbp,83,2,8,minority_constrained,1,-0.015070149017121115,-0.0051984227883663525,0.07894736842105265,-0.0365805326569435
bbbp,83,2,16,minority_constrained,1,-0.0008818167406466904,-0.001247735643315817,-0.05921052631578949,-0.016051046290424864
bbbp,83,2,32,minority_constrained,1,-0.0008818167406466904,-0.001247735643315817,-0.05921052631578949,-0.016051046290424864
bbbp,83,3,4,minority_constrained,0,0.0,0.0,0.0,0.0
bbbp,83,3,8,minority_constrained,0,0.0,0.0,0.0,0.0
bbbp,83,3,16,minority_constrained,1,-0.006621717423111129,-0.0019722362804521776,-0.027210884353741527,0.0052415644750140045
bbbp,83,3,32,minority_constrained,1,0.009698779733622986,0.008057522725806177,-0.020408163265306145,0.0008823928684554838
bbbp,97,1,4,minority_constrained,0,0.0,0.0,0.0,0.0
bbbp,97,1,8,minority_constrained,1,0.018617721963642753,0.01398999842769566,-0.06735751295336778,-0.0023228242732939997
bbbp,97,1,16,minority_constrained,1,-0.008843417932730469,-0.004883671549629209,0.051813471502590636,0.022516905242820795
bbbp,97,1,32,minority_constrained,1,-0.008843417932730469,-0.004883671549629209,0.051813471502590636,0.022516905242820795
bbbp,97,2,4,minority_constrained,0,0.0,0.0,0.0,0.0
bbbp,97,2,8,minority_constrained,1,-0.0006311920741450816,-0.007846375672349026,0.0071428571428571175,0.018112815596037057
bbbp,97,2,16,minority_constrained,1,-0.004969638862256209,-0.005167804208201621,-0.021428571428571463,0.006064237775647241
bbbp,97,2,32,minority_constrained,1,-0.004969638862256209,-0.005167804208201621,-0.021428571428571463,0.006064237775647241
bbbp,97,3,4,minority_constrained,1,-0.013122397129312069,-0.003984829363979925,0.020547945205479423,0.0026257890463343703
bbbp,97,3,8,minority_constrained,1,-0.0010869849917491958,0.0008711344341220117,0.013698630136986245,0.004937269179391746
bbbp,97,3,16,minority_constrained,1,0.009926923177663194,0.00629699268601458,0.0273972602739726,-0.025498310589591067
bbbp,97,3,32,minority_constrained,1,0.009926923177663194,0.00629699268601458,0.0273972602739726,-0.025498310589591067
bbbp,113,1,4,minority_constrained,0,0.0,0.0,0.0,0.0
bbbp,113,1,8,minority_constrained,1,-0.05494505494505508,-0.03249459209410921,-0.09230769230769231,-0.0643136524492457
bbbp,113,1,16,minority_constrained,0,0.0,0.0,0.0,0.0
bbbp,113,1,32,minority_constrained,0,0.0,0.0,0.0,0.0
bbbp,113,2,4,minority_constrained,0,0.0,0.0,0.0,0.0
bbbp,113,2,8,minority_constrained,0,0.0,0.0,0.0,0.0
bbbp,113,2,16,minority_constrained,1,-0.0024216984178238032,-0.0013192549858499492,-0.030674846625766805,-0.005688300505865773
bbbp,113,2,32,minority_constrained,1,-0.0024216984178238032,-0.0013192549858499492,-0.030674846625766805,-0.005688300505865773
bbbp,113,3,4,minority_constrained,0,0.0,0.0,0.0,0.0
bbbp,113,3,8,minority_constrained,0,0.0,0.0,0.0,0.0
bbbp,113,3,16,minority_constrained,0,0.0,0.0,0.0,0.0
bbbp,113,3,32,minority_constrained,0,0.0,0.0,0.0,0.0
bbbp,127,1,4,minority_constrained,0,0.0,0.0,0.0,0.0
bbbp,127,1,8,minority_constrained,1,0.012430672775500362,0.0007355905990131806,-0.0461538461538461,0.013756932722450044
bbbp,127,1,16,minority_constrained,1,-0.016775178844144367,-0.013370249753067998,-0.02051282051282044,-0.005554215899043369
bbbp,127,1,32,minority_constrained,1,-0.016775178844144367,-0.013370249753067998,-0.02051282051282044,-0.005554215899043369
bbbp,127,2,4,minority_constrained,0,0.0,0.0,0.0,0.0
bbbp,127,2,8,minority_constrained,0,0.0,0.0,0.0,0.0
bbbp,127,2,16,minority_constrained,0,0.0,0.0,0.0,0.0
bbbp,127,2,32,minority_constrained,0,0.0,0.0,0.0,0.0
bbbp,127,3,4,minority_constrained,0,0.0,0.0,0.0,0.0
bbbp,127,3,8,minority_constrained,1,0.021183247651422765,0.015490939807441206,0.06766917293233077,0.011562871544116393
bbbp,127,3,16,minority_constrained,0,0.0,0.0,0.0,0.0
bbbp,127,3,32,minority_constrained,0,0.0,0.0,0.0,0.0
bbbp,149,1,4,minority_constrained,0,0.0,0.0,0.0,0.0
bbbp,149,1,8,minority_constrained,1,-0.009426503679377363,-0.004391026987254465,-0.12169312169312174,-0.018153621601897485
bbbp,149,1,16,minority_constrained,0,0.0,0.0,0.0,0.0
bbbp,149,1,32,minority_constrained,0,0.0,0.0,0.0,0.0
bbbp,149,2,4,minority_constrained,0,0.0,0.0,0.0,0.0
bbbp,149,2,8,minority_constrained,0,0.0,0.0,0.0,0.0
bbbp,149,2,16,minority_constrained,0,0.0,0.0,0.0,0.0
bbbp,149,2,32,minority_constrained,0,0.0,0.0,0.0,0.0
bbbp,149,3,4,minority_constrained,0,0.0,0.0,0.0,0.0
bbbp,149,3,8,minority_constrained,0,0.0,0.0,0.0,0.0
bbbp,149,3,16,minority_constrained,1,-0.0003847569339890944,-0.00014585300230418596,-0.09756097560975607,-0.007628224430392461
bbbp,149,3,32,minority_constrained,1,-0.0003847569339890944,-0.00014585300230418596,-0.09756097560975607,-0.007628224430392461
clintox,11,1,4,minority_constrained,0,0.0,0.0,0.0,0.0
clintox,11,1,8,minority_constrained,1,-0.04612159329140464,-0.027412210772809698,-0.03703703703703698,0.00034940600978339287
clintox,11,1,16,minority_constrained,0,0.0,0.0,0.0,0.0
clintox,11,1,32,minority_constrained,1,-0.011081162024558444,0.04554068801326078,-0.11111111111111116,-0.056903264450434254
clintox,11,2,4,minority_constrained,0,0.0,0.0,0.0,0.0
clintox,11,2,8,minority_constrained,0,0.0,0.0,0.0,0.0
clintox,11,2,16,minority_constrained,0,0.0,0.0,0.0,0.0
clintox,11,2,32,minority_constrained,1,0.04509976924121084,0.04728922375788208,0.1132075471698114,0.0700929822179992
clintox,11,3,4,minority_constrained,0,0.0,0.0,0.0,0.0
clintox,11,3,8,minority_constrained,1,-0.0643778344671202,-0.03095292438327038,-0.03125,0.005916950113378672
clintox,11,3,16,minority_constrained,1,-0.03121456916099763,-0.005275913580745473,-0.09375,0.014349489795918435
clintox,11,3,32,minority_constrained,1,-0.02526218820861681,-0.017415494975330625,-0.09375,-0.02533304988662133
clintox,23,1,4,minority_constrained,0,0.0,0.0,0.0,0.0
clintox,23,1,8,minority_constrained,0,0.0,0.0,0.0,0.0
clintox,23,1,16,minority_constrained,0,0.0,0.0,0.0,0.0
clintox,23,1,32,minority_constrained,1,-0.021865007345951093,-0.030415021589471902,-0.03448275862068961,0.006568144499179085
clintox,23,2,4,minority_constrained,0,0.0,0.0,0.0,0.0
clintox,23,2,8,minority_constrained,0,0.0,0.0,0.0,0.0
clintox,23,2,16,minority_constrained,0,0.0,0.0,0.0,0.0
clintox,23,2,32,minority_constrained,1,0.007775821596244237,0.0713765633903713,0.050000000000000044,0.016784037558685405
clintox,23,3,4,minority_constrained,0,0.0,0.0,0.0,0.0
clintox,23,3,8,minority_constrained,0,0.0,0.0,0.0,0.0
clintox,23,3,16,minority_constrained,1,0.020129341727697092,0.024530092041003815,-0.06976744186046513,-0.0008137393464388021
clintox,23,3,32,minority_constrained,1,0.022998843633560306,0.029515723032150498,0.023255813953488413,-0.004025868345539418
clintox,37,1,4,minority_constrained,0,0.0,0.0,0.0,0.0
clintox,37,1,8,minority_constrained,1,0.013866082831600068,0.0066667391881543026,-0.03448275862068961,0.006568144499178974
clintox,37,1,16,minority_constrained,0,0.0,0.0,0.0,0.0
clintox,37,1,32,minority_constrained,0,0.0,0.0,0.0,0.0
clintox,37,2,4,minority_constrained,0,0.0,0.0,0.0,0.0
clintox,37,2,8,minority_constrained,0,0.0,0.0,0.0,0.0
clintox,37,2,16,minority_constrained,1,0.03018396686159852,-0.013002644332757385,0.21052631578947367,0.041605750487329285
clintox,37,2,32,minority_constrained,1,-0.02911793372319682,-0.13123320391204046,-0.05263157894736836,-0.06451023391812871
clintox,37,3,4,minority_constrained,1,0.011369972122660221,-0.010427676755671411,0.06666666666666665,0.047670250896057365
clintox,37,3,8,minority_constrained,0,0.0,0.0,0.0,0.0
clintox,37,3,16,minority_constrained,0,0.0,0.0,0.0,0.0
clintox,37,3,32,minority_constrained,1,-0.016049382716049276,0.014782215373669583,-0.13333333333333341,-0.03709677419354851
clintox,53,1,4,minority_constrained,0,0.0,0.0,0.0,0.0
clintox,53,1,8,minority_constrained,0,0.0,0.0,0.0,0.0
clintox,53,1,16,minority_constrained,0,0.0,0.0,0.0,0.0
clintox,53,1,32,minority_constrained,0,0.0,0.0,0.0,0.0
clintox,53,2,4,minority_constrained,1,-0.004931206623645323,-0.004220828326979509,-0.046511627906976716,0.02473720524371925
clintox,53,2,8,minority_constrained,0,0.0,0.0,0.0,0.0
clintox,53,2,16,minority_constrained,0,0.0,0.0,0.0,0.0
clintox,53,2,32,minority_constrained,0,0.0,0.0,0.0,0.0
clintox,53,3,4,minority_constrained,0,0.0,0.0,0.0,0.0
clintox,53,3,8,minority_constrained,1,0.013201754385964826,-0.07634890577496262,-0.033333333333333326,0.014912280701754432
clintox,53,3,16,minority_constrained,0,0.0,0.0,0.0,0.0
clintox,53,3,32,minority_constrained,1,0.007543859649122964,-0.02104066771629398,0.13333333333333341,0.020614035087719307
clintox,71,1,4,minority_constrained,0,0.0,0.0,0.0,0.0
clintox,71,1,8,minority_constrained,1,-0.04867168913560671,-0.05041634788537869,-0.038461538461538436,0.02716098334655026
clintox,71,1,16,minority_constrained,1,-0.04867168913560671,-0.05041634788537869,-0.038461538461538436,0.02716098334655026
clintox,71,1,32,minority_constrained,1,-0.04867168913560671,-0.05041634788537869,-0.038461538461538436,0.02716098334655026
clintox,71,2,4,minority_constrained,0,0.0,0.0,0.0,0.0
clintox,71,2,8,minority_constrained,0,0.0,0.0,0.0,0.0
clintox,71,2,16,minority_constrained,1,0.0015917150225659427,-0.06237554222239189,-0.02127659574468077,-0.02768375241779486
clintox,71,2,32,minority_constrained,0,0.0,0.0,0.0,0.0
clintox,71,3,4,minority_constrained,1,-0.008168822328114334,-0.04095375545699942,-0.02564102564102566,-0.01945768096210576
clintox,71,3,8,minority_constrained,1,-0.024137735420921347,-0.007282231794375815,0.05128205128205132,0.026747220331291066
clintox,71,3,16,minority_constrained,0,0.0,0.0,0.0,0.0
clintox,71,3,32,minority_constrained,1,0.01140231449965956,0.06561751425805679,0.10256410256410253,-0.052700249602904425
clintox,83,1,4,minority_constrained,1,-0.011249469364652542,-0.009236097695786594,-0.05405405405405406,0.000459883967737329
clintox,83,1,8,minority_constrained,1,0.02957407669449552,0.03795051352639839,-0.05405405405405406,0.05281590491014576
clintox,83,1,16,minority_constrained,1,-0.017475590774020167,-0.04924480144331461,-0.027027027027027084,0.03491580585821419
clintox,83,1,32,minority_constrained,1,0.00689825951606049,-0.06655645632472834,-0.027027027027027084,0.07680062261214093
clintox,83,2,4,minority_constrained,0,0.0,0.0,0.0,0.0
clintox,83,2,8,minority_constrained,1,-0.025338021531880806,-0.04742049513079122,-0.20408163265306123,0.01962881067169331
clintox,83,2,16,minority_constrained,1,0.04732301446333431,0.1656170895664439,0.1428571428571429,0.017254503933011978
clintox,83,2,32,minority_constrained,1,0.04732301446333431,0.1656170895664439,0.1428571428571429,0.017254503933011978
clintox,83,3,4,minority_constrained,1,-0.020821967630478277,0.02469976656580969,-0.07692307692307687,-0.06919439898163293
clintox,83,3,8,minority_constrained,1,0.02109474449899984,0.0411174243790427,0.0,0.027186761229314516
clintox,83,3,16,minority_constrained,1,0.02109474449899984,0.0411174243790427,0.0,0.027186761229314516
clintox,83,3,32,minority_constrained,1,0.04755410074559008,0.00539213899594701,0.11538461538461542,0.015139116202946057
clintox,97,1,4,minority_constrained,1,-0.04470802919708017,-0.05005759111282518,-0.09090909090909094,-0.014432647644326613
clintox,97,1,8,minority_constrained,0,0.0,0.0,0.0,0.0
clintox,97,1,16,minority_constrained,0,0.0,0.0,0.0,0.0
clintox,97,1,32,minority_constrained,0,0.0,0.0,0.0,0.0
clintox,97,2,4,minority_constrained,0,0.0,0.0,0.0,0.0
clintox,97,2,8,minority_constrained,0,0.0,0.0,0.0,0.0
clintox,97,2,16,minority_constrained,1,0.003172085646312439,-0.04165108413992519,0.0,-0.021907216494845283
clintox,97,2,32,minority_constrained,0,0.0,0.0,0.0,0.0
clintox,97,3,4,minority_constrained,0,0.0,0.0,0.0,0.0
clintox,97,3,8,minority_constrained,1,-0.038713282247765046,-0.012564310785657895,-0.06896551724137934,-0.026380906768837864
clintox,97,3,16,minority_constrained,1,0.0025542784163472554,-0.0013788061185148193,0.034482758620689724,-0.03947158365261816
clintox,97,3,32,minority_constrained,1,-0.015525223499361362,-0.025726849935065688,0.0,-0.02430555555555558
clintox,113,1,4,minority_constrained,0,0.0,0.0,0.0,0.0
clintox,113,1,8,minority_constrained,0,0.0,0.0,0.0,0.0
clintox,113,1,16,minority_constrained,0,0.0,0.0,0.0,0.0
clintox,113,1,32,minority_constrained,0,0.0,0.0,0.0,0.0
clintox,113,2,4,minority_constrained,0,0.0,0.0,0.0,0.0
clintox,113,2,8,minority_constrained,0,0.0,0.0,0.0,0.0
clintox,113,2,16,minority_constrained,0,0.0,0.0,0.0,0.0
clintox,113,2,32,minority_constrained,0,0.0,0.0,0.0,0.0
clintox,113,3,4,minority_constrained,0,0.0,0.0,0.0,0.0
clintox,113,3,8,minority_constrained,0,0.0,0.0,0.0,0.0
clintox,113,3,16,minority_constrained,0,0.0,0.0,0.0,0.0
clintox,113,3,32,minority_constrained,1,-0.016699735449735464,-0.08500865057243784,-0.04761904761904767,0.009176587301587213
clintox,127,1,4,minority_constrained,0,0.0,0.0,0.0,0.0
clintox,127,1,8,minority_constrained,0,0.0,0.0,0.0,0.0
clintox,127,1,16,minority_constrained,0,0.0,0.0,0.0,0.0
clintox,127,1,32,minority_constrained,0,0.0,0.0,0.0,0.0
clintox,127,2,4,minority_constrained,0,0.0,0.0,0.0,0.0
clintox,127,2,8,minority_constrained,0,0.0,0.0,0.0,0.0
clintox,127,2,16,minority_constrained,0,0.0,0.0,0.0,0.0
clintox,127,2,32,minority_constrained,1,0.04961317020510969,0.07535375473098249,0.0357142857142857,0.0871266642677222
clintox,127,3,4,minority_constrained,1,-0.02733242367388722,-0.09203666282978701,-0.04878048780487798,0.02106430155210648
clintox,127,3,8,minority_constrained,1,-0.026735459662288852,-0.022764209807393132,-0.19512195121951215,0.06764881460003414
clintox,127,3,16,minority_constrained,1,-0.026735459662288852,-0.022764209807393132,-0.19512195121951215,0.06764881460003414
clintox,127,3,32,minority_constrained,1,0.02070185911649325,0.05070680056276633,-0.04878048780487798,0.026309056796861685
clintox,149,1,4,minority_constrained,1,-0.000468164794007353,0.0611415645609964,0.03125,0.006261704119850275
clintox,149,1,8,minority_constrained,0,0.0,0.0,0.0,0.0
clintox,149,1,16,minority_constrained,1,-0.01814138576779034,-0.07966000522027578,-0.09375,-0.019721441947565532
clintox,149,1,32,minority_constrained,1,-0.022296348314606806,0.04811172820893572,-0.15625,-0.002282303370786387
clintox,149,2,4,minority_constrained,0,0.0,0.0,0.0,0.0
clintox,149,2,8,minority_constrained,0,0.0,0.0,0.0,0.0
clintox,149,2,16,minority_constrained,0,0.0,0.0,0.0,0.0
clintox,149,2,32,minority_constrained,0,0.0,0.0,0.0,0.0
clintox,149,3,4,minority_constrained,1,-0.0076899030947172875,-0.027088225274266187,0.0,0.02188183807439814
clintox,149,3,8,minority_constrained,0,0.0,0.0,0.0,0.0
clintox,149,3,16,minority_constrained,0,0.0,0.0,0.0,0.0
clintox,149,3,32,minority_constrained,0,0.0,0.0,0.0,0.0
tdc_hia_hou,11,1,4,minority_constrained,1,0.008538422903063836,0.002656478150810382,0.0,-0.01104972375690616
tdc_hia_hou,11,1,8,minority_constrained,1,-0.0023438807969193842,-0.0005152356644320122,0.0,0.016574585635359185
tdc_hia_hou,11,1,16,minority_constrained,1,-0.0023438807969193842,-0.0005152356644320122,0.0,0.016574585635359185
tdc_hia_hou,11,1,32,minority_constrained,1,-0.0023438807969193842,-0.0005152356644320122,0.0,0.016574585635359185
tdc_hia_hou,11,2,4,minority_constrained,1,-0.024099378881987543,-0.004435381385550774,0.039999999999999925,-0.023478260869565393
tdc_hia_hou,11,2,8,minority_constrained,0,0.0,0.0,0.0,0.0
tdc_hia_hou,11,2,16,minority_constrained,0,0.0,0.0,0.0,0.0
tdc_hia_hou,11,2,32,minority_constrained,0,0.0,0.0,0.0,0.0
tdc_hia_hou,11,3,4,minority_constrained,0,0.0,0.0,0.0,0.0
tdc_hia_hou,11,3,8,minority_constrained,1,0.023259493670885978,0.0050173834026482345,0.050000000000000044,0.037658227848101355
tdc_hia_hou,11,3,16,minority_constrained,1,0.023259493670885978,0.0050173834026482345,0.050000000000000044,0.037658227848101355
tdc_hia_hou,11,3,32,minority_constrained,1,0.023259493670885978,0.0050173834026482345,0.050000000000000044,0.037658227848101355
tdc_hia_hou,23,1,4,minority_constrained,0,0.0,0.0,0.0,0.0
tdc_hia_hou,23,1,8,minority_constrained,0,0.0,0.0,0.0,0.0
tdc_hia_hou,23,1,16,minority_constrained,0,0.0,0.0,0.0,0.0
tdc_hia_hou,23,1,32,minority_constrained,0,0.0,0.0,0.0,0.0
tdc_hia_hou,23,2,4,minority_constrained,1,-0.0007396449704140107,-4.685953661720532e-05,0.11538461538461542,0.022435897435897467
tdc_hia_hou,23,2,8,minority_constrained,1,0.022928994082840437,0.008505119002125583,0.038461538461538436,0.10897435897435903
tdc_hia_hou,23,2,16,minority_constrained,1,0.004930966469428033,0.0012702184059758537,0.0,0.15064102564102566
tdc_hia_hou,23,2,32,minority_constrained,1,0.004930966469428033,0.0012702184059758537,0.0,0.15064102564102566
tdc_hia_hou,23,3,4,minority_constrained,1,0.018701298701298774,0.005117262714485871,-0.040000000000000036,0.06441558441558448
tdc_hia_hou,23,3,8,minority_constrained,1,-0.005714285714285672,-0.0025955770798335998,-0.040000000000000036,0.041688311688311774
tdc_hia_hou,23,3,16,minority_constrained,0,0.0,0.0,0.0,0.0
tdc_hia_hou,23,3,32,minority_constrained,0,0.0,0.0,0.0,0.0
tdc_hia_hou,37,1,4,minority_constrained,0,0.0,0.0,0.0,0.0
tdc_hia_hou,37,1,8,minority_constrained,0,0.0,0.0,0.0,0.0
tdc_hia_hou,37,1,16,minority_constrained,0,0.0,0.0,0.0,0.0
tdc_hia_hou,37,1,32,minority_constrained,0,0.0,0.0,0.0,0.0
tdc_hia_hou,37,2,4,minority_constrained,0,0.0,0.0,0.0,0.0
tdc_hia_hou,37,2,8,minority_constrained,0,0.0,0.0,0.0,0.0
tdc_hia_hou,37,2,16,minority_constrained,0,0.0,0.0,0.0,0.0
tdc_hia_hou,37,2,32,minority_constrained,0,0.0,0.0,0.0,0.0
tdc_hia_hou,37,3,4,minority_constrained,0,0.0,0.0,0.0,0.0
tdc_hia_hou,37,3,8,minority_constrained,1,-0.005263157894736636,-0.0008055004026336077,-0.09999999999999998,-0.020394736842105243
tdc_hia_hou,37,3,16,minority_constrained,1,-0.01611842105263117,-0.0025492983921465706,-0.04999999999999993,-0.06447368421052624
tdc_hia_hou,37,3,32,minority_constrained,1,-0.06019736842105239,-0.009383176546227001,-0.29999999999999993,-0.13026315789473686
tdc_hia_hou,53,1,4,minority_constrained,0,0.0,0.0,0.0,0.0
tdc_hia_hou,53,1,8,minority_constrained,0,0.0,0.0,0.0,0.0
tdc_hia_hou,53,1,16,minority_constrained,0,0.0,0.0,0.0,0.0
tdc_hia_hou,53,1,32,minority_constrained,1,0.004749725977347574,0.0016990394143128196,-0.04347826086956519,0.020277676287906443
tdc_hia_hou,53,2,4,minority_constrained,0,0.0,0.0,0.0,0.0
tdc_hia_hou,53,2,8,minority_constrained,1,-0.005545617173523976,-0.006963053003681385,-0.038461538461538436,-0.033184257602862255
tdc_hia_hou,53,2,16,minority_constrained,1,-0.042397137745974756,-0.019461195519473562,0.038461538461538436,-0.011001788908765686
tdc_hia_hou,53,2,32,minority_constrained,1,-0.042397137745974756,-0.019461195519473562,0.038461538461538436,-0.011001788908765686
tdc_hia_hou,53,3,4,minority_constrained,1,0.00249272953884494,0.0005713547360899351,0.0,-0.027108433734939763
tdc_hia_hou,53,3,8,minority_constrained,1,0.019941836310760186,0.0035299534494719342,0.0,0.05722891566265065
tdc_hia_hou,53,3,16,minority_constrained,1,0.014540922309929427,0.002367206318758752,0.0,0.08734939759036153
tdc_hia_hou,53,3,32,minority_constrained,1,0.006855006231823557,0.001966959268429158,0.034482758620689724,0.05037390943082687
tdc_hia_hou,71,1,4,minority_constrained,1,0.013146734520780301,0.0022924570118976195,0.05555555555555558,0.0010602205258694042
tdc_hia_hou,71,1,8,minority_constrained,0,0.0,0.0,0.0,0.0
tdc_hia_hou,71,1,16,minority_constrained,1,0.02247667514843077,0.0059434630603077965,0.11111111111111116,-0.04368108566581852
tdc_hia_hou,71,1,32,minority_constrained,1,0.02247667514843077,0.0059434630603077965,0.11111111111111116,-0.04368108566581852
tdc_hia_hou,71,2,4,minority_constrained,0,0.0,0.0,0.0,0.0
tdc_hia_hou,71,2,8,minority_constrained,1,-0.011520737327188946,-0.008736008968023734,-0.09375,-0.012312788018433163
tdc_hia_hou,71,2,16,minority_constrained,1,-0.011520737327188946,-0.008736008968023734,-0.09375,-0.012312788018433163
tdc_hia_hou,71,2,32,minority_constrained,1,-0.011520737327188946,-0.008736008968023734,-0.09375,-0.012312788018433163
tdc_hia_hou,71,3,4,minority_constrained,0,0.0,0.0,0.0,0.0
tdc_hia_hou,71,3,8,minority_constrained,0,0.0,0.0,0.0,0.0
tdc_hia_hou,71,3,16,minority_constrained,0,0.0,0.0,0.0,0.0
tdc_hia_hou,71,3,32,minority_constrained,0,0.0,0.0,0.0,0.0
tdc_hia_hou,83,1,4,minority_constrained,0,0.0,0.0,0.0,0.0
tdc_hia_hou,83,1,8,minority_constrained,1,-0.0028397565922921864,-0.0003976258245389497,0.05882352941176472,0.01561866125760647
tdc_hia_hou,83,1,16,minority_constrained,0,0.0,0.0,0.0,0.0
tdc_hia_hou,83,1,32,minority_constrained,0,0.0,0.0,0.0,0.0
tdc_hia_hou,83,2,4,minority_constrained,1,-0.010104250200481113,-0.002198697806327199,-0.034482758620689724,-0.021892542101042523
tdc_hia_hou,83,2,8,minority_constrained,1,-0.010104250200481113,-0.002198697806327199,-0.034482758620689724,-0.021892542101042523
tdc_hia_hou,83,2,16,minority_constrained,1,-0.010104250200481113,-0.002198697806327199,-0.034482758620689724,-0.021892542101042523
tdc_hia_hou,83,2,32,minority_constrained,1,-0.010104250200481113,-0.002198697806327199,-0.034482758620689724,-0.021892542101042523
tdc_hia_hou,83,3,4,minority_constrained,0,0.0,0.0,0.0,0.0
tdc_hia_hou,83,3,8,minority_constrained,0,0.0,0.0,0.0,0.0
tdc_hia_hou,83,3,16,minority_constrained,1,-0.011830357142857073,-0.0052098879869654224,-0.0625,0.022321428571428603
tdc_hia_hou,83,3,32,minority_constrained,0,0.0,0.0,0.0,0.0
tdc_hia_hou,97,1,4,minority_constrained,1,-0.009903381642512143,-0.0076740281236024055,-0.033333333333333326,-0.013043478260869601
tdc_hia_hou,97,1,8,minority_constrained,0,0.0,0.0,0.0,0.0
tdc_hia_hou,97,1,16,minority_constrained,1,0.02741545893719799,0.01728443829234927,0.06666666666666665,0.04057971014492745
tdc_hia_hou,97,1,32,minority_constrained,1,0.02741545893719799,0.01728443829234927,0.06666666666666665,0.04057971014492745
tdc_hia_hou,97,2,4,minority_constrained,0,0.0,0.0,0.0,0.0
tdc_hia_hou,97,2,8,minority_constrained,1,0.0012345679012344402,-6.459071971798291e-05,0.050000000000000044,0.003395061728395099
tdc_hia_hou,97,2,16,minority_constrained,0,0.0,0.0,0.0,0.0
tdc_hia_hou,97,2,32,minority_constrained,0,0.0,0.0,0.0,0.0
tdc_hia_hou,97,3,4,minority_constrained,0,0.0,0.0,0.0,0.0
tdc_hia_hou,97,3,8,minority_constrained,0,0.0,0.0,0.0,0.0
tdc_hia_hou,97,3,16,minority_constrained,0,0.0,0.0,0.0,0.0
tdc_hia_hou,97,3,32,minority_constrained,0,0.0,0.0,0.0,0.0
tdc_hia_hou,113,1,4,minority_constrained,1,-0.004566210045661934,-0.0013592144425892405,0.0,-0.006849315068493067
tdc_hia_hou,113,1,8,minority_constrained,1,-0.008806262230919515,-0.0010214267062039761,-0.04761904761904756,-0.027234181343770314
tdc_hia_hou,113,1,16,minority_constrained,1,-0.008806262230919515,-0.0010214267062039761,-0.04761904761904756,-0.027234181343770314
tdc_hia_hou,113,1,32,minority_constrained,1,0.004240052185258025,0.0004833097697102273,-0.04761904761904756,0.02071102413568171
tdc_hia_hou,113,2,4,minority_constrained,0,0.0,0.0,0.0,0.0
tdc_hia_hou,113,2,8,minority_constrained,0,0.0,0.0,0.0,0.0
tdc_hia_hou,113,2,16,minority_constrained,0,0.0,0.0,0.0,0.0
tdc_hia_hou,113,2,32,minority_constrained,0,0.0,0.0,0.0,0.0
tdc_hia_hou,113,3,4,minority_constrained,0,0.0,0.0,0.0,0.0
tdc_hia_hou,113,3,8,minority_constrained,0,0.0,0.0,0.0,0.0
tdc_hia_hou,113,3,16,minority_constrained,0,0.0,0.0,0.0,0.0
tdc_hia_hou,113,3,32,minority_constrained,1,-0.021146616541353414,-0.005448013153596776,0.0,-0.006578947368421018
tdc_hia_hou,127,1,4,minority_constrained,0,0.0,0.0,0.0,0.0
tdc_hia_hou,127,1,8,minority_constrained,0,0.0,0.0,0.0,0.0
tdc_hia_hou,127,1,16,minority_constrained,0,0.0,0.0,0.0,0.0
tdc_hia_hou,127,1,32,minority_constrained,0,0.0,0.0,0.0,0.0
tdc_hia_hou,127,2,4,minority_constrained,0,0.0,0.0,0.0,0.0
tdc_hia_hou,127,2,8,minority_constrained,0,0.0,0.0,0.0,0.0
tdc_hia_hou,127,2,16,minority_constrained,0,0.0,0.0,0.0,0.0
tdc_hia_hou,127,2,32,minority_constrained,0,0.0,0.0,0.0,0.0
tdc_hia_hou,127,3,4,minority_constrained,0,0.0,0.0,0.0,0.0
tdc_hia_hou,127,3,8,minority_constrained,0,0.0,0.0,0.0,0.0
tdc_hia_hou,127,3,16,minority_constrained,1,-0.040175666883539574,-0.007320698593616171,-0.1724137931034483,-0.10743331164606384
tdc_hia_hou,127,3,32,minority_constrained,1,-0.019518542615485024,-0.0017078350728544356,-0.1724137931034483,-0.10271633051398832
tdc_hia_hou,149,1,4,minority_constrained,0,0.0,0.0,0.0,0.0
tdc_hia_hou,149,1,8,minority_constrained,1,0.009259259259259078,0.0017575398136774334,0.05555555555555558,-0.01041666666666663
tdc_hia_hou,149,1,16,minority_constrained,1,0.009259259259259078,0.0017575398136774334,0.05555555555555558,-0.01041666666666663
tdc_hia_hou,149,1,32,minority_constrained,1,0.009259259259259078,0.0017575398136774334,0.05555555555555558,-0.01041666666666663
tdc_hia_hou,149,2,4,minority_constrained,0,0.0,0.0,0.0,0.0
tdc_hia_hou,149,2,8,minority_constrained,0,0.0,0.0,0.0,0.0
tdc_hia_hou,149,2,16,minority_constrained,1,0.00909090909090926,0.003548341944876632,-0.045454545454545414,0.000606060606060721
tdc_hia_hou,149,2,32,minority_constrained,1,0.00909090909090926,0.003548341944876632,-0.045454545454545414,0.000606060606060721
tdc_hia_hou,149,3,4,minority_constrained,0,0.0,0.0,0.0,0.0
tdc_hia_hou,149,3,8,minority_constrained,1,0.018778742973939777,0.006451095721357825,0.07894736842105265,0.022483392948390413
tdc_hia_hou,149,3,16,minority_constrained,0,0.0,0.0,0.0,0.0
tdc_hia_hou,149,3,32,minority_constrained,1,-0.0006387327542156651,-0.0007295942491866159,-0.052631578947368474,-0.03845171180378126
tdc_pgp_broccatelli,11,1,4,minority_constrained,0,0.0,0.0,0.0,0.0
tdc_pgp_broccatelli,11,1,8,minority_constrained,0,0.0,0.0,0.0,0.0
tdc_pgp_broccatelli,11,1,16,minority_constrained,0,0.0,0.0,0.0,0.0
tdc_pgp_broccatelli,11,1,32,minority_constrained,0,0.0,0.0,0.0,0.0
tdc_pgp_broccatelli,11,2,4,minority_constrained,0,0.0,0.0,0.0,0.0
tdc_pgp_broccatelli,11,2,8,minority_constrained,0,0.0,0.0,0.0,0.0
tdc_pgp_broccatelli,11,2,16,minority_constrained,1,0.009684678650842438,0.006593900824261811,-0.049079754601227044,-0.0027058161652423474
tdc_pgp_broccatelli,11,2,32,minority_constrained,1,0.009684678650842438,0.006593900824261811,-0.049079754601227044,-0.0027058161652423474
tdc_pgp_broccatelli,11,3,4,minority_constrained,0,0.0,0.0,0.0,0.0
tdc_pgp_broccatelli,11,3,8,minority_constrained,1,-0.0019822485207101614,-0.0031782573746532705,0.029585798816567976,0.017292899408283935
tdc_pgp_broccatelli,11,3,16,minority_constrained,1,-0.0025739644970416142,-0.002719907887778983,-0.011834319526627168,-0.00591715976331364
tdc_pgp_broccatelli,11,3,32,minority_constrained,1,-0.0025739644970416142,-0.002719907887778983,-0.011834319526627168,-0.00591715976331364
tdc_pgp_broccatelli,23,1,4,minority_constrained,0,0.0,0.0,0.0,0.0
tdc_pgp_broccatelli,23,1,8,minority_constrained,1,0.008862433862434016,0.006777448412728759,0.0,0.00694444444444442
tdc_pgp_broccatelli,23,1,16,minority_constrained,1,0.005026455026455046,0.003729941002726611,0.05142857142857149,0.00951058201058208
tdc_pgp_broccatelli,23,1,32,minority_constrained,1,0.005026455026455046,0.003729941002726611,0.05142857142857149,0.00951058201058208
tdc_pgp_broccatelli,23,2,4,minority_constrained,0,0.0,0.0,0.0,0.0
tdc_pgp_broccatelli,23,2,8,minority_constrained,1,0.005058630058630387,0.0046992261884345465,-0.01851851851851849,0.0023237523237522595
tdc_pgp_broccatelli,23,2,16,minority_constrained,1,0.005058630058630387,0.0046992261884345465,-0.01851851851851849,0.0023237523237522595
tdc_pgp_broccatelli,23,2,32,minority_constrained,1,-0.004147004147003974,-0.00162997293005962,-0.06018518518518512,-0.028162090662090633
tdc_pgp_broccatelli,23,3,4,minority_constrained,1,0.011761561079924987,0.019276217239455606,-0.05747126436781613,-0.02001470195134991
tdc_pgp_broccatelli,23,3,8,minority_constrained,1,-0.02552793370756512,-0.0035067413805563996,-0.08045977011494254,-0.028601978080727064
tdc_pgp_broccatelli,23,3,16,minority_constrained,0,0.0,0.0,0.0,0.0
tdc_pgp_broccatelli,23,3,32,minority_constrained,1,-0.002038225073509703,0.007923012879571756,0.01724137931034475,0.008620689655172376
tdc_pgp_broccatelli,37,1,4,minority_constrained,1,-0.01469770165422335,-0.011741979835179994,-0.042424242424242364,-0.01638120333772508
tdc_pgp_broccatelli,37,1,8,minority_constrained,1,-0.028722002635045984,-0.027632013359689567,-0.06666666666666665,-0.057487922705314
tdc_pgp_broccatelli,37,1,16,minority_constrained,1,-0.05413555848338436,-0.04781850943414001,-0.08484848484848484,-0.07382520860781727
tdc_pgp_broccatelli,37,1,32,minority_constrained,1,-0.05413555848338436,-0.04781850943414001,-0.08484848484848484,-0.07382520860781727
tdc_pgp_broccatelli,37,2,4,minority_constrained,0,0.0,0.0,0.0,0.0
tdc_pgp_broccatelli,37,2,8,minority_constrained,1,0.004538619275461397,-0.011753390591366819,-0.022857142857142798,0.005317840054682277
tdc_pgp_broccatelli,37,2,16,minority_constrained,1,0.012057416267942767,0.018044855641752178,0.039999999999999925,0.00564593301435401
tdc_pgp_broccatelli,37,2,32,minority_constrained,1,0.012057416267942767,0.018044855641752178,0.039999999999999925,0.00564593301435401
tdc_pgp_broccatelli,37,3,4,minority_constrained,0,0.0,0.0,0.0,0.0
tdc_pgp_broccatelli,37,3,8,minority_constrained,1,-0.013362193362193353,-0.01458145180828796,-0.09777777777777774,-0.031572871572871475
tdc_pgp_broccatelli,37,3,16,minority_constrained,1,-0.003607503607503615,-0.0012912500142807648,-0.07111111111111112,-0.02256854256854246
tdc_pgp_broccatelli,37,3,32,minority_constrained,1,-0.003607503607503615,-0.0012912500142807648,-0.07111111111111112,-0.02256854256854246
tdc_pgp_broccatelli,53,1,4,minority_constrained,0,0.0,0.0,0.0,0.0
tdc_pgp_broccatelli,53,1,8,minority_constrained,0,0.0,0.0,0.0,0.0
tdc_pgp_broccatelli,53,1,16,minority_constrained,0,0.0,0.0,0.0,0.0
tdc_pgp_broccatelli,53,1,32,minority_constrained,0,0.0,0.0,0.0,0.0
tdc_pgp_broccatelli,53,2,4,minority_constrained,1,-0.001036644165863132,-0.0056292142951899216,0.0,0.002941176470588225
tdc_pgp_broccatelli,53,2,8,minority_constrained,0,0.0,0.0,0.0,0.0
tdc_pgp_broccatelli,53,2,16,minority_constrained,0,0.0,0.0,0.0,0.0
tdc_pgp_broccatelli,53,2,32,minority_constrained,0,0.0,0.0,0.0,0.0
tdc_pgp_broccatelli,53,3,4,minority_constrained,1,-0.003278029160382001,-0.008781730482318006,-0.027450980392156876,-0.0034690799396681626
tdc_pgp_broccatelli,53,3,8,minority_constrained,1,-0.011101055806938098,-0.009153972698783042,-0.0039215686274509665,-0.007088989441930593
tdc_pgp_broccatelli,53,3,16,minority_constrained,1,0.006716943187531577,0.012732869897424393,-0.0039215686274509665,0.0288084464555054
tdc_pgp_broccatelli,53,3,32,minority_constrained,1,0.006716943187531577,0.012732869897424393,-0.0039215686274509665,0.0288084464555054
tdc_pgp_broccatelli,71,1,4,minority_constrained,0,0.0,0.0,0.0,0.0
tdc_pgp_broccatelli,71,1,8,minority_constrained,1,0.0043179327066794615,-0.0010526481325220383,0.06211180124223603,0.023034510246786488
tdc_pgp_broccatelli,71,1,16,minority_constrained,0,0.0,0.0,0.0,0.0
tdc_pgp_broccatelli,71,1,32,minority_constrained,0,0.0,0.0,0.0,0.0
tdc_pgp_broccatelli,71,2,4,minority_constrained,1,-0.0008185635988327,-0.0008879053087089694,0.0358744394618834,0.010000711794433625
tdc_pgp_broccatelli,71,2,8,minority_constrained,1,0.014912093387429604,0.010700335184598786,-0.017937219730941756,0.0188091679123068
tdc_pgp_broccatelli,71,2,16,minority_constrained,1,0.014912093387429604,0.010700335184598786,-0.017937219730941756,0.0188091679123068
tdc_pgp_broccatelli,71,2,32,minority_constrained,1,0.014912093387429604,0.010700335184598786,-0.017937219730941756,0.0188091679123068
tdc_pgp_broccatelli,71,3,4,minority_constrained,1,-0.00515299617509557,-0.013819646458041235,-0.04972375690607744,-0.01765033999150023
tdc_pgp_broccatelli,71,3,8,minority_constrained,0,0.0,0.0,0.0,0.0
tdc_pgp_broccatelli,71,3,16,minority_constrained,0,0.0,0.0,0.0,0.0
tdc_pgp_broccatelli,71,3,32,minority_constrained,1,-0.021329154271143236,-0.021729940548704363,-0.022099447513812098,-0.039895877603059904
tdc_pgp_broccatelli,83,1,4,minority_constrained,1,-0.008464462517680293,-0.019958244532143454,-0.0892857142857143,-0.014939886845827477
tdc_pgp_broccatelli,83,1,8,minority_constrained,1,-0.00869651697312579,-0.0038360989890999786,-0.013392857142857206,-0.00917167609618108
tdc_pgp_broccatelli,83,1,16,minority_constrained,0,0.0,0.0,0.0,0.0
tdc_pgp_broccatelli,83,1,32,minority_constrained,0,0.0,0.0,0.0,0.0
tdc_pgp_broccatelli,83,2,4,minority_constrained,1,-0.017785714285714294,-0.012023060747631376,-0.09523809523809523,-0.029619047619047545
tdc_pgp_broccatelli,83,2,8,minority_constrained,1,0.009785714285714175,0.0076290460120980175,0.029761904761904767,0.020880952380952333
tdc_pgp_broccatelli,83,2,16,minority_constrained,1,0.015238095238095384,0.011374397783761592,-0.005952380952381042,0.0030238095238095397
tdc_pgp_broccatelli,83,2,32,minority_constrained,1,0.015238095238095384,0.011374397783761592,-0.005952380952381042,0.0030238095238095397
tdc_pgp_broccatelli,83,3,4,minority_constrained,0,0.0,0.0,0.0,0.0
tdc_pgp_broccatelli,83,3,8,minority_constrained,1,-0.006788202163924839,-0.005199744507869641,-0.011560693641618491,-0.010908551949014411
tdc_pgp_broccatelli,83,3,16,minority_constrained,1,-0.008759448643841816,-0.00704506433030605,-0.052023121387283267,-0.03883207351415452
tdc_pgp_broccatelli,83,3,32,minority_constrained,1,-0.008759448643841816,-0.00704506433030605,-0.052023121387283267,-0.03883207351415452
tdc_pgp_broccatelli,97,1,4,minority_constrained,1,0.002935010482180256,-0.004804629902314339,-0.04402515723270439,-0.009891366495140108
tdc_pgp_broccatelli,97,1,8,minority_constrained,1,-0.010596531351248384,-0.012380702788361564,-0.05031446540880502,-0.0009148084619782226
tdc_pgp_broccatelli,97,1,16,minority_constrained,1,0.007432818753573489,0.006227533236211946,0.0,0.0181818181818183
tdc_pgp_broccatelli,97,1,32,minority_constrained,1,0.007432818753573489,0.006227533236211946,0.0,0.0181818181818183
tdc_pgp_broccatelli,97,2,4,minority_constrained,0,0.0,0.0,0.0,0.0
tdc_pgp_broccatelli,97,2,8,minority_constrained,0,0.0,0.0,0.0,0.0
tdc_pgp_broccatelli,97,2,16,minority_constrained,1,0.0014308821699640095,0.0026665972922071957,0.010638297872340385,0.005319148936170248
tdc_pgp_broccatelli,97,2,32,minority_constrained,1,0.0014308821699640095,0.0026665972922071957,0.010638297872340385,0.005319148936170248
tdc_pgp_broccatelli,97,3,4,minority_constrained,0,0.0,0.0,0.0,0.0
tdc_pgp_broccatelli,97,3,8,minority_constrained,0,0.0,0.0,0.0,0.0
tdc_pgp_broccatelli,97,3,16,minority_constrained,1,0.003925531914893754,0.00835572838198606,-0.042553191489361764,-0.0062765957446809795
tdc_pgp_broccatelli,97,3,32,minority_constrained,1,0.003925531914893754,0.00835572838198606,-0.042553191489361764,-0.0062765957446809795
tdc_pgp_broccatelli,113,1,4,minority_constrained,0,0.0,0.0,0.0,0.0
tdc_pgp_broccatelli,113,1,8,minority_constrained,0,0.0,0.0,0.0,0.0
tdc_pgp_broccatelli,113,1,16,minority_constrained,1,0.007922201138519824,0.002058935981429033,-0.08235294117647052,-0.01295066413662238
tdc_pgp_broccatelli,113,1,32,minority_constrained,1,0.007922201138519824,0.002058935981429033,-0.08235294117647052,-0.01295066413662238
tdc_pgp_broccatelli,113,2,4,minority_constrained,0,0.0,0.0,0.0,0.0
tdc_pgp_broccatelli,113,2,8,minority_constrained,1,0.002800107457998413,0.005550559109980369,-0.027649769585253448,0.013080944803785854
tdc_pgp_broccatelli,113,2,16,minority_constrained,0,0.0,0.0,0.0,0.0
tdc_pgp_broccatelli,113,2,32,minority_constrained,0,0.0,0.0,0.0,0.0
tdc_pgp_broccatelli,113,3,4,minority_constrained,0,0.0,0.0,0.0,0.0
tdc_pgp_broccatelli,113,3,8,minority_constrained,1,-0.0012768130745659523,-5.225585447521386e-05,-0.00561797752808979,-0.002808988764044895
tdc_pgp_broccatelli,113,3,16,minority_constrained,1,-0.0022663432073546375,0.0021729271256135663,0.011235955056179692,-0.008586567926455624
tdc_pgp_broccatelli,113,3,32,minority_constrained,1,-0.0022663432073546375,0.0021729271256135663,0.011235955056179692,-0.008586567926455624
tdc_pgp_broccatelli,127,1,4,minority_constrained,0,0.0,0.0,0.0,0.0
tdc_pgp_broccatelli,127,1,8,minority_constrained,0,0.0,0.0,0.0,0.0
tdc_pgp_broccatelli,127,1,16,minority_constrained,0,0.0,0.0,0.0,0.0
tdc_pgp_broccatelli,127,1,32,minority_constrained,0,0.0,0.0,0.0,0.0
tdc_pgp_broccatelli,127,2,4,minority_constrained,1,0.006344096203011018,0.003118587488652347,0.04469273743016755,0.02517122747214584
tdc_pgp_broccatelli,127,2,8,minority_constrained,0,0.0,0.0,0.0,0.0
tdc_pgp_broccatelli,127,2,16,minority_constrained,1,0.0031247040999904385,0.005301280299249034,0.0,-0.01412429378531077
tdc_pgp_broccatelli,127,2,32,minority_constrained,1,0.0031247040999904385,0.005301280299249034,0.0,-0.01412429378531077
tdc_pgp_broccatelli,127,3,4,minority_constrained,1,0.001862622115786805,-0.0039712048679394485,-0.03797468354430378,0.0012829284981183964
tdc_pgp_broccatelli,127,3,8,minority_constrained,0,0.0,0.0,0.0,0.0
tdc_pgp_broccatelli,127,3,16,minority_constrained,0,0.0,0.0,0.0,0.0
tdc_pgp_broccatelli,127,3,32,minority_constrained,0,0.0,0.0,0.0,0.0
tdc_pgp_broccatelli,149,1,4,minority_constrained,0,0.0,0.0,0.0,0.0
tdc_pgp_broccatelli,149,1,8,minority_constrained,0,0.0,0.0,0.0,0.0
tdc_pgp_broccatelli,149,1,16,minority_constrained,0,0.0,0.0,0.0,0.0
tdc_pgp_broccatelli,149,1,32,minority_constrained,0,0.0,0.0,0.0,0.0
tdc_pgp_broccatelli,149,2,4,minority_constrained,1,0.010250682551501522,0.007988241282215758,-0.03797468354430378,0.01042442293373047
tdc_pgp_broccatelli,149,2,8,minority_constrained,1,-0.004914370811615831,-0.00032709434240885127,0.012658227848101222,-0.011317944899478793
tdc_pgp_broccatelli,149,2,16,minority_constrained,1,0.0039215686274510775,0.002733230394086017,-0.025316455696202556,0.016753536857781026
tdc_pgp_broccatelli,149,2,32,minority_constrained,1,0.0039215686274510775,0.002733230394086017,-0.025316455696202556,0.016753536857781026
tdc_pgp_broccatelli,149,3,4,minority_constrained,1,0.005818234058218241,0.002306499654923355,-0.01716738197424894,-0.002307540359509419
tdc_pgp_broccatelli,149,3,8,minority_constrained,0,0.0,0.0,0.0,0.0
tdc_pgp_broccatelli,149,3,16,minority_constrained,1,-0.003699247580225662,-0.00444627672858644,-0.0815450643776825,-0.030312281142816144
tdc_pgp_broccatelli,149,3,32,minority_constrained,1,-0.003699247580225662,-0.00444627672858644,-0.0815450643776825,-0.030312281142816144
