task,task_type,matrix_level,candidate_count,transformation,reference_label,reference_candidate_order,n_seeds,n_matrix_rows,n_columns_after_transform,empirical_entropy_rank,empirical_participation_rank,empirical_median_correlation,ledoit_wolf_entropy_rank,ledoit_wolf_participation_rank,ledoit_wolf_median_correlation,ledoit_wolf_shrinkage_alpha
bace,classification,outer,32,fixed_reference_relative,candidate_1,1,10,30,31,5.370017479394126,2.8158958524760505,0.5604881492504814,7.903249713588767,3.5486480071612503,0.4927458991147807,0.12086294817524619
bace,classification,outer,32,fixed_reference_relative,predefined_linear_baseline,2,10,30,31,3.1442057624799946,1.741074948030659,0.787889250931947,5.321396253979807,2.273854468001122,0.6831279756462342,0.13296446824448602
bace,classification,outer,32,fixed_reference_relative,fixed_morgan_rf,5,10,30,31,6.004300194396589,3.171988237812805,0.4922095442939203,10.233953465648902,4.569886404554107,0.39964238139016256,0.18806454278847062
bace,classification,outer,32,fixed_reference_relative,registry_median_candidate,16,10,30,31,5.054845530685157,2.632911997466421,0.6019270640194785,7.684725156921883,3.3771005649257537,0.5244659513896577,0.12868853597072075
bace,classification,inner,32,fixed_reference_relative,candidate_1,1,10,90,31,4.947034001808208,2.4444896352845813,0.6341822096349141,5.8340010210440765,2.6798416973121473,0.6031932317430214,0.0488644705276934
bace,classification,inner,32,fixed_reference_relative,predefined_linear_baseline,2,10,90,31,3.1244337692785114,1.6688893367965967,0.7927393285454323,3.5623699842328884,1.770724081660525,0.7682693400296099,0.030867635343286567
bace,classification,inner,32,fixed_reference_relative,fixed_morgan_rf,5,10,90,31,6.794287654356496,3.2048514701392716,0.4975815154217111,8.204284592047413,3.635357531440511,0.4635589993219377,0.06837576365942455
bace,classification,inner,32,fixed_reference_relative,registry_median_candidate,16,10,90,31,5.746459458834427,2.775013686471514,0.5664176478071153,6.789711021729894,3.0666640326678385,0.5360197273365289,0.053666972751063906
bbbp,classification,outer,32,fixed_reference_relative,candidate_1,1,10,30,31,4.098560318680492,2.1115872560261764,0.7119137417627978,5.557886093531944,2.4732874814965804,0.6536700924067941,0.0818127898638177
bbbp,classification,outer,32,fixed_reference_relative,predefined_linear_baseline,2,10,30,31,3.5824744121869427,1.8754621253475803,0.7638081627049094,5.380613220261157,2.3140632215399846,0.6824264187369704,0.1065473608971893
bbbp,classification,outer,32,fixed_reference_relative,fixed_morgan_rf,5,10,30,31,4.865673445299532,2.4479358411840484,0.6092537300151832,6.844923396319208,2.9727812826912805,0.5477570541384291,0.1009377092779084
bbbp,classification,outer,32,fixed_reference_relative,registry_median_candidate,16,10,30,31,5.567605681235201,2.798840370018008,0.5712482011982494,8.596130808515616,3.68977518455314,0.4896019192777664,0.14292610768702965
bbbp,classification,inner,32,fixed_reference_relative,candidate_1,1,10,90,31,5.810168641832368,2.8850403017638917,0.5354812879236002,6.909929183380467,3.2078238351192665,0.5049025112172922,0.057105219913251265
bbbp,classification,inner,32,fixed_reference_relative,predefined_linear_baseline,2,10,90,31,3.5193024103039297,1.8171773859558333,0.7394166797816963,4.154000161388505,1.9706096027916151,0.7081787939373385,0.0422466610485176
bbbp,classification,inner,32,fixed_reference_relative,fixed_morgan_rf,5,10,90,31,6.45674957362361,3.1513756418807595,0.47865806705968345,7.629410685494057,3.508831619953675,0.4507014247601744,0.0584062908857721
bbbp,classification,inner,32,fixed_reference_relative,registry_median_candidate,16,10,90,31,6.231159125903319,3.084342864527728,0.5229959729343342,7.052494652760421,3.3298627853357665,0.5011274924043729,0.04181386026218541
clintox,classification,outer,32,fixed_reference_relative,candidate_1,1,10,30,31,7.400543645895671,3.72155346890327,0.46945247039603716,11.071847833004432,4.998978412264118,0.395456318043223,0.15762224510266232
clintox,classification,outer,32,fixed_reference_relative,predefined_linear_baseline,2,10,30,31,5.40321093024205,2.598951765080477,0.5994070255556643,8.096858023872672,3.356414598496037,0.5203710635693958,0.13185691627988566
clintox,classification,outer,32,fixed_reference_relative,fixed_morgan_rf,5,10,30,31,4.326343293194658,2.150634780439511,0.6553884249456122,5.696794906289746,2.48856373854088,0.605688226634293,0.07583319512462196
clintox,classification,outer,32,fixed_reference_relative,registry_median_candidate,16,10,30,31,6.989280963962334,3.4245347208537398,0.48992449349406636,10.975844089052398,4.767316569417263,0.40499799945644355,0.1733460873367246
clintox,classification,inner,32,fixed_reference_relative,candidate_1,1,10,90,31,6.465727402337859,3.009960998655621,0.5342949913887705,7.403696274290924,3.2831627916189663,0.5090792695302311,0.04719438187694233
clintox,classification,inner,32,fixed_reference_relative,predefined_linear_baseline,2,10,90,31,5.277309634099521,2.4262322102854137,0.6158786075515799,6.032952249416928,2.6250262432193976,0.5900359253466135,0.04196067518516911
clintox,classification,inner,32,fixed_reference_relative,fixed_morgan_rf,5,10,90,31,5.330543221686802,2.497830612428448,0.5671378578752768,6.052759737408656,2.688074802522421,0.544872887429631,0.03925848034384312
clintox,classification,inner,32,fixed_reference_relative,registry_median_candidate,16,10,90,31,5.15995640052614,2.381618673351455,0.6194909246590292,5.925732883337276,2.579227774685095,0.5932279673499308,0.04239441816448527
esol,regression,outer,32,fixed_reference_relative,candidate_1,1,10,30,31,1.2424281698187656,1.0846427685966984,0.973340300887429,1.6380412444097503,1.177131100825213,0.9328745906197314,0.041574062258394134
esol,regression,outer,32,fixed_reference_relative,predefined_linear_baseline,2,10,30,31,1.6341048347705749,1.2532518854391201,0.9235075413791041,2.1498691438490884,1.3715365144975145,0.8810301266982088,0.04599574207857789
esol,regression,outer,32,fixed_reference_relative,fixed_morgan_rf,5,10,30,31,3.3209255201456656,2.204316420189984,0.604707290361762,4.778788126150491,2.5927951254118113,0.5537944856571372,0.08419413080693446
esol,regression,outer,32,fixed_reference_relative,registry_median_candidate,16,10,30,31,4.315755905079444,2.929697133024547,0.031152259498289158,6.041838516020748,3.4467960578623926,0.028454805752885327,0.08658934500568083
esol,regression,inner,32,fixed_reference_relative,candidate_1,1,10,90,31,1.4027832921710857,1.1512402669036106,0.9483038333992326,1.6306255523268114,1.2025282385626996,0.9270633525819925,0.0223983918119397
esol,regression,inner,32,fixed_reference_relative,predefined_linear_baseline,2,10,90,31,2.205664546998997,1.555917632969035,0.8308123551345649,2.551389534296545,1.6355054714368968,0.8092496117892988,0.025953806791635392
esol,regression,inner,32,fixed_reference_relative,fixed_morgan_rf,5,10,90,31,4.430102507845303,3.018933155163867,0.20241135646774383,5.6278220142519935,3.3811175196875167,0.1900213535736647,0.06121199477290007
esol,regression,inner,32,fixed_reference_relative,registry_median_candidate,16,10,90,31,4.837339675545192,3.0411270443071485,0.05362958261462381,6.043157144070712,3.3956778701774373,0.05042979114576445,0.0596646722360812
freesolv,regression,outer,32,fixed_reference_relative,candidate_1,1,10,30,31,1.1629998900240455,1.0481244965712992,0.9809179434675497,1.518117816933187,1.1329560725184047,0.9421427018081923,0.03952954670427021
freesolv,regression,outer,32,fixed_reference_relative,predefined_linear_baseline,2,10,30,31,1.9540205695539075,1.3452192463324468,0.876137886319807,2.4395283392552125,1.454477159563502,0.8410349139060637,0.0400655798155156
freesolv,regression,outer,32,fixed_reference_relative,fixed_morgan_rf,5,10,30,31,6.557903160998046,4.225712832169875,0.33351673457273345,11.227187629323772,6.025810694130672,0.26974078642957966,0.1912226330257668
freesolv,regression,outer,32,fixed_reference_relative,registry_median_candidate,16,10,30,31,3.4846534602351813,2.0930885118227507,0.702646500349036,5.606556842142411,2.6398293916395597,0.6197211638167078,0.11801857191508915
freesolv,regression,inner,32,fixed_reference_relative,candidate_1,1,10,90,31,1.4259035525172425,1.1324933154157388,0.9412619854766424,1.6998254509193491,1.1958086130370358,0.9150328619056342,0.027865911909452045
freesolv,regression,inner,32,fixed_reference_relative,predefined_linear_baseline,2,10,90,31,3.2383171930793675,1.863041194636208,0.7238481843589017,3.7237385295990504,1.9737983648543218,0.7019082061341799,0.030310193074744324
freesolv,regression,inner,32,fixed_reference_relative,fixed_morgan_rf,5,10,90,31,6.294017499474501,3.703181868134993,0.4292440796031631,7.813997648766039,4.177613072653149,0.40060874575576594,0.0667110746731108
freesolv,regression,inner,32,fixed_reference_relative,registry_median_candidate,16,10,90,31,4.774167793269309,2.6347142346919377,0.5675354908614741,6.336370118647504,3.0537406230841,0.5232532954561036,0.07802542064488985
lipo,regression,outer,32,fixed_reference_relative,candidate_1,1,10,30,31,1.9325311322746663,1.3248012984081496,0.8990909939001498,2.672019031736735,1.4957058598145485,0.8437265569951378,0.06157823544071794
lipo,regression,outer,32,fixed_reference_relative,predefined_linear_baseline,2,10,30,31,1.9602082702074204,1.3310540387692014,0.895966482175662,2.6892534605628504,1.4991590801606953,0.8418445142021644,0.06040624180725329
lipo,regression,outer,32,fixed_reference_relative,fixed_morgan_rf,5,10,30,31,4.734112672558455,2.829818067935204,0.5473366683570642,7.382994596165736,3.6205237699032504,0.4770521333592454,0.12841188807757248
lipo,regression,outer,32,fixed_reference_relative,registry_median_candidate,16,10,30,31,6.280202532317638,3.9080342558184773,0.38024126251749335,9.96758557951851,5.227463978831654,0.32066474781504295,0.1566808249794024
lipo,regression,inner,32,fixed_reference_relative,candidate_1,1,10,90,31,1.815115947974449,1.282641292685019,0.9204338448969428,2.0775404254826286,1.3429625553815543,0.898611590222614,0.023708661730894497
lipo,regression,inner,32,fixed_reference_relative,predefined_linear_baseline,2,10,90,31,1.9009174017348975,1.3113681062260922,0.9123925898151013,2.1597443141633694,1.3707503852524663,0.8915179740363262,0.022878984344891856
lipo,regression,inner,32,fixed_reference_relative,fixed_morgan_rf,5,10,90,31,5.613028693949926,3.044850001650344,0.5101102269723509,6.48942300610804,3.300112125705518,0.4877426417468434,0.04384853320480428
lipo,regression,inner,32,fixed_reference_relative,registry_median_candidate,16,10,90,31,6.261021866642924,3.6302557155581,0.44571871263163293,7.336343525030293,3.977114815434185,0.4231320285770815,0.050674749375438956
tdc_caco2_wang,regression,outer,32,fixed_reference_relative,candidate_1,1,10,30,31,1.2322044227388376,1.0733574285408318,0.9786377749430233,1.4992795093468085,1.1358697685721417,0.9503330324660265,0.02892259342701595
tdc_caco2_wang,regression,outer,32,fixed_reference_relative,predefined_linear_baseline,2,10,30,31,1.8358550177815867,1.2906701394722073,0.9311351354666226,2.498690903882359,1.442227642147946,0.8786033613818869,0.05641691746323247
tdc_caco2_wang,regression,outer,32,fixed_reference_relative,fixed_morgan_rf,5,10,30,31,7.84013242909009,4.834801231603888,0.2723215808658766,12.743198502251932,6.875739697362225,0.21926870012773583,0.1948170268748196
tdc_caco2_wang,regression,outer,32,fixed_reference_relative,registry_median_candidate,16,10,30,31,4.502558227538805,2.5633093196399646,0.5732766357983619,7.5700569177451875,3.445476604053444,0.4867399830451381,0.15095094994183816
tdc_caco2_wang,regression,inner,32,fixed_reference_relative,candidate_1,1,10,90,31,1.355635335118743,1.1112653933089651,0.962822889193824,1.6577373487504803,1.1822519864002086,0.9323606386799058,0.03163847770530675
tdc_caco2_wang,regression,inner,32,fixed_reference_relative,predefined_linear_baseline,2,10,90,31,1.988671958076406,1.3330138199831587,0.9055472713542272,2.2958284428268674,1.402096229711473,0.8819283507504743,0.026082482219211677
tdc_caco2_wang,regression,inner,32,fixed_reference_relative,fixed_morgan_rf,5,10,90,31,7.119683499475675,3.9393983202910334,0.3912839337533544,8.923912238075301,4.556611250325022,0.3596464726223842,0.08085550773191949
tdc_caco2_wang,regression,inner,32,fixed_reference_relative,registry_median_candidate,16,10,90,31,5.073483343091276,2.808430723064395,0.5076290977050579,6.244983901236207,3.138831842533033,0.4773471963033692,0.059653596569996116
tdc_hia_hou,classification,outer,32,fixed_reference_relative,candidate_1,1,10,30,31,5.683834589605438,3.0670109335834637,0.5291453449069844,10.25228564856925,4.56770624992365,0.4217861151348695,0.20289175895705389
tdc_hia_hou,classification,outer,32,fixed_reference_relative,predefined_linear_baseline,2,10,30,31,5.6923681749311035,3.0060800208333327,0.524511292664775,10.02360275711503,4.399927973382511,0.42261204983527206,0.19427464051689824
tdc_hia_hou,classification,outer,32,fixed_reference_relative,fixed_morgan_rf,5,10,30,31,6.014840008865715,3.3541752056027474,0.4891515034970726,12.091327357379454,5.57957448572254,0.36367408711821675,0.2565205574996393
tdc_hia_hou,classification,outer,32,fixed_reference_relative,registry_median_candidate,16,10,30,31,3.6429344727528647,1.9636442025756264,0.716384256480194,6.47728623379694,2.689863044880941,0.604383054502603,0.15634235532741314
tdc_hia_hou,classification,inner,32,fixed_reference_relative,candidate_1,1,10,90,31,7.558067054700859,4.3489216617182995,0.3572674258922996,9.521980032375305,5.077285794768779,0.3261003396980604,0.08723741358842728
tdc_hia_hou,classification,inner,32,fixed_reference_relative,predefined_linear_baseline,2,10,90,31,6.977809142412202,3.872401984597987,0.4270388256659068,8.509876996766474,4.399123217712731,0.3967498954464497,0.07092781358281826
tdc_hia_hou,classification,inner,32,fixed_reference_relative,fixed_morgan_rf,5,10,90,31,6.042639676443124,3.0767063346434878,0.49921454823178935,7.408785050330566,3.479428141247599,0.46603842439708076,0.06645664464751132
tdc_hia_hou,classification,inner,32,fixed_reference_relative,registry_median_candidate,16,10,90,31,4.711232405089361,2.4061622314773112,0.6072069334929996,5.522417223366917,2.616441850394251,0.5801507066114872,0.044558494623685566
tdc_pgp_broccatelli,classification,outer,32,fixed_reference_relative,candidate_1,1,10,30,31,3.612883564807602,1.9845108308045258,0.747247341152415,6.536141350192245,2.748523636428022,0.6265374032851768,0.16153946788365675
tdc_pgp_broccatelli,classification,outer,32,fixed_reference_relative,predefined_linear_baseline,2,10,30,31,3.4438241534880856,1.8807877938120319,0.7744943726285172,5.3261298595090265,2.3449898238224884,0.6880629244888415,0.11159725776488276
tdc_pgp_broccatelli,classification,outer,32,fixed_reference_relative,fixed_morgan_rf,5,10,30,31,6.316613075206691,3.2879250595408247,0.4830048889430802,9.589287572689852,4.339667794897018,0.4123656630314842,0.14624950498155445
tdc_pgp_broccatelli,classification,outer,32,fixed_reference_relative,registry_median_candidate,16,10,30,31,6.522862124085358,3.474126540482866,0.472104464271232,9.888956899098948,4.591890677222962,0.40221962226250313,0.14802834393147962
tdc_pgp_broccatelli,classification,inner,32,fixed_reference_relative,candidate_1,1,10,90,31,3.834553167525555,1.9694733303917793,0.7205684843574003,4.409318633100303,2.1102837532628573,0.6944229549102099,0.0362845864269335
tdc_pgp_broccatelli,classification,inner,32,fixed_reference_relative,predefined_linear_baseline,2,10,90,31,3.451297279288197,1.7883402817520506,0.7590315965384044,4.118185596190114,1.9484867220269766,0.7251744133193487,0.04460576262366829
tdc_pgp_broccatelli,classification,inner,32,fixed_reference_relative,fixed_morgan_rf,5,10,90,31,6.364812775474494,3.0172940926121363,0.5335382011572088,7.529429553445468,3.361827304959786,0.5023384837012675,0.05847700762245535
tdc_pgp_broccatelli,classification,inner,32,fixed_reference_relative,registry_median_candidate,16,10,90,31,5.422543152140015,2.6012614254798163,0.5857465443358884,6.549055563813359,2.911599655733808,0.5506173401535772,0.0599733869913657
