task,task_type,matrix_level,candidate_count,transformation,reference_label,n_seeds,n_matrix_rows,n_columns_after_transform,empirical_entropy_rank,empirical_participation_rank,empirical_median_correlation,ledoit_wolf_entropy_rank,ledoit_wolf_participation_rank,ledoit_wolf_median_correlation,ledoit_wolf_shrinkage_alpha
bace,classification,outer,4,raw,candidate_1,10,30,4,1.1821760831818366,1.065758910929173,0.9559216842490152,1.8123610970961008,1.3782853129122654,0.7945606474326801,0.16880152367618143
bace,classification,outer,4,row_centred,candidate_1,10,30,4,2.8105195592423495,2.6686956388680607,-0.411979850843061,3.6058059990630076,3.3630174383704015,-0.2538551821965497,0.3838165102563404
bace,classification,outer,4,fixed_reference_relative,candidate_1,10,30,3,1.7115638819375039,1.4141277890094057,0.7916301791663055,2.1206771255663948,1.7373141033742507,0.6372958176980587,0.19495765261347417
bace,classification,outer,4,within_unit_rank,candidate_1,10,30,4,2.8711849481019316,2.7728044483656866,-0.43975655677720704,4.0,4.0,0.0,1.0
bace,classification,outer,8,raw,candidate_1,10,30,8,1.4535419340338198,1.1869288239489102,0.9154492831257008,2.1611364949111906,1.4547211162504567,0.8104931909783202,0.11464981630551925
bace,classification,outer,8,row_centred,candidate_1,10,30,8,2.7214107290320104,1.8612778488994013,-0.32447761014502796,3.603120418636647,2.3045741394110237,-0.28087889631381313,0.13436586213676815
bace,classification,outer,8,fixed_reference_relative,candidate_1,10,30,7,2.976357264981289,2.249472107668565,-0.28135186950222685,3.957711654068274,2.858555086844773,-0.2330353667108337,0.17172980892885334
bace,classification,outer,8,within_unit_rank,candidate_1,10,30,8,5.859247475798027,5.133057575605564,-0.040091775603552454,7.955813087480214,7.910921615568174,-0.0056925453393569265,0.8580121420500887
bace,classification,outer,16,raw,candidate_1,10,30,16,1.552497129665924,1.1888888419427799,0.9206590971202291,2.3488028812384885,1.4231332855173362,0.8348048371615341,0.09325304037861812
bace,classification,outer,16,row_centred,candidate_1,10,30,16,6.15461560184938,3.976857640219785,-0.11055265108024401,8.833710683968567,5.536160957454744,-0.08741206105455213,0.2093173686888378
bace,classification,outer,16,fixed_reference_relative,candidate_1,10,30,15,4.3012892238915965,2.6828193046088833,0.4611403308159601,5.934009625424944,3.396891403866929,0.3977585362570464,0.13744578455491757
bace,classification,outer,16,within_unit_rank,candidate_1,10,30,16,9.463201587621747,7.392265732410137,-0.10853190794785553,14.280005732757505,12.676219953772748,-0.051501876401127494,0.5254678796776364
bace,classification,outer,32,raw,candidate_1,10,30,32,1.5373497103489215,1.163331375452147,0.9306365038809442,2.355937547926694,1.3566428297859756,0.8590797598141031,0.07689011098150016
bace,classification,outer,32,row_centred,candidate_1,10,30,32,10.702544345898943,7.016072403208595,-0.06908583912929722,19.246471734000394,12.11905883512365,-0.04689102593458145,0.3212642919944446
bace,classification,outer,32,fixed_reference_relative,candidate_1,10,30,31,5.370017479394126,2.8158958524760505,0.5604881492504814,7.903249713588767,3.5486480071612503,0.4927458991147807,0.12086294817524619
bace,classification,outer,32,within_unit_rank,candidate_1,10,30,32,13.673537707289997,9.468735017825745,-0.04595420364282922,25.41655800795677,19.518196615650954,-0.023823044540163617,0.48159161400502265
bace,classification,inner,4,raw,candidate_1,10,90,4,1.4095543673264948,1.1792914427557672,0.9083635802634556,1.555043628591033,1.2470070368459825,0.8726885492059091,0.03927395575150624
bace,classification,inner,4,row_centred,candidate_1,10,90,4,2.6256776810521085,2.4083065497891916,-0.30866029225603725,2.973174537062357,2.6311122900213504,-0.27385530132088554,0.11276147858462039
bace,classification,inner,4,fixed_reference_relative,candidate_1,10,90,3,1.740140992597807,1.4528287315209398,0.6433335724077828,1.8894513653370306,1.5559080255707847,0.6005922122368391,0.06643732272664826
bace,classification,inner,4,within_unit_rank,candidate_1,10,90,4,2.616218368788543,2.4076140315417414,-0.2948170669818855,3.227858725474504,2.871854490865118,-0.22720779487141923,0.22932618115565398
bace,classification,inner,8,raw,candidate_1,10,90,8,1.8037097378733276,1.3954350246050602,0.8527800473682501,2.042576958985097,1.4825300046916663,0.8218782849813733,0.0362364978897453
bace,classification,inner,8,row_centred,candidate_1,10,90,8,2.690221365184873,1.8610160488076053,-0.3085209710700021,2.9773867236421627,1.9854924671906076,-0.29564968084666676,0.04171933654524539
bace,classification,inner,8,fixed_reference_relative,candidate_1,10,90,7,2.9537608169378045,2.3560397346669952,-0.0804751379186386,3.3407396504396045,2.5631223052659697,-0.07541588832499184,0.06286723731696728
bace,classification,inner,8,within_unit_rank,candidate_1,10,90,8,5.679916230743397,4.856674292211959,-0.14657822262347237,7.282804572845663,6.676536280814523,-0.08111938733539006,0.4465795403743687
bace,classification,inner,16,raw,candidate_1,10,90,16,1.9427215779406284,1.3572884522017545,0.873875101402237,2.246805969773585,1.444593364521017,0.8445279992495666,0.033582719207332266
bace,classification,inner,16,row_centred,candidate_1,10,90,16,6.459380332122102,3.950252075599643,-0.1012100307725901,7.443691150143769,4.450516091812488,-0.09335188293410496,0.07764198645628005
bace,classification,inner,16,fixed_reference_relative,candidate_1,10,90,15,4.249090693985564,2.6144452086248955,0.5486750131536827,4.856999547376138,2.8545618603555334,0.5199769428975485,0.052304314153442645
bace,classification,inner,16,within_unit_rank,candidate_1,10,90,16,10.395088686450064,8.10934353668279,-0.08602859287028489,13.237159242486454,11.089707961003056,-0.05803269072853475,0.32542554989784245
bace,classification,inner,32,raw,candidate_1,10,90,32,1.9083312216258352,1.2823328549932898,0.8963760365984035,2.2429783937000414,1.3596017789662627,0.8694364592300459,0.030053879475168768
bace,classification,inner,32,row_centred,candidate_1,10,90,32,13.288310964877697,8.248531542036742,-0.10523891630304977,17.476800677409543,10.758408434534749,-0.08714429630604059,0.17193848656616031
bace,classification,inner,32,fixed_reference_relative,candidate_1,10,90,31,4.947034001808208,2.4444896352845813,0.6341822096349141,5.8340010210440765,2.6798416973121473,0.6031932317430214,0.0488644705276934
bace,classification,inner,32,within_unit_rank,candidate_1,10,90,32,17.154276550017947,11.320948394849307,-0.08181441554072946,22.56159673957136,15.87013077605846,-0.06102827569494974,0.2540645155062169
bbbp,classification,outer,4,raw,candidate_1,10,30,4,1.4046043291256645,1.1821732375684624,0.9224250137245091,1.7066271336683507,1.3306153665291733,0.8462404859467385,0.08259156749247079
bbbp,classification,outer,4,row_centred,candidate_1,10,30,4,2.669763117829681,2.401061743178315,-0.32906692322800335,3.306678040869123,2.9198532740828638,-0.24526236425400122,0.2546732991329416
bbbp,classification,outer,4,fixed_reference_relative,candidate_1,10,30,3,1.8401235505728322,1.5170349005883854,0.6600863958046939,2.279407810767608,1.9047117186363358,0.5062705870231492,0.23302375228326233
bbbp,classification,outer,4,within_unit_rank,candidate_1,10,30,4,1.7560675182821552,1.6017309205350128,-0.5758167996310982,2.8849293070329325,2.778865316910725,-0.17385148977254675,0.6980784689089895
bbbp,classification,outer,8,raw,candidate_1,10,30,8,1.8345251032693777,1.3609232609826656,0.8171197294136632,2.2753212265060943,1.5336789868698277,0.7596439227399991,0.0703395164805368
bbbp,classification,outer,8,row_centred,candidate_1,10,30,8,3.61150134177362,2.5012345972816,-0.42324868240976177,4.344339106207929,2.9404161134173123,-0.374449483670994,0.11529675287098387
bbbp,classification,outer,8,fixed_reference_relative,candidate_1,10,30,7,3.2455479661621354,2.470451646120927,0.37013376081728355,4.191398355408104,3.1076505181220027,0.3059209759617569,0.1734853494956524
bbbp,classification,outer,8,within_unit_rank,candidate_1,10,30,8,5.419820304289693,4.963188334868474,-0.10656579943115914,7.852743819700612,7.710666975031548,-0.02639017840195724,0.7523578995998136
bbbp,classification,outer,16,raw,candidate_1,10,30,16,1.929746145236365,1.327653927069865,0.8723162833248219,2.4077306885371756,1.4680181398376833,0.82558796445333,0.05356809194640672
bbbp,classification,outer,16,row_centred,candidate_1,10,30,16,8.009600628665561,5.593567998889148,-0.10317634533830111,11.37281531537932,8.283521077119996,-0.07300889449711871,0.29238727871458753
bbbp,classification,outer,16,fixed_reference_relative,candidate_1,10,30,15,4.285120749196909,2.5180376196013796,0.6021686974772663,5.614926462680017,3.08437534516238,0.5315971500717074,0.11719564251880284
bbbp,classification,outer,16,within_unit_rank,candidate_1,10,30,16,9.910090593156976,7.86531413705748,-0.05450899453275051,14.402692469830255,12.919756950257378,-0.02617104930569911,0.5198764987313274
bbbp,classification,outer,32,raw,candidate_1,10,30,32,1.7822909796954156,1.240192053941629,0.9097227611318409,2.279802974456111,1.3541701192870255,0.8689820452223799,0.04478366118791265
bbbp,classification,outer,32,row_centred,candidate_1,10,30,32,12.625687605997454,9.035043104561856,-0.06003311214181803,24.21560987260352,18.144379953264433,-0.0329052406988176,0.4518818111397498
bbbp,classification,outer,32,fixed_reference_relative,candidate_1,10,30,31,4.098560318680492,2.1115872560261764,0.7119137417627978,5.557886093531944,2.4732874814965804,0.6536700924067941,0.0818127898638177
bbbp,classification,outer,32,within_unit_rank,candidate_1,10,30,32,14.573886993765647,10.879997324213521,-0.024295371653319735,28.469646176178184,24.8338051737616,-0.009367282706455931,0.6144416788464329
bbbp,classification,inner,4,raw,candidate_1,10,90,4,1.382397610396742,1.162530105709035,0.8918162947327735,1.5518103441174529,1.2412823773683603,0.8510012657972197,0.04576618433259597
bbbp,classification,inner,4,row_centred,candidate_1,10,90,4,2.4754790177028583,2.2367607164039702,-0.3820942719791317,2.8217079749607556,2.453725213188842,-0.3416292428997672,0.10590326012941248
bbbp,classification,inner,4,fixed_reference_relative,candidate_1,10,90,3,1.8367938383836186,1.5621221937621912,0.5427868055400922,2.032839931943722,1.7038164580873028,0.49345509782190594,0.090885974409602
bbbp,classification,inner,4,within_unit_rank,candidate_1,10,90,4,2.558032281118667,2.2821735605652997,-0.35906894813596335,3.2728747043583897,2.8681176863696685,-0.2599948203841837,0.27591950867960807
bbbp,classification,inner,8,raw,candidate_1,10,90,8,1.904215328422896,1.430926846226359,0.8309458355228454,2.2119506756552347,1.549666715571491,0.7912273797292917,0.04779909122303056
bbbp,classification,inner,8,row_centred,candidate_1,10,90,8,3.0861862522946057,2.071237351433785,-0.44456099759231493,3.3775457150285644,2.209145226265722,-0.42542544744762745,0.043043699848441454
bbbp,classification,inner,8,fixed_reference_relative,candidate_1,10,90,7,3.2761027084690464,2.499366122576708,-0.04838471100503761,3.619251580158641,2.70367174279167,-0.045452523006960295,0.06060153997348567
bbbp,classification,inner,8,within_unit_rank,candidate_1,10,90,8,5.791019751237104,5.03230291265803,-0.18483988907231963,7.480698107081111,7.018398752832338,-0.09001561078243417,0.5130076563332335
bbbp,classification,inner,16,raw,candidate_1,10,90,16,2.1415569104011465,1.4252373131414717,0.8338323020994358,2.5425387143243783,1.5450486354802497,0.7975516194345065,0.04351076658169891
bbbp,classification,inner,16,row_centred,candidate_1,10,90,16,7.065783274522717,4.266980740145555,-0.15933749864538582,8.017259209883703,4.800560434314978,-0.14676605447627739,0.0788982146449209
bbbp,classification,inner,16,fixed_reference_relative,candidate_1,10,90,15,5.007677955748882,3.036770671435642,0.43717654503565195,5.690935785950516,3.3481909032697663,0.4108943901551328,0.06011794360645716
bbbp,classification,inner,16,within_unit_rank,candidate_1,10,90,16,10.843990295520818,8.214705408046404,-0.05622547174784655,13.370781750638203,11.063368125563505,-0.03858009290891902,0.31383247290590066
bbbp,classification,inner,32,raw,candidate_1,10,90,32,2.0903560608072262,1.343040036414043,0.863391389934753,2.5457232501964495,1.4489756093068331,0.8297934466637502,0.03891391976186139
bbbp,classification,inner,32,row_centred,candidate_1,10,90,32,12.535117774678477,7.080423021882397,-0.0872361418218556,15.258295592364767,8.514472390842025,-0.0772283950667559,0.11472018989029187
bbbp,classification,inner,32,fixed_reference_relative,candidate_1,10,90,31,5.810168641832368,2.8850403017638917,0.5354812879236002,6.909929183380467,3.2078238351192665,0.5049025112172922,0.057105219913251265
bbbp,classification,inner,32,within_unit_rank,candidate_1,10,90,32,17.12755945851782,10.359036350291868,-0.06610367397513114,21.247488708231437,13.649127599435822,-0.05303015412775362,0.19777296875051023
clintox,classification,outer,4,raw,candidate_1,10,30,4,1.780727854358452,1.4198191061390615,0.7312400826327925,2.2228423746242805,1.6863128041532207,0.635381656216027,0.131090224255257
clintox,classification,outer,4,row_centred,candidate_1,10,30,4,2.287552610388956,2.068013240141694,-0.4243705465962172,2.7477325270192705,2.359186804431296,-0.36615774386165056,0.13717446510244108
clintox,classification,outer,4,fixed_reference_relative,candidate_1,10,30,3,2.0517852132845342,1.8160989549085778,0.29081857688135976,2.461512003870709,2.181802284190903,0.22057466712601556,0.24153859257760024
clintox,classification,outer,4,within_unit_rank,candidate_1,10,30,4,2.3214608043370193,1.931019824349723,-0.1970648487322468,2.674436030318343,2.159718106944218,-0.17573894204109441,0.10821771020222913
clintox,classification,outer,8,raw,candidate_1,10,30,8,3.1686730509610537,2.2002872518724996,0.6162983557564369,4.003656472299199,2.6696190660629733,0.5363915579487786,0.12965602952093172
clintox,classification,outer,8,row_centred,candidate_1,10,30,8,4.115882615160876,3.0159763159580257,-0.40928171118613765,5.106142590737113,3.7016105615136476,-0.3430866115229263,0.16173480967759726
clintox,classification,outer,8,fixed_reference_relative,candidate_1,10,30,7,4.495656039886439,3.640035253481856,-0.07700838368950072,5.58776203362214,4.690309214103169,-0.05624703397415012,0.2695985647362869
clintox,classification,outer,8,within_unit_rank,candidate_1,10,30,8,5.007151938185013,3.940867377824546,-0.24819186671458784,6.753725279257426,5.728773722159233,-0.15398066918476366,0.3795901887396002
clintox,classification,outer,16,raw,candidate_1,10,30,16,4.231004186987409,2.441904579328722,0.5962970768969289,5.828959389109136,3.084091831838681,0.5178768595120216,0.13151199364081834
clintox,classification,outer,16,row_centred,candidate_1,10,30,16,8.264261279830908,6.227495069259044,-0.11618850967690733,12.056539430676343,9.40669710628114,-0.0776515022334496,0.33167657929876204
clintox,classification,outer,16,fixed_reference_relative,candidate_1,10,30,15,6.68825943031776,4.428972345831805,0.30063888950057366,9.157334559441972,6.0774403789098494,0.2357883884555453,0.215708956192458
clintox,classification,outer,16,within_unit_rank,candidate_1,10,30,16,9.168842213968807,7.0863462845363685,-0.11244919347861615,13.63216901799333,11.611991540073154,-0.06163395315580627,0.45189510703314345
clintox,classification,outer,32,raw,candidate_1,10,30,32,4.642709998058163,2.3014486095729567,0.6394681947694469,6.963642779106461,2.9004425064472272,0.5638492647578135,0.11825283982872205
clintox,classification,outer,32,row_centred,candidate_1,10,30,32,13.726216767584075,9.955198852977205,-0.06674392367002462,25.4656858826072,19.986211860169096,-0.03477429642901428,0.47898932941169325
clintox,classification,outer,32,fixed_reference_relative,candidate_1,10,30,31,7.400543645895671,3.72155346890327,0.46945247039603716,11.071847833004432,4.998978412264118,0.395456318043223,0.15762224510266232
clintox,classification,outer,32,within_unit_rank,candidate_1,10,30,32,14.853987344959945,11.008061130219671,-0.04155774125012088,28.04128570718644,24.116920840903145,-0.017205531354975177,0.5859849251329287
clintox,classification,inner,4,raw,candidate_1,10,90,4,1.6147347092264874,1.3063181803954576,0.7919519867821048,1.7673473019512158,1.3810722477567703,0.7594579810075259,0.041030272436856016
clintox,classification,inner,4,row_centred,candidate_1,10,90,4,2.1518545584134476,1.9766649797669766,-0.4530265474364968,2.410482493738071,2.1123279780727917,-0.4232908503656336,0.06563786877198635
clintox,classification,inner,4,fixed_reference_relative,candidate_1,10,90,3,1.8720200599362888,1.6641041396090985,0.36938017399722206,2.044481523898583,1.7748269073349594,0.3425297148147614,0.07269058025475528
clintox,classification,inner,4,within_unit_rank,candidate_1,10,90,4,2.4853502486929724,2.265256777637991,-0.4159464911169115,2.7550436691133453,2.4235102562815687,-0.38335552640955894,0.07835374357850083
clintox,classification,inner,8,raw,candidate_1,10,90,8,2.8532320194024154,1.9961590179936095,0.646455498192005,3.132673285732521,2.125573169893639,0.6196783598970673,0.04142147196493462
clintox,classification,inner,8,row_centred,candidate_1,10,90,8,3.7664812072254654,2.7097745186866775,-0.38299163077804965,4.13820296868356,2.907610695031817,-0.3627533563409562,0.05284260232000195
clintox,classification,inner,8,fixed_reference_relative,candidate_1,10,90,7,3.84305335475844,3.095198588445553,0.1314746388275184,4.267518531672843,3.3778969849886638,0.1212115398348477,0.07806143514974667
clintox,classification,inner,8,within_unit_rank,candidate_1,10,90,8,4.974680521134492,3.9546954626288024,-0.24725440992418302,5.5339689888968575,4.368876958591744,-0.22287457807027783,0.09860221243932875
clintox,classification,inner,16,raw,candidate_1,10,90,16,4.475982292542207,2.531151167979067,0.5642380996042382,4.972238881067714,2.7198848375628812,0.5404827940814791,0.04210156233586677
clintox,classification,inner,16,row_centred,candidate_1,10,90,16,8.600428910324892,6.288088578497006,-0.13812611970217376,10.185218387585724,7.415605178372495,-0.11958158984396677,0.13425795134325405
clintox,classification,inner,16,fixed_reference_relative,candidate_1,10,90,15,5.886925668405357,3.596320272205791,0.4332143388998915,6.633654008178773,3.974943002460063,0.40516737382518236,0.06474154374929511
clintox,classification,inner,16,within_unit_rank,candidate_1,10,90,16,10.13060278028018,7.910153725115657,-0.12821635538467147,11.87091258539392,9.436053390084718,-0.10574335369779363,0.17527406405723311
clintox,classification,inner,32,raw,candidate_1,10,90,32,4.655442432425539,2.219772901177426,0.636984816205121,5.241795997181885,2.3646357174159616,0.61566201949272,0.03347457611224278
clintox,classification,inner,32,row_centred,candidate_1,10,90,32,14.9504210522402,9.477265135158191,-0.08696691675183284,18.85089194156993,12.054794381919153,-0.07256452917855005,0.16560765991487505
clintox,classification,inner,32,fixed_reference_relative,candidate_1,10,90,31,6.465727402337859,3.009960998655621,0.5342949913887705,7.403696274290924,3.2831627916189663,0.5090792695302311,0.04719438187694233
clintox,classification,inner,32,within_unit_rank,candidate_1,10,90,32,17.40230756369687,11.652252498819115,-0.054653845175872726,21.68288363210302,15.096521134920872,-0.04376400949729687,0.19925104342673458
esol,regression,outer,4,raw,candidate_1,10,30,4,1.9983870400361576,1.6846037186039124,0.6602626931606217,2.731044184982948,2.189288716571579,0.5121840564343612,0.2242723059475316
esol,regression,outer,4,row_centred,candidate_1,10,30,4,1.9914957479947575,1.8749671187897754,-0.2351541718785271,2.7205391873661013,2.317804821187711,-0.18817696067484196,0.19977196589117735
esol,regression,outer,4,fixed_reference_relative,candidate_1,10,30,3,1.1641259610620054,1.0711302392433644,0.9347994022558425,1.468017349571429,1.221229965579198,0.8407159560058188,0.10064559949758523
esol,regression,outer,4,within_unit_rank,candidate_1,10,30,4,1.0,1.0,1.0,1.0,1.0,1.0,1.0
esol,regression,outer,8,raw,candidate_1,10,30,8,2.403747311856787,2.033233457290876,0.5298895881106267,3.2085024973806626,2.3928056870223244,0.4735093663037224,0.10639994268982207
esol,regression,outer,8,row_centred,candidate_1,10,30,8,2.1201995348078206,1.6111576778119567,-0.1749945330852743,2.5947860634761346,1.7931736969199195,-0.16349558708175985,0.06571031563546632
esol,regression,outer,8,fixed_reference_relative,candidate_1,10,30,7,1.3280717402257716,1.1409020710322662,0.9339915715790569,1.6590766168223507,1.256905662936056,0.8809949045063133,0.05674212560948932
esol,regression,outer,8,within_unit_rank,candidate_1,10,30,8,4.05988117780149,3.31456181531971,-0.12762762469153247,5.993610065711903,5.21715169994526,-0.07075443144881939,0.4456182067179554
esol,regression,outer,16,raw,candidate_1,10,30,16,2.1625944965889152,1.6548534170769096,0.8683238843851686,2.7224780074023625,1.8174066666117288,0.823873974581983,0.05119047236004475
esol,regression,outer,16,row_centred,candidate_1,10,30,16,3.018994292185625,2.29341724214654,0.01865685630295238,3.8840268871405996,2.5975904142561905,0.017334906896184873,0.07085595693623489
esol,regression,outer,16,fixed_reference_relative,candidate_1,10,30,15,1.2896517828986636,1.1095061388559415,0.963243427503891,1.6550184958474237,1.2099607048032632,0.919050095348454,0.045879713158238494
esol,regression,outer,16,within_unit_rank,candidate_1,10,30,16,5.550576102982255,3.7698609390511213,-0.09932021939619612,7.9489025114368665,5.131709726406835,-0.07979904334244764,0.19654785473113973
esol,regression,outer,32,raw,candidate_1,10,30,32,1.900133503776175,1.4173474951196998,0.9120918219277017,2.359882035718542,1.520635599940678,0.8790822948694975,0.03619101308072107
esol,regression,outer,32,row_centred,candidate_1,10,30,32,3.9853307902567447,2.5898687609985727,-0.08750143261757806,5.3428923946664275,2.9663133439591047,-0.08123592704788068,0.07160460557349461
esol,regression,outer,32,fixed_reference_relative,candidate_1,10,30,31,1.2424281698187656,1.0846427685966984,0.973340300887429,1.6380412444097503,1.177131100825213,0.9328745906197314,0.041574062258394134
esol,regression,outer,32,within_unit_rank,candidate_1,10,30,32,6.3022074684620435,3.3781346272899975,-0.0279216945444923,9.37221417000293,4.36469164526357,-0.024121584207883618,0.1360988435194476
esol,regression,inner,4,raw,candidate_1,10,90,4,2.029296479861654,1.700386818941043,0.6610793339236618,2.211211721444627,1.799984892659358,0.6284611743143883,0.049340764315952246
esol,regression,inner,4,row_centred,candidate_1,10,90,4,2.1150839638704784,1.9558319661738697,-0.23640859460325878,2.363401737891202,2.0824157116988244,-0.22190355009903645,0.061355825614397216
esol,regression,inner,4,fixed_reference_relative,candidate_1,10,90,3,1.2094491287564852,1.0927425711807595,0.9335231829299965,1.3174744653853123,1.1416967953864843,0.9014928327877224,0.03431125303363321
esol,regression,inner,4,within_unit_rank,candidate_1,10,90,4,1.0,1.0,1.0,1.0,1.0,1.0,1.0
esol,regression,inner,8,raw,candidate_1,10,90,8,2.40469047386566,1.9410964880601427,0.5984961198943132,2.6633273578167946,2.042775163208041,0.5784949794111514,0.03341899774837968
esol,regression,inner,8,row_centred,candidate_1,10,90,8,2.2133293266723166,1.6452398922961944,-0.36408056345395556,2.4337501325936985,1.7265398249969985,-0.3531244611761946,0.030092521758982284
esol,regression,inner,8,fixed_reference_relative,candidate_1,10,90,7,1.349987821547697,1.1491477211031182,0.9335231829299965,1.5029334082452703,1.199846808085567,0.9096206328715976,0.02560466681007009
esol,regression,inner,8,within_unit_rank,candidate_1,10,90,8,4.783753634963536,4.0394750248331075,-0.2185071665999547,5.895866539108162,5.133955482977989,-0.15387878036482983,0.2957723869691065
esol,regression,inner,16,raw,candidate_1,10,90,16,2.342985166498593,1.6849916494647503,0.8172571261645983,2.603525021139767,1.757633504056671,0.798157698821437,0.023370156994280692
esol,regression,inner,16,row_centred,candidate_1,10,90,16,3.6958080893362544,2.673705530211281,-0.040421153937918994,4.294688938992752,2.896174858284519,-0.03851212184486524,0.047228540184323445
esol,regression,inner,16,fixed_reference_relative,candidate_1,10,90,15,1.3941323272556196,1.1497057796859926,0.9468356182477488,1.5862505530812852,1.2008100822016616,0.9247579589377825,0.023317309662288066
esol,regression,inner,16,within_unit_rank,candidate_1,10,90,16,6.103549743604543,3.8757573063562267,-0.09964731144278917,7.133848357802719,4.424751798634339,-0.09093047768007483,0.08747685849727094
esol,regression,inner,32,raw,candidate_1,10,90,32,2.1788744956204087,1.5321328259457718,0.8590021240982717,2.451508601874982,1.592254546409841,0.8417968211209457,0.020029406790334978
esol,regression,inner,32,row_centred,candidate_1,10,90,32,4.311690586300764,2.548112178514073,-0.15568993868197725,5.256677069664742,2.799917834956907,-0.1478879006132794,0.050112667104551235
esol,regression,inner,32,fixed_reference_relative,candidate_1,10,90,31,1.4027832921710857,1.1512402669036106,0.9483038333992326,1.6306255523268114,1.2025282385626996,0.9270633525819925,0.0223983918119397
esol,regression,inner,32,within_unit_rank,candidate_1,10,90,32,6.880647344367735,3.436528557802826,-0.06878029380750578,7.835149656922271,3.7309418232751126,-0.06565727881845625,0.045405665142836366
freesolv,regression,outer,4,raw,candidate_1,10,30,4,2.247674289987485,2.0945070546536577,0.412721276000672,2.730130963185996,2.394883466921139,0.35424619147371395,0.14168177878686056
freesolv,regression,outer,4,row_centred,candidate_1,10,30,4,1.635229749274215,1.4145657020572482,-0.627534877078736,1.9273810107542273,1.551382361976629,-0.5831546446735225,0.07072153919445873
freesolv,regression,outer,4,fixed_reference_relative,candidate_1,10,30,3,1.1386207206686436,1.0565720205299356,0.964953719411408,1.3316186893963902,1.1444786703818948,0.9059431296286931,0.0611538031261327
freesolv,regression,outer,4,within_unit_rank,candidate_1,10,30,4,1.3844813209313727,1.2197750166705463,-0.9148593319794938,1.489996692699864,1.2667738220036944,-0.8857982613524354,0.031765616429990644
freesolv,regression,outer,8,raw,candidate_1,10,30,8,2.0555036273241774,1.699543267118259,0.7424332624571255,2.4745276954122057,1.8574690149117008,0.7012137214416487,0.055519523571800115
freesolv,regression,outer,8,row_centred,candidate_1,10,30,8,1.6111605178372888,1.2716544397086742,-0.5892739455686606,1.9242584856923401,1.3814922173542175,-0.5607295863611863,0.04843987999491214
freesolv,regression,outer,8,fixed_reference_relative,candidate_1,10,30,7,1.158304980647858,1.059778840549909,0.9868115636087853,1.4200090450064493,1.1471535697506117,0.9414848348263236,0.04593250672570262
freesolv,regression,outer,8,within_unit_rank,candidate_1,10,30,8,2.7412753094034854,1.8867539761205598,-0.36875097507430965,3.231281452524901,2.108802003306327,-0.34240396421581565,0.07144933204091143
freesolv,regression,outer,16,raw,candidate_1,10,30,16,1.8652398574632667,1.405673263167492,0.9210998470777578,2.258463248163736,1.51485649479827,0.8839598190383404,0.0403213920371895
freesolv,regression,outer,16,row_centred,candidate_1,10,30,16,3.6820747537231657,2.357770958933363,0.21524789395649563,4.774506375020701,2.749753274793079,0.19643196819881276,0.0874151445193042
freesolv,regression,outer,16,fixed_reference_relative,candidate_1,10,30,15,1.16821911233341,1.0531689264215023,0.9820970221405697,1.4750696344207002,1.13876288756934,0.9415643054791147,0.041271601224398415
freesolv,regression,outer,16,within_unit_rank,candidate_1,10,30,16,6.018392509351541,3.8784453880725125,-0.04638925964259783,8.133883762021178,5.032846057313995,-0.03873533059743474,0.16499355894299977
freesolv,regression,outer,32,raw,candidate_1,10,30,32,1.6834419324389456,1.2612759500697548,0.9422822315189876,2.0950569075699095,1.3533464122630419,0.9083018165018879,0.03606182296605771
freesolv,regression,outer,32,row_centred,candidate_1,10,30,32,6.382582006212682,4.134749000641803,0.001535410824677752,10.565453835563913,5.677358787290913,0.0012735302217392048,0.17056060744753415
freesolv,regression,outer,32,fixed_reference_relative,candidate_1,10,30,31,1.1629998900240455,1.0481244965712992,0.9809179434675497,1.518117816933187,1.1329560725184047,0.9421427018081923,0.03952954670427021
freesolv,regression,outer,32,within_unit_rank,candidate_1,10,30,32,9.936507542726952,6.162695151972469,-0.052040871221295075,16.433114950987783,9.46165087943928,-0.039226890914927384,0.24622916576239398
freesolv,regression,inner,4,raw,candidate_1,10,90,4,1.6502680717194285,1.4121164663651902,0.7977579244118435,1.7894712420445213,1.4737599129390921,0.7715391414451396,0.032865587623005274
freesolv,regression,inner,4,row_centred,candidate_1,10,90,4,1.3970900063586456,1.1978036968445807,-0.8256839876490378,1.5513128260077023,1.2631823867278955,-0.7945977052803235,0.03764912827875765
freesolv,regression,inner,4,fixed_reference_relative,candidate_1,10,90,3,1.1890552530036524,1.0778770005588847,0.9631610646519884,1.3116092225524862,1.1349896561722208,0.9245653294392181,0.04007194292754712
freesolv,regression,inner,4,within_unit_rank,candidate_1,10,90,4,2.3252744918641266,2.0573402095106728,-0.33113851318598353,2.7779320118060675,2.3528369582323756,-0.2851259556421245,0.13895260053310707
freesolv,regression,inner,8,raw,candidate_1,10,90,8,1.6707090962938485,1.3691486189369357,0.9086880318964294,1.8537389657880639,1.429766591019311,0.8851426840161629,0.025911365676432905
freesolv,regression,inner,8,row_centred,candidate_1,10,90,8,2.1493088155521187,1.572883010127198,-0.33227712120922664,2.39712304551329,1.665818531509472,-0.32053241325797727,0.03534612286427611
freesolv,regression,inner,8,fixed_reference_relative,candidate_1,10,90,7,1.2703777188374825,1.101738523686918,0.9631610646519884,1.4422666202083494,1.1603794648781192,0.9338313966177011,0.030451467683532785
freesolv,regression,inner,8,within_unit_rank,candidate_1,10,90,8,3.4169663106344323,2.2852378971315384,-0.4314729185533591,3.629415871659319,2.3918279329862577,-0.41779753309408857,0.03169465537981245
freesolv,regression,inner,16,raw,candidate_1,10,90,16,1.6374593802701478,1.2673813391104243,0.9381707435536499,1.8384072068937123,1.321019737745627,0.9172523979449501,0.022296949411857045
freesolv,regression,inner,16,row_centred,candidate_1,10,90,16,5.42337213245696,3.6257019288604164,0.022403502099529998,6.4656412169077395,4.081848763728179,0.020721808971999565,0.0750638502881984
freesolv,regression,inner,16,fixed_reference_relative,candidate_1,10,90,15,1.3731843895311955,1.1221719262320449,0.9400130647303977,1.5978532300633548,1.1848306799768415,0.9127520108466262,0.029000718082136986
freesolv,regression,inner,16,within_unit_rank,candidate_1,10,90,16,7.809558667453728,5.427495496593894,-0.11111809726381233,8.99799840248727,6.173700626629864,-0.10044256745196062,0.096073727635078
freesolv,regression,inner,32,raw,candidate_1,10,90,32,1.5846447124772647,1.2068985977073825,0.939130891297107,1.8021805965593862,1.2551162397340336,0.9201936982990048,0.020164593853309456
freesolv,regression,inner,32,row_centred,candidate_1,10,90,32,8.360780894465968,5.417496074456118,-0.0811336471211215,11.223650881096173,6.558923815834773,-0.07213629025641667,0.1108955061674107
freesolv,regression,inner,32,fixed_reference_relative,candidate_1,10,90,31,1.4259035525172425,1.1324933154157388,0.9412619854766424,1.6998254509193491,1.1958086130370358,0.9150328619056342,0.027865911909452045
freesolv,regression,inner,32,within_unit_rank,candidate_1,10,90,32,10.679477002547703,6.43057352529248,-0.11293607173929861,13.154073090049915,7.561104271655719,-0.10182284182729487,0.09840283747125117
lipo,regression,outer,4,raw,candidate_1,10,30,4,1.021445345480259,1.0060709157510448,0.9972269875524143,1.2045890057726303,1.0714840202357825,0.9556932430865209,0.04164923832219367
lipo,regression,outer,4,row_centred,candidate_1,10,30,4,1.552913600370654,1.350354946791653,-0.6594674370711766,1.9116752863171205,1.518470772249104,-0.6018384840617186,0.08738710930959599
lipo,regression,outer,4,fixed_reference_relative,candidate_1,10,30,3,1.2975138893367735,1.1268726405330285,0.9203627610739724,1.5558553755522209,1.2729555734271372,0.831491728501466,0.0965608739632213
lipo,regression,outer,4,within_unit_rank,candidate_1,10,30,4,1.0,1.0,1.0,1.0,1.0,1.0,1.0
lipo,regression,outer,8,raw,candidate_1,10,30,8,1.514189628327588,1.2862043446205687,0.7946003715657945,1.8235463787117714,1.3878799822019268,0.7591264061887937,0.04464378151132508
lipo,regression,outer,8,row_centred,candidate_1,10,30,8,1.3586404280772433,1.1374826009447285,-0.8798618049186953,1.7244411643251671,1.2640399941306184,-0.8269218346383749,0.06016850599079301
lipo,regression,outer,8,fixed_reference_relative,candidate_1,10,30,7,1.9036079120895104,1.4987478697903587,0.717148309264364,2.440809619494022,1.7269957744195175,0.6540725387047869,0.08795359306400513
lipo,regression,outer,8,within_unit_rank,candidate_1,10,30,8,2.803816571513604,1.9973962142153832,-0.2738459382292723,3.32611027621575,2.247507340863278,-0.25272374765633077,0.07713165551959804
lipo,regression,outer,16,raw,candidate_1,10,30,16,1.537676345640876,1.2445207969309011,0.9502334664717754,1.88818517568655,1.3401088081808281,0.9127463070976164,0.03945047264368525
lipo,regression,outer,16,row_centred,candidate_1,10,30,16,3.599814578454041,2.311241781912639,-0.050288143996431944,4.757216457200051,2.7254546019770447,-0.045603337014982426,0.0931592739191553
lipo,regression,outer,16,fixed_reference_relative,candidate_1,10,30,15,1.9352845985883813,1.396676140709509,0.8892141398704836,2.575363385685169,1.5894011355967967,0.827635336529831,0.06925081437596357
lipo,regression,outer,16,within_unit_rank,candidate_1,10,30,16,5.708853022151005,3.519619058423302,-0.15879484811603814,7.790933369788379,4.57038594161497,-0.133355110357291,0.16020505740940205
lipo,regression,outer,32,raw,candidate_1,10,30,32,1.4955502134796634,1.179765869730956,0.9544875372131645,1.8683076328378643,1.26510512540621,0.9204554378185911,0.035654838924285254
lipo,regression,outer,32,row_centred,candidate_1,10,30,32,7.712530365632039,4.721881568278939,-0.025819845817303157,12.225180986635362,6.504823025367588,-0.021267442002590488,0.17631413630138268
lipo,regression,outer,32,fixed_reference_relative,candidate_1,10,30,31,1.9325311322746663,1.3248012984081496,0.8990909939001498,2.672019031736735,1.4957058598145485,0.8437265569951378,0.06157823544071794
lipo,regression,outer,32,within_unit_rank,candidate_1,10,30,32,10.197548142534103,5.96511744370324,-0.0025404090379723423,16.5214617461749,9.064312171988202,-0.0019342998335461284,0.23858724928406477
lipo,regression,inner,4,raw,candidate_1,10,90,4,1.0701633540475561,1.0248626278828117,0.9883911305110542,1.175689663146341,1.0615743698976028,0.9651399563842538,0.023524264240188258
lipo,regression,inner,4,row_centred,candidate_1,10,90,4,1.751213921466475,1.5486395299857718,-0.34126984465248544,1.9970339573466493,1.6609477488290496,-0.32189295549521624,0.0567787909213039
lipo,regression,inner,4,fixed_reference_relative,candidate_1,10,90,3,1.1831877784864493,1.0694975639695767,0.9480031708275966,1.3214697191506186,1.1366879718741967,0.9034137043505661,0.04703514486993128
lipo,regression,inner,4,within_unit_rank,candidate_1,10,90,4,1.0,1.0,1.0,1.0,1.0,1.0,1.0
lipo,regression,inner,8,raw,candidate_1,10,90,8,1.5526996699879003,1.3146459716649426,0.8091474617806359,1.6935999756129623,1.357974545683106,0.7935500646953799,0.019276334440859622
lipo,regression,inner,8,row_centred,candidate_1,10,90,8,1.3733765350868357,1.1392574209718207,-0.8787607595719967,1.4962995894408904,1.1788235839906047,-0.8613928436272575,0.019764100473942645
lipo,regression,inner,8,fixed_reference_relative,candidate_1,10,90,7,1.7508434493749514,1.428163960904955,0.7516203127060429,1.974412264712485,1.5117454769127394,0.7250470040199121,0.03535469736103738
lipo,regression,inner,8,within_unit_rank,candidate_1,10,90,8,3.2225067156051277,2.2543264609458666,-0.37147738799129043,4.726370538817979,3.2010623640616105,-0.2849021980020277,0.23305641955060993
lipo,regression,inner,16,raw,candidate_1,10,90,16,1.5616003359146151,1.2525595938451068,0.9491258475126416,1.701732811939413,1.2891744688105247,0.9343882080417301,0.01552759258378012
lipo,regression,inner,16,row_centred,candidate_1,10,90,16,3.6203546076576427,2.2073706837911793,0.08957293319482847,4.013947674212678,2.3370815868616015,0.08664144755251366,0.03272736012717762
lipo,regression,inner,16,fixed_reference_relative,candidate_1,10,90,15,1.805758966344784,1.344736214480101,0.9129769820138653,2.0421653585232638,1.412308213707223,0.8886616377824348,0.02663303096403955
lipo,regression,inner,16,within_unit_rank,candidate_1,10,90,16,6.716965823284869,4.076916580873245,-0.15030134487034016,8.239868437146395,4.938992065496181,-0.1315263220072493,0.12491586738154015
lipo,regression,inner,32,raw,candidate_1,10,90,32,1.5232530867713088,1.1878192857147691,0.9536260543159472,1.671804555927611,1.2211874681600496,0.9399977991963364,0.014290984456571782
lipo,regression,inner,32,row_centred,candidate_1,10,90,32,7.954307193699915,4.358378020224601,-0.0023526112919852295,9.443229394152768,4.882380119287252,-0.0022016123536944387,0.06418354736509409
lipo,regression,inner,32,fixed_reference_relative,candidate_1,10,90,31,1.815115947974449,1.282641292685019,0.9204338448969428,2.0775404254826286,1.3429625553815543,0.898611590222614,0.023708661730894497
lipo,regression,inner,32,within_unit_rank,candidate_1,10,90,32,14.024435322982574,8.24751793743758,-0.04040276727440523,17.77819169683667,10.526165054463652,-0.03400462300815723,0.15835906047705722
tdc_caco2_wang,regression,outer,4,raw,candidate_1,10,30,4,2.1932007922581813,1.7695486901244424,0.6165441446348532,2.598216496483185,2.0542935939245903,0.5344492364724904,0.1331533335881136
tdc_caco2_wang,regression,outer,4,row_centred,candidate_1,10,30,4,2.021530677238755,1.7076405783848525,-0.2418045343719413,2.414067905400823,1.9389500495857583,-0.21517027044546772,0.11014790932540951
tdc_caco2_wang,regression,outer,4,fixed_reference_relative,candidate_1,10,30,3,1.1806704162318833,1.0742223365587575,0.928498948882592,1.3504838244817485,1.1549394798310788,0.8764983997499467,0.05600496284376622
tdc_caco2_wang,regression,outer,4,within_unit_rank,candidate_1,10,30,4,1.0,1.0,-1.0,1.0,1.0,-1.0,1.1089029021226319e-16
tdc_caco2_wang,regression,outer,8,raw,candidate_1,10,30,8,2.8365720768996896,2.3278324906512204,0.5343459167272664,3.7558894699782432,2.7946136216635726,0.4671855845014321,0.12568699436719621
tdc_caco2_wang,regression,outer,8,row_centred,candidate_1,10,30,8,2.2841171388038672,1.7095281106442468,-0.0444665733330742,2.7840212670621898,1.9148106494690766,-0.04132418572675185,0.0706685352789506
tdc_caco2_wang,regression,outer,8,fixed_reference_relative,candidate_1,10,30,7,1.2763580919388715,1.1162695903024156,0.9563541650254131,1.4838780733031014,1.1855825287731194,0.9224952269249271,0.03540418323957083
tdc_caco2_wang,regression,outer,8,within_unit_rank,candidate_1,10,30,8,4.927420327109699,4.285716597413864,-0.11370859405288027,6.629965928018074,6.292658973054258,-0.04790432719406827,0.5787097044591875
tdc_caco2_wang,regression,outer,16,raw,candidate_1,10,30,16,2.9708300330105604,1.9866996612651366,0.7319553005566372,3.978990677622896,2.3238699834009844,0.6685842648402485,0.08657774001799862
tdc_caco2_wang,regression,outer,16,row_centred,candidate_1,10,30,16,4.027463998724763,2.4653077355305086,0.18182044069106718,5.34394920607297,2.9738443883126906,0.16240638279554404,0.10677599186171687
tdc_caco2_wang,regression,outer,16,fixed_reference_relative,candidate_1,10,30,15,1.2724891546593649,1.0975900576199797,0.968720886301132,1.5144883826426447,1.1638398745942828,0.9385012900254714,0.03119535947144553
tdc_caco2_wang,regression,outer,16,within_unit_rank,candidate_1,10,30,16,8.27213023786586,6.373016489198299,-0.010818610819625584,12.954055112813249,11.16075118252543,-0.005453696325368717,0.49589680077266185
tdc_caco2_wang,regression,outer,32,raw,candidate_1,10,30,32,2.68193705044322,1.6565879502063363,0.8323157781439563,3.6592129271196767,1.8821653128653357,0.7779401014521956,0.06533058500106441
tdc_caco2_wang,regression,outer,32,row_centred,candidate_1,10,30,32,7.795744825441367,4.96242404715044,0.011717022408638506,12.98512530163852,7.148290857484255,0.009359601191957136,0.2011962710716842
tdc_caco2_wang,regression,outer,32,fixed_reference_relative,candidate_1,10,30,31,1.2322044227388376,1.0733574285408318,0.9786377749430233,1.4992795093468085,1.1358697685721417,0.9503330324660265,0.02892259342701595
tdc_caco2_wang,regression,outer,32,within_unit_rank,candidate_1,10,30,32,10.11262972486249,6.055214808684844,-0.05214277357944619,17.69510496157942,10.2189438598108,-0.036635305932993176,0.29740396572547867
tdc_caco2_wang,regression,inner,4,raw,candidate_1,10,90,4,1.8301209574016808,1.4801438815702483,0.7661250975154951,1.9939822346253695,1.5701658038571207,0.7304312535944126,0.04659009871473424
tdc_caco2_wang,regression,inner,4,row_centred,candidate_1,10,90,4,2.6543264610532757,2.3966226125254773,-0.20979391816522286,3.061593150962937,2.6777477524202062,-0.18023833564076622,0.14087911977114692
tdc_caco2_wang,regression,inner,4,fixed_reference_relative,candidate_1,10,90,3,1.2554218901868892,1.1076019854192163,0.9408732304666602,1.4756836071227166,1.2248404694080515,0.8665540647804837,0.07898956339667042
tdc_caco2_wang,regression,inner,4,within_unit_rank,candidate_1,10,90,4,1.0,1.0,-1.0,1.687621226113517,1.5152194986185406,-0.5656330749354024,0.4343669250645976
tdc_caco2_wang,regression,inner,8,raw,candidate_1,10,90,8,2.5119749742272464,2.0433358698434585,0.6445071433831542,2.8336303256096564,2.1786251207992917,0.6170460669622508,0.0426078697541727
tdc_caco2_wang,regression,inner,8,row_centred,candidate_1,10,90,8,2.08805850804148,1.5625512115632223,-0.011889066691504826,2.3335051579106088,1.6561496421843283,-0.011463960397531524,0.0357560694210791
tdc_caco2_wang,regression,inner,8,fixed_reference_relative,candidate_1,10,90,7,1.4233357088372698,1.1909100296786919,0.9198270185007636,1.7243569846454774,1.2983864757069765,0.8727472390186796,0.05118329700601752
tdc_caco2_wang,regression,inner,8,within_unit_rank,candidate_1,10,90,8,5.178864156100783,4.473958885651535,-0.1836852683901209,6.266474712061429,5.668219381427955,-0.11849311971958369,0.3549122324392316
tdc_caco2_wang,regression,inner,16,raw,candidate_1,10,90,16,2.6587852257125166,1.8077906324763637,0.7739487934373024,3.025619617975467,1.9198903436237977,0.748042193595038,0.03347327376428438
tdc_caco2_wang,regression,inner,16,row_centred,candidate_1,10,90,16,4.231102047186966,2.539828846133335,0.04567436550112969,4.833962193174001,2.7656416821987344,0.043401320768599747,0.049766312188260796
tdc_caco2_wang,regression,inner,16,fixed_reference_relative,candidate_1,10,90,15,1.4100593396454157,1.1492063794435852,0.9464556558125558,1.7122198331924512,1.2340106607599137,0.9105550648257628,0.03793161440402778
tdc_caco2_wang,regression,inner,16,within_unit_rank,candidate_1,10,90,16,9.06710398911143,6.569190538194048,-0.08103864765226651,11.024810975683176,8.339850921273984,-0.06392582016427058,0.2111687199103603
tdc_caco2_wang,regression,inner,32,raw,candidate_1,10,90,32,2.4970615449948723,1.563192291291153,0.8473752029232318,2.8765979893998335,1.6492173256666756,0.8238125546567547,0.027806629442532985
tdc_caco2_wang,regression,inner,32,row_centred,candidate_1,10,90,32,8.546309679060487,5.096310402522849,-0.05213202608240625,10.93080780812145,6.048516083262261,-0.04699842412150826,0.0984730950756299
tdc_caco2_wang,regression,inner,32,fixed_reference_relative,candidate_1,10,90,31,1.355635335118743,1.1112653933089651,0.962822889193824,1.6577373487504803,1.1822519864002086,0.9323606386799058,0.03163847770530675
tdc_caco2_wang,regression,inner,32,within_unit_rank,candidate_1,10,90,32,11.063831514324594,5.8106161342480185,-0.11346766738266417,13.345168737920813,6.864854615618138,-0.10218419664423718,0.09944216708336867
tdc_hia_hou,classification,outer,4,raw,candidate_1,10,30,4,1.2876107830363297,1.1248495839465953,0.9265038090057315,1.5590974491573695,1.246814587587522,0.8611542366648309,0.07053351719193661
tdc_hia_hou,classification,outer,4,row_centred,candidate_1,10,30,4,1.9464402332923514,1.7483426626245515,-0.273430240071568,2.708123598736751,2.2335124020164687,-0.21427415147863654,0.21634801102265752
tdc_hia_hou,classification,outer,4,fixed_reference_relative,candidate_1,10,30,3,1.9674153113085253,1.8043908912682227,-0.13997572571170214,2.51459100509837,2.260256300149798,-0.09837510901568064,0.29719879275141836
tdc_hia_hou,classification,outer,4,within_unit_rank,candidate_1,10,30,4,2.7876372451180016,2.650839207342454,-0.3364200272803307,3.714093936618282,3.5149141980050915,-0.17518366026191748,0.4792710122577181
tdc_hia_hou,classification,outer,8,raw,candidate_1,10,30,8,1.3791277524249086,1.1368523001749302,0.9421218784754037,1.7432940880273828,1.26649923685655,0.8841285801596994,0.06155604666516485
tdc_hia_hou,classification,outer,8,row_centred,candidate_1,10,30,8,4.498643564242519,3.8884422855125464,-0.13177190345516887,6.389891006592467,5.467995740017709,-0.08720182714801805,0.3382365674205681
tdc_hia_hou,classification,outer,8,fixed_reference_relative,candidate_1,10,30,7,3.627297884520573,2.809441572876907,0.40011562836269104,4.7960112460217035,3.6879466968469683,0.31046733113946184,0.2240559749942238
tdc_hia_hou,classification,outer,8,within_unit_rank,candidate_1,10,30,8,4.912632019517265,4.110450792175352,-0.11055471402242853,6.2931755297667715,5.3058601580826625,-0.0809849884517482,0.2674668903280005
tdc_hia_hou,classification,outer,16,raw,candidate_1,10,30,16,1.6757815678935373,1.2287015781894184,0.9051192415068209,2.2613796709177008,1.3990138449541019,0.8433342874267603,0.06826167343122953
tdc_hia_hou,classification,outer,16,row_centred,candidate_1,10,30,16,7.993816716320204,6.186888195618713,-0.11001503326713523,13.587322279660903,11.52600407450042,-0.05442434395176167,0.5053008453889201
tdc_hia_hou,classification,outer,16,fixed_reference_relative,candidate_1,10,30,15,5.4638523021752805,3.4848622694216087,0.40641575863871554,8.110113615395935,4.979907764380923,0.3171421675416189,0.21966075182743242
tdc_hia_hou,classification,outer,16,within_unit_rank,candidate_1,10,30,16,9.83739356249504,7.946292064998604,-0.06512922838131369,14.816901529192634,13.67964249302046,-0.02664405580608696,0.5909047831782475
tdc_hia_hou,classification,outer,32,raw,candidate_1,10,30,32,1.7066800302424907,1.220395459767211,0.904248664828444,2.5742768285239226,1.4222747591108362,0.8348673664936763,0.07672811808677767
tdc_hia_hou,classification,outer,32,row_centred,candidate_1,10,30,32,10.437629205543287,7.120979046877932,-0.07862887819899256,22.64988587792225,15.680943810160848,-0.042913774049446796,0.4542237529977046
tdc_hia_hou,classification,outer,32,fixed_reference_relative,candidate_1,10,30,31,5.683834589605438,3.0670109335834637,0.5291453449069844,10.25228564856925,4.56770624992365,0.4217861151348695,0.20289175895705389
tdc_hia_hou,classification,outer,32,within_unit_rank,candidate_1,10,30,32,13.251365752666043,9.161716919184782,-0.04279798133890245,24.332824575030735,18.073891425574732,-0.023794087121891527,0.44403716302705026
tdc_hia_hou,classification,inner,4,raw,candidate_1,10,90,4,1.3592600245852917,1.1640163954103302,0.8868857024382304,1.46957428430349,1.2104945614823683,0.8625365938546798,0.027454618466178953
tdc_hia_hou,classification,inner,4,row_centred,candidate_1,10,90,4,1.969705433379596,1.7737275556589374,-0.36081651572659723,2.1865856314927696,1.8786550185099187,-0.342233754242636,0.0515019703201228
tdc_hia_hou,classification,inner,4,fixed_reference_relative,candidate_1,10,90,3,1.9519710886989137,1.7848989908249544,0.21157276674519326,2.120482844115439,1.8910629733638447,0.196363535626408,0.07188652562785805
tdc_hia_hou,classification,inner,4,within_unit_rank,candidate_1,10,90,4,2.7085239831458074,2.4754264056931743,-0.4588638139946254,3.0391346519161244,2.689584053020548,-0.4081282412685479,0.11056782247525705
tdc_hia_hou,classification,inner,8,raw,candidate_1,10,90,8,1.873018991301558,1.3942696074282288,0.7921703110479759,2.069846406042782,1.4662935163691668,0.7682470003555979,0.030199706248431813
tdc_hia_hou,classification,inner,8,row_centred,candidate_1,10,90,8,3.1796180369563314,2.2207074492104186,-0.5109235461245883,3.6369181213228483,2.443007128291885,-0.47766322402381944,0.06509843273627187
tdc_hia_hou,classification,inner,8,fixed_reference_relative,candidate_1,10,90,7,3.469185536047151,2.8050152006217166,0.11027550292624305,4.020360040222475,3.1419451921205725,0.09992320488211322,0.09387667949294147
tdc_hia_hou,classification,inner,8,within_unit_rank,candidate_1,10,90,8,4.5563944946149135,3.386987936626882,-0.28113752100028155,4.8921872645136695,3.6042915499045587,-0.26603441615791323,0.05372141288232157
tdc_hia_hou,classification,inner,16,raw,candidate_1,10,90,16,2.5726227262977193,1.6235031860676539,0.7639419678282977,2.890505116360185,1.7182363178311137,0.7401331895507912,0.03116568964680462
tdc_hia_hou,classification,inner,16,row_centred,candidate_1,10,90,16,6.943608398101856,4.644567129052847,-0.12629246843191316,8.56278462472609,5.573233377996229,-0.11047638085482318,0.1252338146008824
tdc_hia_hou,classification,inner,16,fixed_reference_relative,candidate_1,10,90,15,5.570791782000114,3.621106383074017,0.21182797218264518,6.661732408013992,4.161705183905546,0.1928407254337386,0.08963521933984668
tdc_hia_hou,classification,inner,16,within_unit_rank,candidate_1,10,90,16,9.466063324980357,6.943727086535561,-0.12057169864049191,11.06520242216117,8.238979071547508,-0.1024683345643932,0.15014604820387745
tdc_hia_hou,classification,inner,32,raw,candidate_1,10,90,32,3.0281466099134584,1.7268197557437428,0.763096251396038,3.377934567930791,1.8079859784611316,0.7447702397086025,0.024015334440326563
tdc_hia_hou,classification,inner,32,row_centred,candidate_1,10,90,32,9.808045217595556,5.145322354612497,-0.07515190714617258,12.608704085026952,6.296037697603462,-0.06646648414399485,0.11557155808813145
tdc_hia_hou,classification,inner,32,fixed_reference_relative,candidate_1,10,90,31,7.558067054700859,4.3489216617182995,0.3572674258922996,9.521980032375305,5.077285794768779,0.3261003396980604,0.08723741358842728
tdc_hia_hou,classification,inner,32,within_unit_rank,candidate_1,10,90,32,14.006882075471406,7.954820782717919,-0.06772553433093319,16.93973462044739,9.652979600345704,-0.05926970277356594,0.12485440891538456
tdc_pgp_broccatelli,classification,outer,4,raw,candidate_1,10,30,4,1.5888385423066202,1.2907011069876122,0.8464029500386608,2.053071446846636,1.5500714548309982,0.7344502778920874,0.1322687641169729
tdc_pgp_broccatelli,classification,outer,4,row_centred,candidate_1,10,30,4,2.302399490870425,2.1174652537513703,-0.2841654452847858,2.848904940966125,2.474635913780074,-0.2366132249966303,0.16733991087656547
tdc_pgp_broccatelli,classification,outer,4,fixed_reference_relative,candidate_1,10,30,3,1.5576765840693054,1.3304562621397036,0.6852420732596279,1.810933967629204,1.4862556832105254,0.6173407135512887,0.09909105461860963
tdc_pgp_broccatelli,classification,outer,4,within_unit_rank,candidate_1,10,30,4,2.6785320992677852,2.4774845247713273,-0.3827309834273262,3.4498698850419016,3.131569040532043,-0.2571016667377701,0.32824443833774647
tdc_pgp_broccatelli,classification,outer,8,raw,candidate_1,10,30,8,2.213525051618611,1.6233554249188435,0.711059181872354,3.064477524965136,2.004178918991089,0.6205439407406307,0.12729635372034626
tdc_pgp_broccatelli,classification,outer,8,row_centred,candidate_1,10,30,8,2.936953297507924,2.0617311546498103,-0.4115271101233783,4.050577118623219,2.6671931478012527,-0.3428745362389727,0.16682393989504865
tdc_pgp_broccatelli,classification,outer,8,fixed_reference_relative,candidate_1,10,30,7,2.6155928742894043,2.0950686104715657,0.4271335170026284,3.926085881295311,2.8611746802945404,0.33574740939294667,0.2139520875134682
tdc_pgp_broccatelli,classification,outer,8,within_unit_rank,candidate_1,10,30,8,5.13246590686494,4.1614965828672155,-0.1652133632145149,7.489986521679064,6.9851984170660995,-0.06556773357995066,0.6031329893404762
tdc_pgp_broccatelli,classification,outer,16,raw,candidate_1,10,30,16,2.658988461823727,1.6771179548100472,0.7612410975247459,3.772516589049094,2.036836207451311,0.6820287564315513,0.10405683738143133
tdc_pgp_broccatelli,classification,outer,16,row_centred,candidate_1,10,30,16,7.138553231133192,4.889428360771289,-0.0961765869708858,10.733024732510275,7.505475301262515,-0.0678751253222139,0.294265606006992
tdc_pgp_broccatelli,classification,outer,16,fixed_reference_relative,candidate_1,10,30,15,3.369794473606801,2.1205049945483654,0.7403442569372791,5.539439631200159,2.9938354842248476,0.6015782463854213,0.1874344391160906
tdc_pgp_broccatelli,classification,outer,16,within_unit_rank,candidate_1,10,30,16,9.321477310984369,7.0682225994070835,-0.07055218925593079,14.348334074181572,12.736327658607731,-0.0317707759625647,0.5496840523642013
tdc_pgp_broccatelli,classification,outer,32,raw,candidate_1,10,30,32,2.6600883212967488,1.5750128109492085,0.8174885242197948,4.028696259579521,1.8943388114812816,0.7414873809562466,0.09296906441112797
tdc_pgp_broccatelli,classification,outer,32,row_centred,candidate_1,10,30,32,11.408616166565789,7.5986501890389695,-0.04930292000307292,21.40733830645863,14.322808926971373,-0.030565145738936914,0.3800540467576392
tdc_pgp_broccatelli,classification,outer,32,fixed_reference_relative,candidate_1,10,30,31,3.612883564807602,1.9845108308045258,0.747247341152415,6.536141350192245,2.748523636428022,0.6265374032851768,0.16153946788365675
tdc_pgp_broccatelli,classification,outer,32,within_unit_rank,candidate_1,10,30,32,13.995850693087883,10.196059196054048,-0.054292515439728586,27.737900986720987,23.47705427770321,-0.02236977932324862,0.5879767378234326
tdc_pgp_broccatelli,classification,inner,4,raw,candidate_1,10,90,4,1.5995675480988372,1.2940093518320577,0.8357779904212225,1.7606772777803912,1.3738121866430648,0.7990900086484866,0.0438968029706616
tdc_pgp_broccatelli,classification,inner,4,row_centred,candidate_1,10,90,4,2.1416157556048647,1.8738309485326943,-0.5114556003728246,2.475925276125125,2.0665925366525193,-0.4644174324600082,0.0919692107751448
tdc_pgp_broccatelli,classification,inner,4,fixed_reference_relative,candidate_1,10,90,3,1.721951540318884,1.4924891972522247,0.5603520882554799,1.9281458055253697,1.6221275353293456,0.5138642315572824,0.08296186928280398
tdc_pgp_broccatelli,classification,inner,4,within_unit_rank,candidate_1,10,90,4,2.5506357818714376,2.2686786525041636,-0.45743367731644535,2.732987462890542,2.3706533670137,-0.434108711147946,0.05099092464143968
tdc_pgp_broccatelli,classification,inner,8,raw,candidate_1,10,90,8,2.0441809618913105,1.4657711623540204,0.7595070143005556,2.3237354149999545,1.5750233946424954,0.726540747613342,0.04340482189960128
tdc_pgp_broccatelli,classification,inner,8,row_centred,candidate_1,10,90,8,3.6973923785976783,2.7407137432487922,-0.2729603041966516,4.19989465239837,3.017481826286311,-0.25320369651298746,0.0723790506528402
tdc_pgp_broccatelli,classification,inner,8,fixed_reference_relative,candidate_1,10,90,7,2.807136739715035,2.1354660890550146,0.4796889380321851,3.1348487323072347,2.3003135168319453,0.45428286210492447,0.05296364771612872
tdc_pgp_broccatelli,classification,inner,8,within_unit_rank,candidate_1,10,90,8,5.7000480065872905,4.8130791598149845,-0.20011052143551744,6.679064960148946,5.772086262885402,-0.15278424308620953,0.2365006997623476
tdc_pgp_broccatelli,classification,inner,16,raw,candidate_1,10,90,16,2.56803957586433,1.581578659371333,0.7677472624005727,2.9461047307224,1.6961213519544587,0.7384196858737789,0.038199519507361036
tdc_pgp_broccatelli,classification,inner,16,row_centred,candidate_1,10,90,16,8.379165213866678,6.003839181857458,-0.1092804739812959,10.032893184661473,7.1730813206080235,-0.09394900041686363,0.14029472060174514
tdc_pgp_broccatelli,classification,inner,16,fixed_reference_relative,candidate_1,10,90,15,3.5792238804269547,2.140913706558171,0.6436464382382318,4.06874960416922,2.315496848079319,0.6146905401367373,0.04498727310719095
tdc_pgp_broccatelli,classification,inner,16,within_unit_rank,candidate_1,10,90,16,11.588207995308975,9.594067853207122,-0.07769551576556522,14.036373330579776,12.430007712913227,-0.050957031421298135,0.34414449895598187
tdc_pgp_broccatelli,classification,inner,32,raw,candidate_1,10,90,32,2.565244089360219,1.492184308098246,0.8223567206851332,2.997215084048767,1.591619217188797,0.7949558026369232,0.033319990411680635
tdc_pgp_broccatelli,classification,inner,32,row_centred,candidate_1,10,90,32,13.752118719613527,8.29142848079562,-0.10281225543859585,17.63818592884018,10.664650741315647,-0.08599702588066921,0.16355277380301642
tdc_pgp_broccatelli,classification,inner,32,fixed_reference_relative,candidate_1,10,90,31,3.834553167525555,1.9694733303917793,0.7205684843574003,4.409318633100303,2.1102837532628573,0.6944229549102099,0.0362845864269335
tdc_pgp_broccatelli,classification,inner,32,within_unit_rank,candidate_1,10,90,32,18.370835346253685,12.353157765242768,-0.06410055944862725,23.583037132424742,17.16561896406981,-0.04725082721588912,0.26286404327316615
