dataset,pool_size,scenario,noise_scale,simulation_replicates,n_audit_units,observed_mean_same_fold_gap,simulated_mean_gap,simulated_gap_interval_low,simulated_gap_interval_high,top1_recovery_mean,top1_recovery_interval_low,top1_recovery_interval_high,observed_within_simulated_95pct_envelope,candidate_variance_cv
bace,4,empirical_correlation_heteroskedastic,0.5,2000,30,0.0013377705313819765,0.0006903506314537061,7.739529863172798e-05,0.0015311179357526824,0.8537000000000001,0.7333333333333333,0.9666666666666667,1,0.12017341201694207
bace,4,empirical_correlation_heteroskedastic,1.0,2000,30,0.0013377705313819765,0.0025183896921172045,0.0009553161701019326,0.004334220791476701,0.6943166666666666,0.5333333333333333,0.8333333333333334,1,0.12017341201694207
bace,4,empirical_correlation_heteroskedastic,2.0,2000,30,0.0013377705313819765,0.005979660116498666,0.003150259117573476,0.009221825647839027,0.5277333333333334,0.36666666666666664,0.7,0,0.12017341201694207
bace,4,independent_homoskedastic,0.5,2000,30,0.0013377705313819765,0.005639473622564609,0.0030371134359533127,0.008850492378778833,0.51775,0.36666666666666664,0.7,0,0.12017341201694207
bace,4,independent_homoskedastic,1.0,2000,30,0.0013377705313819765,0.009396543470963458,0.005622869446393841,0.013735277729045831,0.3952166666666667,0.23333333333333334,0.5666666666666667,0,0.12017341201694207
bace,4,independent_homoskedastic,2.0,2000,30,0.0013377705313819765,0.0123044988530465,0.007820030019386234,0.01731825956709595,0.32245,0.16666666666666666,0.5,0,0.12017341201694207
bace,8,empirical_correlation_heteroskedastic,0.5,2000,30,0.004247527579657432,0.0013855088605913245,0.000456259853888398,0.002869449695863281,0.6925999999999999,0.5333333333333333,0.8333333333333334,0,0.12017341201694207
bace,8,empirical_correlation_heteroskedastic,1.0,2000,30,0.004247527579657432,0.0049731479155004765,0.002151958899539204,0.008456540875933012,0.45465,0.3,0.6333333333333333,1,0.12017341201694207
bace,8,empirical_correlation_heteroskedastic,2.0,2000,30,0.004247527579657432,0.010922516889713298,0.005906206180576069,0.016558232626191542,0.28155,0.13333333333333333,0.43333333333333335,0,0.12017341201694207
bace,8,independent_homoskedastic,0.5,2000,30,0.004247527579657432,0.004996328726841091,0.00297261175661062,0.007541505564272279,0.29745,0.13333333333333333,0.4666666666666667,1,0.12017341201694207
bace,8,independent_homoskedastic,1.0,2000,30,0.004247527579657432,0.008686532020360994,0.005002032794949652,0.012983912913532557,0.22665,0.1,0.4,0,0.12017341201694207
bace,8,independent_homoskedastic,2.0,2000,30,0.004247527579657432,0.013068870605445568,0.007868540305889252,0.019422266454467495,0.17925,0.06666666666666667,0.3333333333333333,0,0.12017341201694207
bace,16,empirical_correlation_heteroskedastic,0.5,2000,30,0.005445436106692888,0.0016487034926906065,0.0007233737956509105,0.002893567621457989,0.5551833333333333,0.4,0.7333333333333333,0,0.12017341201694207
bace,16,empirical_correlation_heteroskedastic,1.0,2000,30,0.005445436106692888,0.00567712718318034,0.0031294591762666413,0.008939860539965956,0.31648333333333334,0.16666666666666666,0.4666666666666667,1,0.12017341201694207
bace,16,empirical_correlation_heteroskedastic,2.0,2000,30,0.005445436106692888,0.013672855005333908,0.008353973882518009,0.019547119999243398,0.15331666666666666,0.03333333333333333,0.3,0,0.12017341201694207
bace,16,independent_homoskedastic,0.5,2000,30,0.005445436106692888,0.005878745521945186,0.003936024592798311,0.007989555216475716,0.16868333333333332,0.03333333333333333,0.3,1,0.12017341201694207
bace,16,independent_homoskedastic,1.0,2000,30,0.005445436106692888,0.00873760331016612,0.005881747603649731,0.012101865712760725,0.11960000000000001,0.0,0.26666666666666666,0,0.12017341201694207
bace,16,independent_homoskedastic,2.0,2000,30,0.005445436106692888,0.012457865913792198,0.008008959277102113,0.01802798631276835,0.09378333333333333,0.0,0.2,0,0.12017341201694207
bace,32,empirical_correlation_heteroskedastic,0.5,2000,30,0.006662717641717068,0.0019608709505732113,0.0009685710286390704,0.0031800265257442106,0.47664999999999996,0.3,0.6333333333333333,0,0.12017341201694207
bace,32,empirical_correlation_heteroskedastic,1.0,2000,30,0.006662717641717068,0.005837371115835251,0.003347729584378081,0.008908654959258208,0.25538333333333335,0.1,0.4,1,0.12017341201694207
bace,32,empirical_correlation_heteroskedastic,2.0,2000,30,0.006662717641717068,0.013372771312749724,0.00848331280442545,0.018919433058233518,0.11801666666666669,0.0,0.23333333333333334,0,0.12017341201694207
bace,32,independent_homoskedastic,0.5,2000,30,0.006662717641717068,0.007609010799612941,0.005538671300158623,0.009910240021574838,0.11043333333333334,0.0,0.23333333333333334,1,0.12017341201694207
bace,32,independent_homoskedastic,1.0,2000,30,0.006662717641717068,0.010745707704354913,0.007796094867836125,0.013978004850565854,0.06955,0.0,0.16666666666666666,0,0.12017341201694207
bace,32,independent_homoskedastic,2.0,2000,30,0.006662717641717068,0.013735835620561564,0.009836166663005427,0.01801441859995464,0.048083333333333325,0.0,0.13333333333333333,0,0.12017341201694207
bbbp,4,empirical_correlation_heteroskedastic,0.5,2000,30,0.0,0.00021402651869530969,0.0,0.0009644352053764645,0.9824,0.9333333333333333,1.0,1,0.0653700749950576
bbbp,4,empirical_correlation_heteroskedastic,1.0,2000,30,0.0,0.001981087078054025,0.00029400283023471493,0.0041713950154059504,0.8759166666666668,0.7333333333333333,0.9666666666666667,0,0.0653700749950576
bbbp,4,empirical_correlation_heteroskedastic,2.0,2000,30,0.0,0.006933664126315821,0.0031072276896588736,0.011673911255698477,0.6815666666666667,0.5,0.8333333333333334,0,0.0653700749950576
bbbp,4,independent_homoskedastic,0.5,2000,30,0.0,0.007627813414713228,0.0037167809976776547,0.011807266036238214,0.6303666666666665,0.4666666666666667,0.8,0,0.0653700749950576
bbbp,4,independent_homoskedastic,1.0,2000,30,0.0,0.013539240213718244,0.008381766480051808,0.01927063216422479,0.4556,0.26666666666666666,0.6333333333333333,0,0.0653700749950576
bbbp,4,independent_homoskedastic,2.0,2000,30,0.0,0.018263281145817403,0.012190910561134211,0.024774746057486006,0.35063333333333335,0.2,0.5333333333333333,0,0.0653700749950576
bbbp,8,empirical_correlation_heteroskedastic,0.5,2000,30,0.006992487201635563,0.0013470853569725898,0.000450072250353028,0.002539735832904358,0.6508999999999998,0.4666666666666667,0.8,0,0.0653700749950576
bbbp,8,empirical_correlation_heteroskedastic,1.0,2000,30,0.006992487201635563,0.004127467653327706,0.0020060860305333252,0.006838362582441519,0.46265000000000006,0.3,0.6333333333333333,0,0.0653700749950576
bbbp,8,empirical_correlation_heteroskedastic,2.0,2000,30,0.006992487201635563,0.009937401128291716,0.005466960484297959,0.01557580883404797,0.307,0.13333333333333333,0.5,1,0.0653700749950576
bbbp,8,independent_homoskedastic,0.5,2000,30,0.006992487201635563,0.005980244262051535,0.003543798439948897,0.008843429068382288,0.3381666666666666,0.16666666666666666,0.5,1,0.0653700749950576
bbbp,8,independent_homoskedastic,1.0,2000,30,0.006992487201635563,0.010722761418413976,0.006335736739068397,0.01634817796700088,0.2531666666666667,0.1,0.43333333333333335,1,0.0653700749950576
bbbp,8,independent_homoskedastic,2.0,2000,30,0.006992487201635563,0.017119135346942628,0.010147384347900822,0.02478022584784569,0.19388333333333332,0.06666666666666667,0.3333333333333333,0,0.0653700749950576
bbbp,16,empirical_correlation_heteroskedastic,0.5,2000,30,0.006023472683607378,0.0017368354175646172,0.0008416411546150602,0.002848255318968859,0.5414333333333332,0.36666666666666664,0.7,0,0.0653700749950576
bbbp,16,empirical_correlation_heteroskedastic,1.0,2000,30,0.006023472683607378,0.005317255254797058,0.0030136685298259294,0.008038205811232574,0.3233833333333333,0.16666666666666666,0.5,1,0.0653700749950576
bbbp,16,empirical_correlation_heteroskedastic,2.0,2000,30,0.006023472683607378,0.012546367349299281,0.007894202046091274,0.018156951765425585,0.16519999999999999,0.03333333333333333,0.3,0,0.0653700749950576
bbbp,16,independent_homoskedastic,0.5,2000,30,0.006023472683607378,0.007510075973831821,0.004998088054431857,0.010561896518426027,0.20746666666666663,0.06666666666666667,0.36666666666666664,1,0.0653700749950576
bbbp,16,independent_homoskedastic,1.0,2000,30,0.006023472683607378,0.011922286445267303,0.007868272069262942,0.01691479339727396,0.1439,0.03333333333333333,0.26666666666666666,0,0.0653700749950576
bbbp,16,independent_homoskedastic,2.0,2000,30,0.006023472683607378,0.017634329758607254,0.011839624952592664,0.024572602530471825,0.10331666666666667,0.0,0.2,0,0.0653700749950576
bbbp,32,empirical_correlation_heteroskedastic,0.5,2000,30,0.006706939791732895,0.002008936563717998,0.000987857550016624,0.0032226627045280664,0.5145333333333333,0.3333333333333333,0.6666666666666666,0,0.0653700749950576
bbbp,32,empirical_correlation_heteroskedastic,1.0,2000,30,0.006706939791732895,0.006152879396552643,0.003661468991536579,0.0091024553642394,0.28944999999999993,0.13333333333333333,0.43416666666666215,1,0.0653700749950576
bbbp,32,empirical_correlation_heteroskedastic,2.0,2000,30,0.006706939791732895,0.01430004814920124,0.009574691917576787,0.020307334677081183,0.13156666666666667,0.03333333333333333,0.26666666666666666,0,0.0653700749950576
bbbp,32,independent_homoskedastic,0.5,2000,30,0.006706939791732895,0.009988273472105416,0.006951784114717666,0.013087234843838912,0.15328333333333335,0.03333333333333333,0.3,0,0.0653700749950576
bbbp,32,independent_homoskedastic,1.0,2000,30,0.006706939791732895,0.015362733914560178,0.011374955017923074,0.019925913914768584,0.08706666666666667,0.0,0.2,0,0.0653700749950576
bbbp,32,independent_homoskedastic,2.0,2000,30,0.006706939791732895,0.02034552264478232,0.015281303934636663,0.026102646588073358,0.058166666666666665,0.0,0.13333333333333333,0,0.0653700749950576
clintox,4,empirical_correlation_heteroskedastic,0.5,2000,30,0.0033839682005655275,0.0011696932018232028,0.0002760229824947445,0.0024174240340424195,0.8076500000000001,0.7,0.9333333333333333,0,0.11981760448432247
clintox,4,empirical_correlation_heteroskedastic,1.0,2000,30,0.0033839682005655275,0.003902205285904155,0.0013877496578084255,0.007080280177401712,0.6768,0.5333333333333333,0.8333333333333334,1,0.11981760448432247
clintox,4,empirical_correlation_heteroskedastic,2.0,2000,30,0.0033839682005655275,0.00935342395945786,0.004515886877112056,0.014514181913997332,0.5163166666666666,0.3333333333333333,0.7,0,0.11981760448432247
clintox,4,independent_homoskedastic,0.5,2000,30,0.0033839682005655275,0.007452429180066073,0.003650171489919018,0.011608637256692301,0.5333499999999999,0.36666666666666664,0.7,0,0.11981760448432247
clintox,4,independent_homoskedastic,1.0,2000,30,0.0033839682005655275,0.012539329554137644,0.0073418051785574525,0.017931427449102002,0.39921666666666666,0.23333333333333334,0.6,0,0.11981760448432247
clintox,4,independent_homoskedastic,2.0,2000,30,0.0033839682005655275,0.015892252660252907,0.01032399200902622,0.02146452589987361,0.32285,0.16666666666666666,0.5,0,0.11981760448432247
clintox,8,empirical_correlation_heteroskedastic,0.5,2000,30,0.019356803098290222,0.0038000414188015014,0.0015821897998540557,0.0063907409127826244,0.6417666666666666,0.4666666666666667,0.8,0,0.11981760448432247
clintox,8,empirical_correlation_heteroskedastic,1.0,2000,30,0.019356803098290222,0.010084632983415262,0.0056316431798917295,0.015810713490829218,0.4472333333333333,0.26666666666666666,0.6,0,0.11981760448432247
clintox,8,empirical_correlation_heteroskedastic,2.0,2000,30,0.019356803098290222,0.01881130396176669,0.011737430909792112,0.02678991715804465,0.29478333333333334,0.13333333333333333,0.4666666666666667,1,0.11981760448432247
clintox,8,independent_homoskedastic,0.5,2000,30,0.019356803098290222,0.00919425348755923,0.005075303752929573,0.013940420300784252,0.437,0.26666666666666666,0.6,0,0.11981760448432247
clintox,8,independent_homoskedastic,1.0,2000,30,0.019356803098290222,0.01746876503023446,0.010941269420692368,0.025117237865056194,0.28914999999999996,0.13333333333333333,0.4666666666666667,1,0.11981760448432247
clintox,8,independent_homoskedastic,2.0,2000,30,0.019356803098290222,0.024603392261050478,0.016681671990314617,0.03294947562849388,0.20338333333333333,0.06666666666666667,0.36666666666666664,1,0.11981760448432247
clintox,16,empirical_correlation_heteroskedastic,0.5,2000,30,0.028729374120893016,0.004894152268875839,0.0023345423576561423,0.008043619168756965,0.48771666666666663,0.3333333333333333,0.6666666666666666,0,0.11981760448432247
clintox,16,empirical_correlation_heteroskedastic,1.0,2000,30,0.028729374120893016,0.01295974366945779,0.007746145694043587,0.01860340498599908,0.2969,0.13333333333333333,0.4666666666666667,0,0.11981760448432247
clintox,16,empirical_correlation_heteroskedastic,2.0,2000,30,0.028729374120893016,0.02276022291920951,0.015883431646863504,0.029982022015111503,0.17271666666666666,0.06666666666666667,0.3,1,0.11981760448432247
clintox,16,independent_homoskedastic,0.5,2000,30,0.028729374120893016,0.011107681268958341,0.006813399177906211,0.015996589631507647,0.29273333333333335,0.13333333333333333,0.4666666666666667,0,0.11981760448432247
clintox,16,independent_homoskedastic,1.0,2000,30,0.028729374120893016,0.01929409504027427,0.013308139604151009,0.02552607429901308,0.17478333333333335,0.06666666666666667,0.3333333333333333,0,0.11981760448432247
clintox,16,independent_homoskedastic,2.0,2000,30,0.028729374120893016,0.026352228275871005,0.019443594722622026,0.03354659908460119,0.11556666666666666,0.0,0.23333333333333334,1,0.11981760448432247
clintox,32,empirical_correlation_heteroskedastic,0.5,2000,30,0.030009430699144947,0.006054160077143259,0.003329820264072165,0.009205235269477686,0.44856666666666667,0.26666666666666666,0.6333333333333333,0,0.11981760448432247
clintox,32,empirical_correlation_heteroskedastic,1.0,2000,30,0.030009430699144947,0.015161009259158828,0.010158856881566654,0.020545880817436784,0.23148333333333335,0.1,0.36749999999999544,0,0.11981760448432247
clintox,32,empirical_correlation_heteroskedastic,2.0,2000,30,0.030009430699144947,0.02671844783653478,0.019909379048130157,0.03435606085207725,0.10995000000000002,0.0,0.23333333333333334,1,0.11981760448432247
clintox,32,independent_homoskedastic,0.5,2000,30,0.030009430699144947,0.013658219711313454,0.009571198094543973,0.018183138034340306,0.20758333333333334,0.06666666666666667,0.36666666666666664,0,0.11981760448432247
clintox,32,independent_homoskedastic,1.0,2000,30,0.030009430699144947,0.021895313173561706,0.016287143167873032,0.027830026047702305,0.10763333333333334,0.0,0.23333333333333334,0,0.11981760448432247
clintox,32,independent_homoskedastic,2.0,2000,30,0.030009430699144947,0.028744994447858253,0.021679526667313966,0.03601552677619017,0.06511666666666666,0.0,0.16666666666666666,1,0.11981760448432247
esol,4,empirical_correlation_heteroskedastic,0.5,2000,30,0.0,0.00012592038244306868,0.0,0.0,0.9994000000000001,1.0,1.0,1,0.12707892914570737
esol,4,empirical_correlation_heteroskedastic,1.0,2000,30,0.0,0.00812595130457366,0.0,0.03396082675305285,0.9732333333333335,0.9,1.0,1,0.12707892914570737
esol,4,empirical_correlation_heteroskedastic,2.0,2000,30,0.0,0.08012870107349536,0.01334431653043146,0.16781551561600513,0.8508666666666668,0.7325,0.9666666666666667,0,0.12707892914570737
esol,4,independent_homoskedastic,0.5,2000,30,0.0,0.037162163743902514,0.006318481024620544,0.07609108135854521,0.8671500000000001,0.7333333333333333,0.9666666666666667,0,0.12707892914570737
esol,4,independent_homoskedastic,1.0,2000,30,0.0,0.11555066965376602,0.058740783799760464,0.1801774290250124,0.6513166666666665,0.5,0.8,0,0.12707892914570737
esol,4,independent_homoskedastic,2.0,2000,30,0.0,0.2080084121143499,0.12443447707779305,0.3040296805064531,0.47928333333333334,0.3,0.6666666666666666,0,0.12707892914570737
esol,8,empirical_correlation_heteroskedastic,0.5,2000,30,0.10265021076933406,0.011123980263367883,0.0021261889895888447,0.02272392953217065,0.7835666666666669,0.6666666666666666,0.9,0,0.12707892914570737
esol,8,empirical_correlation_heteroskedastic,1.0,2000,30,0.10265021076933406,0.03511835204668338,0.012899453717596536,0.06733961219703587,0.6458833333333333,0.4666666666666667,0.8,0,0.12707892914570737
esol,8,empirical_correlation_heteroskedastic,2.0,2000,30,0.10265021076933406,0.12226121006319032,0.053429555662740276,0.208876465665494,0.4504,0.26666666666666666,0.6333333333333333,1,0.12707892914570737
esol,8,independent_homoskedastic,0.5,2000,30,0.10265021076933406,0.0700590411929756,0.042682338496331046,0.10086951782888301,0.4215,0.23333333333333334,0.6,0,0.12707892914570737
esol,8,independent_homoskedastic,1.0,2000,30,0.10265021076933406,0.10933035131357471,0.07499743845250595,0.1484027372591497,0.2814,0.13333333333333333,0.4666666666666667,1,0.12707892914570737
esol,8,independent_homoskedastic,2.0,2000,30,0.10265021076933406,0.14968455283625143,0.10382048390287212,0.20789005686413017,0.21233333333333335,0.06666666666666667,0.36666666666666664,0,0.12707892914570737
esol,16,empirical_correlation_heteroskedastic,0.5,2000,30,0.10689031003477693,0.01678448893328474,0.006317441434768874,0.030036234940830065,0.6499333333333331,0.5,0.8,0,0.12707892914570737
esol,16,empirical_correlation_heteroskedastic,1.0,2000,30,0.10689031003477693,0.04413267588540191,0.021675290658798474,0.07504656457337718,0.4614666666666667,0.3,0.6333333333333333,0,0.12707892914570737
esol,16,empirical_correlation_heteroskedastic,2.0,2000,30,0.10689031003477693,0.1310862667368858,0.06389824716400025,0.22428751099057812,0.2806,0.13333333333333333,0.43333333333333335,1,0.12707892914570737
esol,16,independent_homoskedastic,0.5,2000,30,0.10689031003477693,0.08047555258705552,0.05579938308155807,0.1064679246960063,0.23828333333333332,0.1,0.4,0,0.12707892914570737
esol,16,independent_homoskedastic,1.0,2000,30,0.10689031003477693,0.11333172367140165,0.08499195837320034,0.1448046000886912,0.14213333333333336,0.03333333333333333,0.26666666666666666,1,0.12707892914570737
esol,16,independent_homoskedastic,2.0,2000,30,0.10689031003477693,0.13950388705328504,0.10404009483825359,0.18006540724106124,0.10215,0.0,0.23333333333333334,1,0.12707892914570737
esol,32,empirical_correlation_heteroskedastic,0.5,2000,30,0.11991034083179955,0.020357319875047238,0.008752553377939148,0.03513989654330329,0.5577833333333333,0.4,0.7,0,0.12707892914570737
esol,32,empirical_correlation_heteroskedastic,1.0,2000,30,0.11991034083179955,0.05158920482298737,0.027202492813138097,0.08482371479292332,0.3612166666666667,0.23333333333333334,0.5,0,0.12707892914570737
esol,32,empirical_correlation_heteroskedastic,2.0,2000,30,0.11991034083179955,0.14088458892876674,0.0758712174889753,0.23289011280735147,0.19123333333333334,0.06666666666666667,0.3333333333333333,1,0.12707892914570737
esol,32,independent_homoskedastic,0.5,2000,30,0.11991034083179955,0.08687491881171004,0.06290857631427728,0.10930990324570353,0.14360000000000003,0.03333333333333333,0.26666666666666666,0,0.12707892914570737
esol,32,independent_homoskedastic,1.0,2000,30,0.11991034083179955,0.11537121395586863,0.09062387562706638,0.1424248783000968,0.07613333333333334,0.0,0.16666666666666666,1,0.12707892914570737
esol,32,independent_homoskedastic,2.0,2000,30,0.11991034083179955,0.13542464219736855,0.10779386185881351,0.16839653511757496,0.05188333333333332,0.0,0.13333333333333333,1,0.12707892914570737
freesolv,4,empirical_correlation_heteroskedastic,0.5,2000,30,0.23183580019716937,0.029105165063800897,0.008606265321580386,0.057728859173377,0.7868333333333335,0.6666666666666666,0.9,0,0.08073020483674481
freesolv,4,empirical_correlation_heteroskedastic,1.0,2000,30,0.23183580019716937,0.09463892096779082,0.04106618545507745,0.1622926948930303,0.6021999999999998,0.4666666666666667,0.7666666666666667,0,0.08073020483674481
freesolv,4,empirical_correlation_heteroskedastic,2.0,2000,30,0.23183580019716937,0.21845493539182206,0.10834176313830982,0.35588863581833374,0.4536666666666666,0.3,0.6,1,0.08073020483674481
freesolv,4,independent_homoskedastic,0.5,2000,30,0.23183580019716937,0.07194682286047666,0.03185122736260909,0.12288061833721181,0.6328166666666666,0.4666666666666667,0.8,0,0.08073020483674481
freesolv,4,independent_homoskedastic,1.0,2000,30,0.23183580019716937,0.14803736179168844,0.07619885355551348,0.2341649171134593,0.4938166666666667,0.3333333333333333,0.6666666666666666,1,0.08073020483674481
freesolv,4,independent_homoskedastic,2.0,2000,30,0.23183580019716937,0.24604119309257852,0.13761238189132308,0.37577716136647366,0.3891166666666666,0.23333333333333334,0.5666666666666667,1,0.08073020483674481
freesolv,8,empirical_correlation_heteroskedastic,0.5,2000,30,0.22426294705508734,0.029641263603429998,0.007656883027754853,0.05989524025348456,0.7663166666666668,0.6333333333333333,0.9,0,0.08073020483674481
freesolv,8,empirical_correlation_heteroskedastic,1.0,2000,30,0.22426294705508734,0.09954008343669192,0.047141110786175965,0.16912162213123577,0.5553333333333333,0.4,0.7,0,0.08073020483674481
freesolv,8,empirical_correlation_heteroskedastic,2.0,2000,30,0.22426294705508734,0.22950270077015467,0.12114603483655563,0.3552816390490951,0.38033333333333336,0.23333333333333334,0.5333333333333333,1,0.08073020483674481
freesolv,8,independent_homoskedastic,0.5,2000,30,0.22426294705508734,0.12884779271380495,0.07720619686543967,0.18401624795480445,0.4437,0.26666666666666666,0.6333333333333333,0,0.08073020483674481
freesolv,8,independent_homoskedastic,1.0,2000,30,0.22426294705508734,0.21568762468258965,0.14885400888962713,0.2830497557888731,0.28304999999999997,0.13333333333333333,0.4666666666666667,1,0.08073020483674481
freesolv,8,independent_homoskedastic,2.0,2000,30,0.22426294705508734,0.2851824374228379,0.20022199618782285,0.3754131362662393,0.20418333333333333,0.06666666666666667,0.36666666666666664,1,0.08073020483674481
freesolv,16,empirical_correlation_heteroskedastic,0.5,2000,30,0.21508969975696443,0.03228849766008426,0.010880664404375419,0.05959904675442887,0.6742166666666665,0.5333333333333333,0.8333333333333334,0,0.08073020483674481
freesolv,16,empirical_correlation_heteroskedastic,1.0,2000,30,0.21508969975696443,0.10561363120856461,0.053971854194089265,0.16845753616340028,0.44715,0.26666666666666666,0.6,0,0.08073020483674481
freesolv,16,empirical_correlation_heteroskedastic,2.0,2000,30,0.21508969975696443,0.24400798630193474,0.1469065572517108,0.3674047726886767,0.26918333333333333,0.13333333333333333,0.43333333333333335,1,0.08073020483674481
freesolv,16,independent_homoskedastic,0.5,2000,30,0.21508969975696443,0.1544545557332782,0.10322095540780846,0.21082724373469988,0.2852,0.13333333333333333,0.4666666666666667,0,0.08073020483674481
freesolv,16,independent_homoskedastic,1.0,2000,30,0.21508969975696443,0.2392802528644033,0.17714765043009026,0.3077032010966846,0.16556666666666667,0.03333333333333333,0.3,1,0.08073020483674481
freesolv,16,independent_homoskedastic,2.0,2000,30,0.21508969975696443,0.2976132389061462,0.23099993365929794,0.3697214129056018,0.10613333333333334,0.0,0.23333333333333334,0,0.08073020483674481
freesolv,32,empirical_correlation_heteroskedastic,0.5,2000,30,0.21232039063081704,0.03538057230658957,0.014342130210936556,0.06297554469822635,0.6001666666666666,0.43333333333333335,0.7666666666666667,0,0.08073020483674481
freesolv,32,empirical_correlation_heteroskedastic,1.0,2000,30,0.21232039063081704,0.11326416583709292,0.06224001597497694,0.17618256246552258,0.3729666666666667,0.23250000000000004,0.5333333333333333,0,0.08073020483674481
freesolv,32,empirical_correlation_heteroskedastic,2.0,2000,30,0.21232039063081704,0.25328326301422327,0.15586095439988235,0.3808188701356098,0.20298333333333335,0.06666666666666667,0.36666666666666664,1,0.08073020483674481
freesolv,32,independent_homoskedastic,0.5,2000,30,0.21232039063081704,0.170984635932693,0.11911465260858813,0.22456628981184973,0.19813333333333333,0.06666666666666667,0.36666666666666664,1,0.08073020483674481
freesolv,32,independent_homoskedastic,1.0,2000,30,0.21232039063081704,0.2622713416110983,0.2009545331487321,0.3269063220534717,0.09930000000000001,0.0,0.2,1,0.08073020483674481
freesolv,32,independent_homoskedastic,2.0,2000,30,0.21232039063081704,0.322284360164178,0.25585272395831676,0.38983940090182573,0.060533333333333335,0.0,0.16666666666666666,0,0.08073020483674481
lipo,4,empirical_correlation_heteroskedastic,0.5,2000,30,0.0,0.0,0.0,0.0,1.0,1.0,1.0,1,0.07742001612532193
lipo,4,empirical_correlation_heteroskedastic,1.0,2000,30,0.0,2.721998837334081e-05,0.0,0.0004483154571092015,0.9979333333333333,0.9666666666666667,1.0,1,0.07742001612532193
lipo,4,empirical_correlation_heteroskedastic,2.0,2000,30,0.0,0.0010216992565815158,0.0,0.0028954846187354798,0.9379833333333335,0.8333333333333334,1.0,1,0.07742001612532193
lipo,4,independent_homoskedastic,0.5,2000,30,0.0,0.01050360888920728,0.006034629352702414,0.015309988764637586,0.5498333333333333,0.36666666666666664,0.7008333333333288,0,0.07742001612532193
lipo,4,independent_homoskedastic,1.0,2000,30,0.0,0.01596430420322412,0.010468190240748151,0.02140604227328693,0.3997166666666667,0.23333333333333334,0.5666666666666667,0,0.07742001612532193
lipo,4,independent_homoskedastic,2.0,2000,30,0.0,0.01880261184366709,0.012885347926674716,0.02434712253281465,0.3243,0.16666666666666666,0.5,0,0.07742001612532193
lipo,8,empirical_correlation_heteroskedastic,0.5,2000,30,0.0037428597453086315,0.001368562003706317,0.0001973083586936251,0.0033914323963940064,0.8360500000000002,0.7,0.9333333333333333,0,0.07742001612532193
lipo,8,empirical_correlation_heteroskedastic,1.0,2000,30,0.0037428597453086315,0.005240331498434836,0.0016538158867315611,0.010033346679273216,0.6668333333333333,0.5,0.8333333333333334,1,0.07742001612532193
lipo,8,empirical_correlation_heteroskedastic,2.0,2000,30,0.0037428597453086315,0.013049618238818877,0.006317808113977884,0.020414018163271895,0.46835000000000004,0.3,0.6333333333333333,0,0.07742001612532193
lipo,8,independent_homoskedastic,0.5,2000,30,0.0037428597453086315,0.009379002619836126,0.005087376044850207,0.014323697239399342,0.4468166666666666,0.26666666666666666,0.6333333333333333,0,0.07742001612532193
lipo,8,independent_homoskedastic,1.0,2000,30,0.0037428597453086315,0.019558468147569424,0.0120891510406371,0.02812837814857171,0.30304999999999993,0.13333333333333333,0.4674999999999955,0,0.07742001612532193
lipo,8,independent_homoskedastic,2.0,2000,30,0.0037428597453086315,0.030178221225149578,0.020099664848286538,0.04098005263858255,0.21466666666666664,0.06666666666666667,0.36666666666666664,0,0.07742001612532193
lipo,16,empirical_correlation_heteroskedastic,0.5,2000,30,0.0011756167554829073,0.0009059875617358563,0.00019953914066036323,0.0020318358507819853,0.8315833333333335,0.7,0.9333333333333333,1,0.07742001612532193
lipo,16,empirical_correlation_heteroskedastic,1.0,2000,30,0.0011756167554829073,0.003660546714298279,0.0012634538453870576,0.007128171130472868,0.6818333333333333,0.5333333333333333,0.8333333333333334,0,0.07742001612532193
lipo,16,empirical_correlation_heteroskedastic,2.0,2000,30,0.0011756167554829073,0.014099965161903793,0.006756685948842692,0.022421832316884237,0.45131666666666664,0.26666666666666666,0.6333333333333333,0,0.07742001612532193
lipo,16,independent_homoskedastic,0.5,2000,30,0.0011756167554829073,0.013228499393564162,0.008291795232429898,0.0186003063196433,0.37195,0.2,0.5333333333333333,0,0.07742001612532193
lipo,16,independent_homoskedastic,1.0,2000,30,0.0011756167554829073,0.024230569149209312,0.016075999949635593,0.032664120215303884,0.22135,0.1,0.36666666666666664,0,0.07742001612532193
lipo,16,independent_homoskedastic,2.0,2000,30,0.0011756167554829073,0.0368460421440232,0.025886830971016853,0.04815625635994553,0.13815000000000002,0.03333333333333333,0.26666666666666666,0,0.07742001612532193
lipo,32,empirical_correlation_heteroskedastic,0.5,2000,30,0.01004508303725052,0.0007349859919993795,0.00020137967654124334,0.00150933062657005,0.7877666666666667,0.6666666666666666,0.9,0,0.07742001612532193
lipo,32,empirical_correlation_heteroskedastic,1.0,2000,30,0.01004508303725052,0.0028764026727294946,0.0010730352285217158,0.0056166212336028675,0.6304666666666665,0.4666666666666667,0.8,0,0.07742001612532193
lipo,32,empirical_correlation_heteroskedastic,2.0,2000,30,0.01004508303725052,0.013473357400684494,0.006437203161533421,0.022084336639417456,0.38963333333333333,0.23333333333333334,0.5666666666666667,1,0.07742001612532193
lipo,32,independent_homoskedastic,0.5,2000,30,0.01004508303725052,0.012621913176342894,0.008013534698751709,0.017848151271236193,0.28025,0.13333333333333333,0.4666666666666667,1,0.07742001612532193
lipo,32,independent_homoskedastic,1.0,2000,30,0.01004508303725052,0.024649976983599747,0.016666279273494046,0.033703719787113645,0.1647166666666667,0.03333333333333333,0.3,0,0.07742001612532193
lipo,32,independent_homoskedastic,2.0,2000,30,0.01004508303725052,0.04250425751193055,0.029993838326009135,0.05657323759883943,0.09334999999999999,0.0,0.2,0,0.07742001612532193
tdc_caco2_wang,4,empirical_correlation_heteroskedastic,0.5,2000,30,0.0,4.649296686897347e-06,0.0,0.0,0.99995,1.0,1.0,1,0.18383664121049312
tdc_caco2_wang,4,empirical_correlation_heteroskedastic,1.0,2000,30,0.0,0.0009839212579849069,0.0,0.006282343367519563,0.9904166666666667,0.9333333333333333,1.0,1,0.18383664121049312
tdc_caco2_wang,4,empirical_correlation_heteroskedastic,2.0,2000,30,0.0,0.014335851408459707,0.0,0.0353977215577275,0.8981333333333336,0.8,1.0,1,0.18383664121049312
tdc_caco2_wang,4,independent_homoskedastic,0.5,2000,30,0.0,0.0008350503708671675,0.0,0.005750411144564547,0.9915333333333334,0.9333333333333333,1.0,1,0.18383664121049312
tdc_caco2_wang,4,independent_homoskedastic,1.0,2000,30,0.0,0.013748740866398811,0.0,0.0299753707985594,0.8899166666666669,0.7666666666666667,1.0,1,0.18383664121049312
tdc_caco2_wang,4,independent_homoskedastic,2.0,2000,30,0.0,0.04633625579033833,0.022743624853108144,0.07242128772463663,0.6739666666666666,0.5,0.8333333333333334,0,0.18383664121049312
tdc_caco2_wang,8,empirical_correlation_heteroskedastic,0.5,2000,30,0.01700495881624666,0.003430786779516375,0.0009738875603401186,0.006609390628577685,0.7698333333333334,0.6333333333333333,0.9,0,0.18383664121049312
tdc_caco2_wang,8,empirical_correlation_heteroskedastic,1.0,2000,30,0.01700495881624666,0.008846309754341853,0.003631818943149959,0.015736458093508095,0.5924666666666667,0.43333333333333335,0.7666666666666667,0,0.18383664121049312
tdc_caco2_wang,8,empirical_correlation_heteroskedastic,2.0,2000,30,0.01700495881624666,0.02453955764773756,0.011291856084806082,0.044542584671092934,0.4156333333333333,0.23333333333333334,0.5666666666666667,1,0.18383664121049312
tdc_caco2_wang,8,independent_homoskedastic,0.5,2000,30,0.01700495881624666,0.011544716799680405,0.006456085305454687,0.017628873576884852,0.4652833333333333,0.3,0.6333333333333333,1,0.18383664121049312
tdc_caco2_wang,8,independent_homoskedastic,1.0,2000,30,0.01700495881624666,0.019586949513608887,0.011671820899245062,0.02827569475127458,0.3302999999999999,0.16666666666666666,0.5,1,0.18383664121049312
tdc_caco2_wang,8,independent_homoskedastic,2.0,2000,30,0.01700495881624666,0.029883080860526726,0.01883609386406609,0.04285407458313787,0.24214999999999998,0.1,0.4,0,0.18383664121049312
tdc_caco2_wang,16,empirical_correlation_heteroskedastic,0.5,2000,30,0.02537117756226173,0.004376524695540449,0.001912256070808646,0.007330982653888086,0.5741166666666666,0.4,0.7333333333333333,0,0.18383664121049312
tdc_caco2_wang,16,empirical_correlation_heteroskedastic,1.0,2000,30,0.02537117756226173,0.011346628509189056,0.006204655165761446,0.01803394154312827,0.38811666666666667,0.23333333333333334,0.5666666666666667,0,0.18383664121049312
tdc_caco2_wang,16,empirical_correlation_heteroskedastic,2.0,2000,30,0.02537117756226173,0.02816857055800075,0.015500998452081527,0.04785950375888634,0.24033333333333334,0.1,0.4,1,0.18383664121049312
tdc_caco2_wang,16,independent_homoskedastic,0.5,2000,30,0.02537117756226173,0.014682055670652627,0.009529282519581234,0.0204870939030183,0.28685000000000005,0.13333333333333333,0.43333333333333335,0,0.18383664121049312
tdc_caco2_wang,16,independent_homoskedastic,1.0,2000,30,0.02537117756226173,0.023707804116389678,0.01645867031696174,0.03136621057082205,0.17578333333333335,0.06666666666666667,0.3333333333333333,1,0.18383664121049312
tdc_caco2_wang,16,independent_homoskedastic,2.0,2000,30,0.02537117756226173,0.03194142991406539,0.022956215137546747,0.042530872918301994,0.12268333333333334,0.03333333333333333,0.23333333333333334,1,0.18383664121049312
tdc_caco2_wang,32,empirical_correlation_heteroskedastic,0.5,2000,30,0.02746235040783509,0.004756107606177556,0.0023171046318306112,0.007600175133445999,0.46898333333333336,0.3,0.6333333333333333,0,0.18383664121049312
tdc_caco2_wang,32,empirical_correlation_heteroskedastic,1.0,2000,30,0.02746235040783509,0.012827085062447648,0.007431405521650422,0.019711439091575102,0.29101666666666665,0.13333333333333333,0.4666666666666667,0,0.18383664121049312
tdc_caco2_wang,32,empirical_correlation_heteroskedastic,2.0,2000,30,0.02746235040783509,0.030472602028307365,0.01758553535616874,0.05135577586263793,0.16223333333333334,0.03333333333333333,0.3,1,0.18383664121049312
tdc_caco2_wang,32,independent_homoskedastic,0.5,2000,30,0.02746235040783509,0.016170427863643054,0.010823263423403206,0.02213537435550083,0.18345000000000003,0.06666666666666667,0.3333333333333333,0,0.18383664121049312
tdc_caco2_wang,32,independent_homoskedastic,1.0,2000,30,0.02746235040783509,0.02598000603697949,0.018992341758715833,0.03360681171519619,0.1019,0.0,0.23333333333333334,1,0.18383664121049312
tdc_caco2_wang,32,independent_homoskedastic,2.0,2000,30,0.02746235040783509,0.034808200778470175,0.0261345506870137,0.04428402828289188,0.06373333333333332,0.0,0.16666666666666666,1,0.18383664121049312
tdc_hia_hou,4,empirical_correlation_heteroskedastic,0.5,2000,30,0.007519095442897908,0.0020242695779691964,0.00038477328448561306,0.004369339101681782,0.7527166666666667,0.6,0.9,0,0.06651201263441478
tdc_hia_hou,4,empirical_correlation_heteroskedastic,1.0,2000,30,0.007519095442897908,0.007031619470814714,0.0030018489743243192,0.012085023842298299,0.5475999999999999,0.36666666666666664,0.7,1,0.06651201263441478
tdc_hia_hou,4,empirical_correlation_heteroskedastic,2.0,2000,30,0.007519095442897908,0.013385671133394166,0.007516751604679569,0.02038827548186692,0.38675,0.2,0.5666666666666667,1,0.06651201263441478
tdc_hia_hou,4,independent_homoskedastic,0.5,2000,30,0.007519095442897908,0.0085545994388034,0.004858152406715933,0.012630723952275774,0.36873333333333336,0.2,0.5333333333333333,1,0.06651201263441478
tdc_hia_hou,4,independent_homoskedastic,1.0,2000,30,0.007519095442897908,0.011712648834148688,0.006717352039284837,0.01767198259663599,0.31304999999999994,0.16666666666666666,0.5,1,0.06651201263441478
tdc_hia_hou,4,independent_homoskedastic,2.0,2000,30,0.007519095442897908,0.013827452595519386,0.007911147151258407,0.02027894649625216,0.28535,0.13333333333333333,0.43333333333333335,0,0.06651201263441478
tdc_hia_hou,8,empirical_correlation_heteroskedastic,0.5,2000,30,0.015292690272171061,0.00409319097898109,0.0018550373947188075,0.006952386440977005,0.58505,0.4,0.7333333333333333,0,0.06651201263441478
tdc_hia_hou,8,empirical_correlation_heteroskedastic,1.0,2000,30,0.015292690272171061,0.010112223631037838,0.005709626676844593,0.014814734201684391,0.37628333333333336,0.2,0.5333333333333333,0,0.06651201263441478
tdc_hia_hou,8,empirical_correlation_heteroskedastic,2.0,2000,30,0.015292690272171061,0.017040197750257086,0.011154755957455631,0.023732826982532748,0.24268333333333333,0.1,0.4,1,0.06651201263441478
tdc_hia_hou,8,independent_homoskedastic,0.5,2000,30,0.015292690272171061,0.013003605532734304,0.0087786563021209,0.017611591738889272,0.23951666666666668,0.1,0.4,1,0.06651201263441478
tdc_hia_hou,8,independent_homoskedastic,1.0,2000,30,0.015292690272171061,0.016581714643788315,0.011701677246146135,0.0223837479300762,0.18078333333333335,0.06666666666666667,0.3333333333333333,1,0.06651201263441478
tdc_hia_hou,8,independent_homoskedastic,2.0,2000,30,0.015292690272171061,0.018921498606422935,0.0137154708436327,0.025054919593152553,0.15195,0.03333333333333333,0.3,1,0.06651201263441478
tdc_hia_hou,16,empirical_correlation_heteroskedastic,0.5,2000,30,0.018800300201589112,0.0053487005218819,0.0026895843199867125,0.00855574705141039,0.4579,0.3,0.6333333333333333,0,0.06651201263441478
tdc_hia_hou,16,empirical_correlation_heteroskedastic,1.0,2000,30,0.018800300201589112,0.013456523732678999,0.007924821596610917,0.02021634337993944,0.2838333333333333,0.13333333333333333,0.43333333333333335,1,0.06651201263441478
tdc_hia_hou,16,empirical_correlation_heteroskedastic,2.0,2000,30,0.018800300201589112,0.024865689603070864,0.01654150108721946,0.034474248868149496,0.16481666666666667,0.03333333333333333,0.3,1,0.06651201263441478
tdc_hia_hou,16,independent_homoskedastic,0.5,2000,30,0.018800300201589112,0.01519234846995694,0.010225540737822137,0.020394526057135664,0.16438333333333335,0.03333333333333333,0.3,1,0.06651201263441478
tdc_hia_hou,16,independent_homoskedastic,1.0,2000,30,0.018800300201589112,0.02110498391810048,0.014637830872423045,0.028016630316489682,0.11293333333333336,0.0,0.23333333333333334,1,0.06651201263441478
tdc_hia_hou,16,independent_homoskedastic,2.0,2000,30,0.018800300201589112,0.02621142245991327,0.018798910397872376,0.0347640058471015,0.08668333333333333,0.0,0.2,1,0.06651201263441478
tdc_hia_hou,32,empirical_correlation_heteroskedastic,0.5,2000,30,0.02296199562972267,0.0064553288829338855,0.0038049763511038334,0.00961549208159955,0.3943166666666666,0.23333333333333334,0.5666666666666667,0,0.06651201263441478
tdc_hia_hou,32,empirical_correlation_heteroskedastic,1.0,2000,30,0.02296199562972267,0.015359300703675107,0.00999067569295717,0.021284494374795696,0.22018333333333334,0.1,0.36666666666666664,0,0.06651201263441478
tdc_hia_hou,32,empirical_correlation_heteroskedastic,2.0,2000,30,0.02296199562972267,0.027350354145353875,0.019364862803863254,0.03610541289583596,0.11065000000000001,0.0,0.23333333333333334,1,0.06651201263441478
tdc_hia_hou,32,independent_homoskedastic,0.5,2000,30,0.02296199562972267,0.01863717402729049,0.013389859136879378,0.024433707783259984,0.11930000000000002,0.03333333333333333,0.23333333333333334,1,0.06651201263441478
tdc_hia_hou,32,independent_homoskedastic,1.0,2000,30,0.02296199562972267,0.026165335652126687,0.019485184139944052,0.032995565477696,0.06891666666666665,0.0,0.16666666666666666,1,0.06651201263441478
tdc_hia_hou,32,independent_homoskedastic,2.0,2000,30,0.02296199562972267,0.031271348113972516,0.023694645837324228,0.039024384343770535,0.04961666666666666,0.0,0.13333333333333333,0,0.06651201263441478
tdc_pgp_broccatelli,4,empirical_correlation_heteroskedastic,0.5,2000,30,0.006710366946467387,0.0010893903292274298,0.00031339723894956866,0.002161001458574747,0.7581166666666667,0.6,0.9,0,0.07757044955494218
tdc_pgp_broccatelli,4,empirical_correlation_heteroskedastic,1.0,2000,30,0.006710366946467387,0.003237564553267722,0.0015011545407176607,0.005358834702033965,0.5904833333333332,0.43333333333333335,0.7666666666666667,0,0.07757044955494218
tdc_pgp_broccatelli,4,empirical_correlation_heteroskedastic,2.0,2000,30,0.006710366946467387,0.006515930488298304,0.003701737873896957,0.0095402525793005,0.4296,0.26666666666666666,0.6,1,0.07757044955494218
tdc_pgp_broccatelli,4,independent_homoskedastic,0.5,2000,30,0.006710366946467387,0.003957406492446631,0.0020030523416844923,0.0063653991468162726,0.5327999999999999,0.36666666666666664,0.7,0,0.07757044955494218
tdc_pgp_broccatelli,4,independent_homoskedastic,1.0,2000,30,0.006710366946467387,0.006778027412690184,0.004058233622925832,0.009920076686310168,0.40214999999999995,0.23333333333333334,0.5666666666666667,1,0.07757044955494218
tdc_pgp_broccatelli,4,independent_homoskedastic,2.0,2000,30,0.006710366946467387,0.00880786552199021,0.005621413275344405,0.012305871157701449,0.32776666666666665,0.16666666666666666,0.5,1,0.07757044955494218
tdc_pgp_broccatelli,8,empirical_correlation_heteroskedastic,0.5,2000,30,0.004453210696858604,0.0013321772663851036,0.00045526926924354213,0.002548310276887869,0.6518833333333333,0.5,0.8,0,0.07757044955494218
tdc_pgp_broccatelli,8,empirical_correlation_heteroskedastic,1.0,2000,30,0.004453210696858604,0.004444085751765818,0.002086226792901578,0.007276557661697533,0.4240333333333334,0.26666666666666666,0.6,1,0.07757044955494218
tdc_pgp_broccatelli,8,empirical_correlation_heteroskedastic,2.0,2000,30,0.004453210696858604,0.009776511644683964,0.0056971545162068,0.014445350662229597,0.25633333333333336,0.1,0.4,0,0.07757044955494218
tdc_pgp_broccatelli,8,independent_homoskedastic,0.5,2000,30,0.004453210696858604,0.0037783594520191025,0.002239105017565395,0.005563992481772909,0.3346666666666666,0.16666666666666666,0.5,1,0.07757044955494218
tdc_pgp_broccatelli,8,independent_homoskedastic,1.0,2000,30,0.004453210696858604,0.006617199697101283,0.0039571129842977055,0.009742564994271627,0.24706666666666666,0.1,0.4,1,0.07757044955494218
tdc_pgp_broccatelli,8,independent_homoskedastic,2.0,2000,30,0.004453210696858604,0.010263454365401908,0.006295245219199942,0.01517642643770367,0.19078333333333336,0.06666666666666667,0.3333333333333333,0,0.07757044955494218
tdc_pgp_broccatelli,16,empirical_correlation_heteroskedastic,0.5,2000,30,0.007506771335468795,0.001559861039619839,0.000632628432378665,0.0028168096662348394,0.6193166666666666,0.4666666666666667,0.7666666666666667,0,0.07757044955494218
tdc_pgp_broccatelli,16,empirical_correlation_heteroskedastic,1.0,2000,30,0.007506771335468795,0.005981384909492856,0.0033238932799893035,0.009244486846911915,0.3484,0.2,0.5,1,0.07757044955494218
tdc_pgp_broccatelli,16,empirical_correlation_heteroskedastic,2.0,2000,30,0.007506771335468795,0.014078278948724158,0.009223794580685922,0.019479961877752642,0.16106666666666666,0.03333333333333333,0.3,0,0.07757044955494218
tdc_pgp_broccatelli,16,independent_homoskedastic,0.5,2000,30,0.007506771335468795,0.005240429940027194,0.003510916282552951,0.0072266463197901195,0.22971666666666668,0.1,0.36666666666666664,0,0.07757044955494218
tdc_pgp_broccatelli,16,independent_homoskedastic,1.0,2000,30,0.007506771335468795,0.008326309119544292,0.005677347944795232,0.011384631639459238,0.15121666666666667,0.03333333333333333,0.3,1,0.07757044955494218
tdc_pgp_broccatelli,16,independent_homoskedastic,2.0,2000,30,0.007506771335468795,0.011914021728627574,0.008130588530628938,0.01593902965003611,0.1055,0.0,0.23333333333333334,0,0.07757044955494218
tdc_pgp_broccatelli,32,empirical_correlation_heteroskedastic,0.5,2000,30,0.007524956028700932,0.0019389152699874374,0.0008946320860740434,0.0033404360731431894,0.5682999999999999,0.4,0.7333333333333333,0,0.07757044955494218
tdc_pgp_broccatelli,32,empirical_correlation_heteroskedastic,1.0,2000,30,0.007524956028700932,0.006740326362071714,0.004119661965507755,0.009939698246591362,0.2886666666666667,0.13333333333333333,0.4666666666666667,1,0.07757044955494218
tdc_pgp_broccatelli,32,empirical_correlation_heteroskedastic,2.0,2000,30,0.007524956028700932,0.014773020669834146,0.010422914966121596,0.019807606252551253,0.11785000000000001,0.03333333333333333,0.23333333333333334,0,0.07757044955494218
tdc_pgp_broccatelli,32,independent_homoskedastic,0.5,2000,30,0.007524956028700932,0.00658068366288819,0.00464033073085447,0.00890737347619034,0.18993333333333334,0.06666666666666667,0.3333333333333333,1,0.07757044955494218
tdc_pgp_broccatelli,32,independent_homoskedastic,1.0,2000,30,0.007524956028700932,0.010981395116829691,0.007785443735251318,0.014342029929881147,0.10333333333333335,0.0,0.23333333333333334,0,0.07757044955494218
tdc_pgp_broccatelli,32,independent_homoskedastic,2.0,2000,30,0.007524956028700932,0.015008291372205551,0.011455806077895217,0.019067865202063047,0.06330000000000001,0.0,0.16666666666666666,0,0.07757044955494218
