source,seed,dataset,inner_fits,outer_fits,total_fits,expected_inner_fits,expected_outer_fits,complete_fit_matrix,nonfinite_inner_utility,nonfinite_outer_utility,summed_fit_seconds
legacy_historical_outputs,11,bace,288,96,384,288,96,1,0,0,95.10409620031714
legacy_historical_outputs,11,bbbp,288,96,384,288,96,1,0,0,113.53906339977402
legacy_historical_outputs,11,clintox,288,96,384,288,96,1,0,0,108.4102653011214
legacy_historical_outputs,11,esol,288,96,384,288,96,1,0,0,60.31361760140861
legacy_historical_outputs,11,freesolv,288,96,384,288,96,1,0,0,45.01878450228831
legacy_historical_outputs,11,lipo,288,96,384,288,96,1,0,0,148.37895980116446
legacy_historical_outputs,11,tdc_caco2_wang,288,96,384,288,96,1,0,0,74.78117580036633
legacy_historical_outputs,11,tdc_hia_hou,288,96,384,288,96,1,0,0,58.12571810162625
legacy_historical_outputs,11,tdc_pgp_broccatelli,288,96,384,288,96,1,0,0,83.05098299949896
legacy_historical_outputs,23,bace,288,96,384,288,96,1,0,0,101.40565910050645
legacy_historical_outputs,23,bbbp,288,96,384,288,96,1,0,0,119.34095130069181
legacy_historical_outputs,23,clintox,288,96,384,288,96,1,0,0,112.25697919772938
legacy_historical_outputs,23,esol,288,96,384,288,96,1,0,0,63.90972409851382
legacy_historical_outputs,23,freesolv,288,96,384,288,96,1,0,0,44.19594579923431
legacy_historical_outputs,23,lipo,288,96,384,288,96,1,0,0,147.22777680004947
legacy_historical_outputs,23,tdc_caco2_wang,288,96,384,288,96,1,0,0,75.77531750069465
legacy_historical_outputs,23,tdc_hia_hou,288,96,384,288,96,1,0,0,56.442941599059836
legacy_historical_outputs,23,tdc_pgp_broccatelli,288,96,384,288,96,1,0,0,81.80884170043282
legacy_historical_outputs,37,bace,288,96,384,288,96,1,0,0,97.34952979919035
legacy_historical_outputs,37,bbbp,288,96,384,288,96,1,0,0,116.27334479987621
legacy_historical_outputs,37,clintox,288,96,384,288,96,1,0,0,111.80863819946535
legacy_historical_outputs,37,esol,288,96,384,288,96,1,0,0,59.051247199997306
legacy_historical_outputs,37,freesolv,288,96,384,288,96,1,0,0,46.661753898370065
legacy_historical_outputs,37,lipo,288,96,384,288,96,1,0,0,168.668345600483
legacy_historical_outputs,37,tdc_caco2_wang,288,96,384,288,96,1,0,0,78.96057170035783
legacy_historical_outputs,37,tdc_hia_hou,288,96,384,288,96,1,0,0,63.12417660164647
legacy_historical_outputs,37,tdc_pgp_broccatelli,288,96,384,288,96,1,0,0,101.4670899999328
legacy_historical_outputs,53,bace,288,96,384,288,96,1,0,0,129.77408420154825
legacy_historical_outputs,53,bbbp,288,96,384,288,96,1,0,0,144.76598799985368
legacy_historical_outputs,53,clintox,288,96,384,288,96,1,0,0,147.41366820014082
legacy_historical_outputs,53,esol,288,96,384,288,96,1,0,0,77.10628820070997
legacy_historical_outputs,53,freesolv,288,96,384,288,96,1,0,0,57.88849300064611
legacy_historical_outputs,53,lipo,288,96,384,288,96,1,0,0,189.22321370011196
legacy_historical_outputs,53,tdc_caco2_wang,288,96,384,288,96,1,0,0,95.11848360172007
legacy_historical_outputs,53,tdc_hia_hou,288,96,384,288,96,1,0,0,72.7805104011204
legacy_historical_outputs,53,tdc_pgp_broccatelli,288,96,384,288,96,1,0,0,107.29566399869509
legacy_historical_outputs,71,bace,288,96,384,288,96,1,0,0,125.44570719858166
legacy_historical_outputs,71,bbbp,288,96,384,288,96,1,0,0,147.63596740108915
legacy_historical_outputs,71,clintox,288,96,384,288,96,1,0,0,142.545316501637
legacy_historical_outputs,71,esol,288,96,384,288,96,1,0,0,76.5961303007789
legacy_historical_outputs,71,freesolv,288,96,384,288,96,1,0,0,56.18652189930434
legacy_historical_outputs,71,lipo,288,96,384,288,96,1,0,0,184.76183870073874
legacy_historical_outputs,71,tdc_caco2_wang,288,96,384,288,96,1,0,0,95.53389469895046
legacy_historical_outputs,71,tdc_hia_hou,288,96,384,288,96,1,0,0,63.15311310172545
legacy_historical_outputs,71,tdc_pgp_broccatelli,288,96,384,288,96,1,0,0,92.27703279990237
primary_old_seed_classification_rerun,11,bace,288,96,384,288,96,1,0,0,84.62636350025423
primary_old_seed_classification_rerun,11,bbbp,288,96,384,288,96,1,0,0,103.59397269948386
primary_old_seed_classification_rerun,11,clintox,288,96,384,288,96,1,0,0,101.82788579998305
primary_old_seed_classification_rerun,11,tdc_hia_hou,288,96,384,288,96,1,0,0,54.14134080044459
primary_old_seed_classification_rerun,11,tdc_pgp_broccatelli,288,96,384,288,96,1,0,0,79.04176370054483
primary_old_seed_classification_rerun,23,bace,288,96,384,288,96,1,0,0,92.94264390080934
primary_old_seed_classification_rerun,23,bbbp,288,96,384,288,96,1,0,0,113.70135640050285
primary_old_seed_classification_rerun,23,clintox,288,96,384,288,96,1,0,0,105.1572610004223
primary_old_seed_classification_rerun,23,tdc_hia_hou,288,96,384,288,96,1,0,0,49.02075520117067
primary_old_seed_classification_rerun,23,tdc_pgp_broccatelli,288,96,384,288,96,1,0,0,71.94665080023695
primary_old_seed_classification_rerun,37,bace,288,96,384,288,96,1,0,0,92.47509540012106
primary_old_seed_classification_rerun,37,bbbp,288,96,384,288,96,1,0,0,105.7089544996852
primary_old_seed_classification_rerun,37,clintox,288,96,384,288,96,1,0,0,105.72295210079756
primary_old_seed_classification_rerun,37,tdc_hia_hou,288,96,384,288,96,1,0,0,52.480562500481014
primary_old_seed_classification_rerun,37,tdc_pgp_broccatelli,288,96,384,288,96,1,0,0,75.43510300008347
primary_old_seed_classification_rerun,53,bace,288,96,384,288,96,1,0,0,92.75708929938264
primary_old_seed_classification_rerun,53,bbbp,288,96,384,288,96,1,0,0,115.02398820058443
primary_old_seed_classification_rerun,53,clintox,288,96,384,288,96,1,0,0,122.83074510021834
primary_old_seed_classification_rerun,53,tdc_hia_hou,288,96,384,288,96,1,0,0,64.97646430012536
primary_old_seed_classification_rerun,53,tdc_pgp_broccatelli,288,96,384,288,96,1,0,0,96.71951590065146
primary_old_seed_classification_rerun,71,bace,288,96,384,288,96,1,0,0,120.42258220002986
primary_old_seed_classification_rerun,71,bbbp,288,96,384,288,96,1,0,0,138.1043365994119
primary_old_seed_classification_rerun,71,clintox,288,96,384,288,96,1,0,0,123.35430759988958
primary_old_seed_classification_rerun,71,tdc_hia_hou,288,96,384,288,96,1,0,0,55.488531899231006
primary_old_seed_classification_rerun,71,tdc_pgp_broccatelli,288,96,384,288,96,1,0,0,85.30619269929593
primary_old_seed_regression_split_update,11,esol,288,96,384,288,96,1,0,0,66.24552139977459
primary_old_seed_regression_split_update,11,freesolv,288,96,384,288,96,1,0,0,45.74886159994638
primary_old_seed_regression_split_update,11,lipo,288,96,384,288,96,1,0,0,165.46690419962397
primary_old_seed_regression_split_update,11,tdc_caco2_wang,288,96,384,288,96,1,0,0,86.87170159991365
primary_old_seed_regression_split_update,23,esol,288,96,384,288,96,1,0,0,73.3261475993204
primary_old_seed_regression_split_update,23,freesolv,288,96,384,288,96,1,0,0,49.486509499722146
primary_old_seed_regression_split_update,23,lipo,288,96,384,288,96,1,0,0,166.8854721005191
primary_old_seed_regression_split_update,23,tdc_caco2_wang,288,96,384,288,96,1,0,0,73.97643810021691
primary_old_seed_regression_split_update,37,esol,288,96,384,288,96,1,0,0,61.589619799691704
primary_old_seed_regression_split_update,37,freesolv,288,96,384,288,96,1,0,0,41.69375899911391
primary_old_seed_regression_split_update,37,lipo,288,96,384,288,96,1,0,0,158.7302088002325
primary_old_seed_regression_split_update,37,tdc_caco2_wang,288,96,384,288,96,1,0,0,78.27540290012256
primary_old_seed_regression_split_update,53,esol,288,96,384,288,96,1,0,0,63.89700170030119
primary_old_seed_regression_split_update,53,freesolv,288,96,384,288,96,1,0,0,45.02589409978826
primary_old_seed_regression_split_update,53,lipo,288,96,384,288,96,1,0,0,156.80802420008695
primary_old_seed_regression_split_update,53,tdc_caco2_wang,288,96,384,288,96,1,0,0,76.51632929989135
primary_old_seed_regression_split_update,71,esol,288,96,384,288,96,1,0,0,61.73047360050259
primary_old_seed_regression_split_update,71,freesolv,288,96,384,288,96,1,0,0,44.64711500052361
primary_old_seed_regression_split_update,71,lipo,288,96,384,288,96,1,0,0,155.57954539969796
primary_old_seed_regression_split_update,71,tdc_caco2_wang,288,96,384,288,96,1,0,0,75.01050629961537
primary_additional_seeds,83,bace,288,96,384,288,96,1,0,0,102.00121049996233
primary_additional_seeds,83,bbbp,288,96,384,288,96,1,0,0,126.8846019996563
primary_additional_seeds,83,clintox,288,96,384,288,96,1,0,0,117.94576550036436
primary_additional_seeds,83,esol,288,96,384,288,96,1,0,0,63.04542219935682
primary_additional_seeds,83,freesolv,288,96,384,288,96,1,0,0,45.027909399825134
primary_additional_seeds,83,lipo,288,96,384,288,96,1,0,0,155.4501694990322
primary_additional_seeds,83,tdc_caco2_wang,288,96,384,288,96,1,0,0,77.14276310062269
primary_additional_seeds,83,tdc_hia_hou,288,96,384,288,96,1,0,0,60.086855800298494
primary_additional_seeds,83,tdc_pgp_broccatelli,288,96,384,288,96,1,0,0,87.69821699941531
primary_additional_seeds,97,bace,288,96,384,288,96,1,0,0,85.98002169985557
primary_additional_seeds,97,bbbp,288,96,384,288,96,1,0,0,115.27805069915485
primary_additional_seeds,97,clintox,288,96,384,288,96,1,0,0,119.88731730054133
primary_additional_seeds,97,esol,288,96,384,288,96,1,0,0,63.37437610008054
primary_additional_seeds,97,freesolv,288,96,384,288,96,1,0,0,43.372319299727664
primary_additional_seeds,97,lipo,288,96,384,288,96,1,0,0,159.61219709995203
primary_additional_seeds,97,tdc_caco2_wang,288,96,384,288,96,1,0,0,75.49373200006085
primary_additional_seeds,97,tdc_hia_hou,288,96,384,288,96,1,0,0,59.25801509962183
primary_additional_seeds,97,tdc_pgp_broccatelli,288,96,384,288,96,1,0,0,86.92499390069861
primary_additional_seeds,113,bace,288,96,384,288,96,1,0,0,101.86715669970727
primary_additional_seeds,113,bbbp,288,96,384,288,96,1,0,0,122.53635079978267
primary_additional_seeds,113,clintox,288,96,384,288,96,1,0,0,114.1023141994956
primary_additional_seeds,113,esol,288,96,384,288,96,1,0,0,62.07867670012637
primary_additional_seeds,113,freesolv,288,96,384,288,96,1,0,0,44.2890780000016
primary_additional_seeds,113,lipo,288,96,384,288,96,1,0,0,152.83799989998806
primary_additional_seeds,113,tdc_caco2_wang,288,96,384,288,96,1,0,0,78.54597659950377
primary_additional_seeds,113,tdc_hia_hou,288,96,384,288,96,1,0,0,59.18292889971052
primary_additional_seeds,113,tdc_pgp_broccatelli,288,96,384,288,96,1,0,0,86.02512640028726
primary_additional_seeds,127,bace,288,96,384,288,96,1,0,0,101.00270119943889
primary_additional_seeds,127,bbbp,288,96,384,288,96,1,0,0,122.65765439998358
primary_additional_seeds,127,clintox,288,96,384,288,96,1,0,0,116.96496480057249
primary_additional_seeds,127,esol,288,96,384,288,96,1,0,0,60.89433429983909
primary_additional_seeds,127,freesolv,288,96,384,288,96,1,0,0,42.647068199934424
primary_additional_seeds,127,lipo,288,96,384,288,96,1,0,0,155.56974819966126
primary_additional_seeds,127,tdc_caco2_wang,288,96,384,288,96,1,0,0,75.94687589944806
primary_additional_seeds,127,tdc_hia_hou,288,96,384,288,96,1,0,0,57.44863409851678
primary_additional_seeds,127,tdc_pgp_broccatelli,288,96,384,288,96,1,0,0,83.57141259941272
primary_additional_seeds,149,bace,288,96,384,288,96,1,0,0,103.4251874993206
primary_additional_seeds,149,bbbp,288,96,384,288,96,1,0,0,123.03009419963928
primary_additional_seeds,149,clintox,288,96,384,288,96,1,0,0,120.33836000028532
primary_additional_seeds,149,esol,288,96,384,288,96,1,0,0,62.71753579954383
primary_additional_seeds,149,freesolv,288,96,384,288,96,1,0,0,42.22796290024415
primary_additional_seeds,149,lipo,288,96,384,288,96,1,0,0,151.43369200016605
primary_additional_seeds,149,tdc_caco2_wang,288,96,384,288,96,1,0,0,70.78913230064789
primary_additional_seeds,149,tdc_hia_hou,288,96,384,288,96,1,0,0,50.39737119962227
primary_additional_seeds,149,tdc_pgp_broccatelli,288,96,384,288,96,1,0,0,72.85237409995169
