dataset,task_type,outer_fold,inner_fold,outer_split_type,inner_split_type,candidate_order,candidate,family,inner_utility,inner_roc_auc,inner_pr_auc,inner_brier,minority_label,minority_threshold,minority_recall,majority_recall,balanced_recall,minority_constraint_feasible,minority_recall_target,fit_seconds
lipo,regression,1,1,seeded_scaffold_group_balanced,seeded_scaffold_group_balanced,1,ridge_a0.1,linear,-1.1274842166222152,,,,,,,,,,,0.00841399998171255
lipo,regression,1,2,seeded_scaffold_group_balanced,seeded_scaffold_group_balanced,1,ridge_a0.1,linear,-1.1067105531531698,,,,,,,,,,,0.00811629998497665
lipo,regression,1,3,seeded_scaffold_group_balanced,seeded_scaffold_group_balanced,1,ridge_a0.1,linear,-1.1783737608307647,,,,,,,,,,,0.008492900000419468
lipo,regression,1,1,seeded_scaffold_group_balanced,seeded_scaffold_group_balanced,2,ridge_a1,linear,-1.1107490607076909,,,,,,,,,,,0.009382399963214993
lipo,regression,1,2,seeded_scaffold_group_balanced,seeded_scaffold_group_balanced,2,ridge_a1,linear,-1.0928588192635402,,,,,,,,,,,0.010130799957551062
lipo,regression,1,3,seeded_scaffold_group_balanced,seeded_scaffold_group_balanced,2,ridge_a1,linear,-1.1637712012609132,,,,,,,,,,,0.008418200013693422
lipo,regression,1,1,seeded_scaffold_group_balanced,seeded_scaffold_group_balanced,3,ridge_a10,linear,-1.034404380305844,,,,,,,,,,,0.008610599965322763
lipo,regression,1,2,seeded_scaffold_group_balanced,seeded_scaffold_group_balanced,3,ridge_a10,linear,-1.0302148075940296,,,,,,,,,,,0.008544699987396598
lipo,regression,1,3,seeded_scaffold_group_balanced,seeded_scaffold_group_balanced,3,ridge_a10,linear,-1.100461034412141,,,,,,,,,,,0.008338199986610562
lipo,regression,1,1,seeded_scaffold_group_balanced,seeded_scaffold_group_balanced,4,elasticnet_a0.001,linear,-1.0811676594913011,,,,,,,,,,,0.026549899950623512
lipo,regression,1,2,seeded_scaffold_group_balanced,seeded_scaffold_group_balanced,4,elasticnet_a0.001,linear,-1.0671615430784984,,,,,,,,,,,0.022730400029104203
lipo,regression,1,3,seeded_scaffold_group_balanced,seeded_scaffold_group_balanced,4,elasticnet_a0.001,linear,-1.137376977183782,,,,,,,,,,,0.025954500015359372
lipo,regression,1,1,seeded_scaffold_group_balanced,seeded_scaffold_group_balanced,5,rf_60_sqrt,bagging,-0.9518260808910418,,,,,,,,,,,0.0928814000217244
lipo,regression,1,2,seeded_scaffold_group_balanced,seeded_scaffold_group_balanced,5,rf_60_sqrt,bagging,-1.0241425157642665,,,,,,,,,,,0.08859510003821924
lipo,regression,1,3,seeded_scaffold_group_balanced,seeded_scaffold_group_balanced,5,rf_60_sqrt,bagging,-1.051466314145695,,,,,,,,,,,0.07810409995727241
lipo,regression,1,1,seeded_scaffold_group_balanced,seeded_scaffold_group_balanced,6,rf_90_d12,bagging,-1.001229941334404,,,,,,,,,,,0.12178059999132529
lipo,regression,1,2,seeded_scaffold_group_balanced,seeded_scaffold_group_balanced,6,rf_90_d12,bagging,-1.0617712467074638,,,,,,,,,,,0.128705799987074
lipo,regression,1,3,seeded_scaffold_group_balanced,seeded_scaffold_group_balanced,6,rf_90_d12,bagging,-1.0757772702147403,,,,,,,,,,,0.12336580001283437
lipo,regression,1,1,seeded_scaffold_group_balanced,seeded_scaffold_group_balanced,7,rf_90_leaf2,bagging,-0.9697273697497929,,,,,,,,,,,0.1387379000079818
lipo,regression,1,2,seeded_scaffold_group_balanced,seeded_scaffold_group_balanced,7,rf_90_leaf2,bagging,-1.0272741451186629,,,,,,,,,,,0.13082069996744394
lipo,regression,1,3,seeded_scaffold_group_balanced,seeded_scaffold_group_balanced,7,rf_90_leaf2,bagging,-1.0483709367309684,,,,,,,,,,,0.1280964000034146
lipo,regression,1,1,seeded_scaffold_group_balanced,seeded_scaffold_group_balanced,8,rf_120_d20_leaf2,bagging,-0.9736274025879932,,,,,,,,,,,0.1695089999702759
lipo,regression,1,2,seeded_scaffold_group_balanced,seeded_scaffold_group_balanced,8,rf_120_d20_leaf2,bagging,-1.0468840940026083,,,,,,,,,,,0.16439340001670644
lipo,regression,1,3,seeded_scaffold_group_balanced,seeded_scaffold_group_balanced,8,rf_120_d20_leaf2,bagging,-1.0686793666602676,,,,,,,,,,,0.17259969998849556
lipo,regression,1,1,seeded_scaffold_group_balanced,seeded_scaffold_group_balanced,9,et_60_sqrt,bagging,-0.9491760112889687,,,,,,,,,,,0.09635160001926124
lipo,regression,1,2,seeded_scaffold_group_balanced,seeded_scaffold_group_balanced,9,et_60_sqrt,bagging,-1.003395687355467,,,,,,,,,,,0.08616880001500249
lipo,regression,1,3,seeded_scaffold_group_balanced,seeded_scaffold_group_balanced,9,et_60_sqrt,bagging,-1.026061436933543,,,,,,,,,,,0.0839836000232026
lipo,regression,1,1,seeded_scaffold_group_balanced,seeded_scaffold_group_balanced,10,et_90_d12,bagging,-0.9956970850722777,,,,,,,,,,,0.07637520000571385
lipo,regression,1,2,seeded_scaffold_group_balanced,seeded_scaffold_group_balanced,10,et_90_d12,bagging,-1.06437988356776,,,,,,,,,,,0.079813499993179
lipo,regression,1,3,seeded_scaffold_group_balanced,seeded_scaffold_group_balanced,10,et_90_d12,bagging,-1.076226762909261,,,,,,,,,,,0.08627630001865327
lipo,regression,1,1,seeded_scaffold_group_balanced,seeded_scaffold_group_balanced,11,et_90_leaf2,bagging,-0.9581539098631447,,,,,,,,,,,0.10389790002955124
lipo,regression,1,2,seeded_scaffold_group_balanced,seeded_scaffold_group_balanced,11,et_90_leaf2,bagging,-1.0124920150127463,,,,,,,,,,,0.09581420000176877
lipo,regression,1,3,seeded_scaffold_group_balanced,seeded_scaffold_group_balanced,11,et_90_leaf2,bagging,-1.0388671743088336,,,,,,,,,,,0.09822729998268187
lipo,regression,1,1,seeded_scaffold_group_balanced,seeded_scaffold_group_balanced,12,et_120_d20_leaf2,bagging,-0.9612581738477981,,,,,,,,,,,0.11025830003200099
lipo,regression,1,2,seeded_scaffold_group_balanced,seeded_scaffold_group_balanced,12,et_120_d20_leaf2,bagging,-1.028347324064823,,,,,,,,,,,0.11063910002121702
lipo,regression,1,3,seeded_scaffold_group_balanced,seeded_scaffold_group_balanced,12,et_120_d20_leaf2,bagging,-1.0470287596099022,,,,,,,,,,,0.10890290001407266
lipo,regression,1,1,seeded_scaffold_group_balanced,seeded_scaffold_group_balanced,13,histgb_lr0.05,boosting,-0.9649928251543473,,,,,,,,,,,1.5401926999911666
lipo,regression,1,2,seeded_scaffold_group_balanced,seeded_scaffold_group_balanced,13,histgb_lr0.05,boosting,-1.0033057617241516,,,,,,,,,,,1.0837774999672547
lipo,regression,1,3,seeded_scaffold_group_balanced,seeded_scaffold_group_balanced,13,histgb_lr0.05,boosting,-1.0235147158051279,,,,,,,,,,,1.1066509000374936
lipo,regression,1,1,seeded_scaffold_group_balanced,seeded_scaffold_group_balanced,14,histgb_lr0.1,boosting,-0.9449256231173395,,,,,,,,,,,0.9903730999794789
lipo,regression,1,2,seeded_scaffold_group_balanced,seeded_scaffold_group_balanced,14,histgb_lr0.1,boosting,-0.9782572416981667,,,,,,,,,,,1.2979511000448838
lipo,regression,1,3,seeded_scaffold_group_balanced,seeded_scaffold_group_balanced,14,histgb_lr0.1,boosting,-0.9966057704787138,,,,,,,,,,,1.6092247000196949
lipo,regression,1,1,seeded_scaffold_group_balanced,seeded_scaffold_group_balanced,15,gb_lr0.05_d2,boosting,-1.0590807347622129,,,,,,,,,,,0.9192085000104271
lipo,regression,1,2,seeded_scaffold_group_balanced,seeded_scaffold_group_balanced,15,gb_lr0.05_d2,boosting,-1.0992236375105155,,,,,,,,,,,0.8079565000371076
lipo,regression,1,3,seeded_scaffold_group_balanced,seeded_scaffold_group_balanced,15,gb_lr0.05_d2,boosting,-1.1065845557700305,,,,,,,,,,,0.8081545999739319
lipo,regression,1,1,seeded_scaffold_group_balanced,seeded_scaffold_group_balanced,16,gb_lr0.1_d3,boosting,-1.0073022575788022,,,,,,,,,,,1.1769967000000179
lipo,regression,1,2,seeded_scaffold_group_balanced,seeded_scaffold_group_balanced,16,gb_lr0.1_d3,boosting,-1.0325037286186012,,,,,,,,,,,1.08847199997399
lipo,regression,1,3,seeded_scaffold_group_balanced,seeded_scaffold_group_balanced,16,gb_lr0.1_d3,boosting,-1.0510948172392744,,,,,,,,,,,1.1337190000340343
lipo,regression,1,1,seeded_scaffold_group_balanced,seeded_scaffold_group_balanced,17,lgbm_60_l15,boosting,-0.9949559894263375,,,,,,,,,,,0.06775519996881485
lipo,regression,1,2,seeded_scaffold_group_balanced,seeded_scaffold_group_balanced,17,lgbm_60_l15,boosting,-1.033175261951058,,,,,,,,,,,0.05801570002222434
lipo,regression,1,3,seeded_scaffold_group_balanced,seeded_scaffold_group_balanced,17,lgbm_60_l15,boosting,-1.0464681127161504,,,,,,,,,,,0.0641378000145778
lipo,regression,1,1,seeded_scaffold_group_balanced,seeded_scaffold_group_balanced,18,lgbm_90_l31,boosting,-0.9397212742786508,,,,,,,,,,,0.1047322999802418
lipo,regression,1,2,seeded_scaffold_group_balanced,seeded_scaffold_group_balanced,18,lgbm_90_l31,boosting,-0.9670104563899528,,,,,,,,,,,0.15466609998838976
lipo,regression,1,3,seeded_scaffold_group_balanced,seeded_scaffold_group_balanced,18,lgbm_90_l31,boosting,-0.9955088116194722,,,,,,,,,,,0.13547129998914897
lipo,regression,1,1,seeded_scaffold_group_balanced,seeded_scaffold_group_balanced,19,lgbm_60_l63,boosting,-0.9231294349796195,,,,,,,,,,,0.1537693000282161
lipo,regression,1,2,seeded_scaffold_group_balanced,seeded_scaffold_group_balanced,19,lgbm_60_l63,boosting,-0.9335222958956061,,,,,,,,,,,0.1954099999857135
lipo,regression,1,3,seeded_scaffold_group_balanced,seeded_scaffold_group_balanced,19,lgbm_60_l63,boosting,-1.003506829547541,,,,,,,,,,,0.16768600000068545
lipo,regression,1,1,seeded_scaffold_group_balanced,seeded_scaffold_group_balanced,20,lgbm_100_leaf10,boosting,-0.9452505877988893,,,,,,,,,,,0.23176730005070567
lipo,regression,1,2,seeded_scaffold_group_balanced,seeded_scaffold_group_balanced,20,lgbm_100_leaf10,boosting,-0.9653257340155085,,,,,,,,,,,0.355274899979122
lipo,regression,1,3,seeded_scaffold_group_balanced,seeded_scaffold_group_balanced,20,lgbm_100_leaf10,boosting,-0.9876404050010054,,,,,,,,,,,0.18083729996578768
lipo,regression,1,1,seeded_scaffold_group_balanced,seeded_scaffold_group_balanced,21,lgbm_100_leaf30,boosting,-0.9195407651456781,,,,,,,,,,,0.1795379999675788
lipo,regression,1,2,seeded_scaffold_group_balanced,seeded_scaffold_group_balanced,21,lgbm_100_leaf30,boosting,-0.9610669091373356,,,,,,,,,,,0.2230631000129506
lipo,regression,1,3,seeded_scaffold_group_balanced,seeded_scaffold_group_balanced,21,lgbm_100_leaf30,boosting,-0.9871650572443144,,,,,,,,,,,0.17556479998165742
lipo,regression,1,1,seeded_scaffold_group_balanced,seeded_scaffold_group_balanced,22,lgbm_80_ff0.7,boosting,-0.9261182815035205,,,,,,,,,,,0.09989770001266152
lipo,regression,1,2,seeded_scaffold_group_balanced,seeded_scaffold_group_balanced,22,lgbm_80_ff0.7,boosting,-0.9600271500619917,,,,,,,,,,,0.2331883999868296
lipo,regression,1,3,seeded_scaffold_group_balanced,seeded_scaffold_group_balanced,22,lgbm_80_ff0.7,boosting,-0.9907498304958339,,,,,,,,,,,0.10911809996468946
lipo,regression,1,1,seeded_scaffold_group_balanced,seeded_scaffold_group_balanced,23,lgbm_80_bag0.8,boosting,-0.9218643831618955,,,,,,,,,,,0.13815600000089034
lipo,regression,1,2,seeded_scaffold_group_balanced,seeded_scaffold_group_balanced,23,lgbm_80_bag0.8,boosting,-0.9448300144702646,,,,,,,,,,,0.18916300003184006
lipo,regression,1,3,seeded_scaffold_group_balanced,seeded_scaffold_group_balanced,23,lgbm_80_bag0.8,boosting,-0.9757892614989813,,,,,,,,,,,0.15236780000850558
lipo,regression,1,1,seeded_scaffold_group_balanced,seeded_scaffold_group_balanced,24,lgbm_120_l15,boosting,-0.9654205646393358,,,,,,,,,,,0.11532799998531118
lipo,regression,1,2,seeded_scaffold_group_balanced,seeded_scaffold_group_balanced,24,lgbm_120_l15,boosting,-0.9991477005290079,,,,,,,,,,,0.09247249999316409
lipo,regression,1,3,seeded_scaffold_group_balanced,seeded_scaffold_group_balanced,24,lgbm_120_l15,boosting,-1.0241583886802594,,,,,,,,,,,0.1087060000281781
lipo,regression,1,1,seeded_scaffold_group_balanced,seeded_scaffold_group_balanced,25,xgb_60_d3,boosting,-1.0250597779713067,,,,,,,,,,,0.12020880001364276
lipo,regression,1,2,seeded_scaffold_group_balanced,seeded_scaffold_group_balanced,25,xgb_60_d3,boosting,-1.0584249392096805,,,,,,,,,,,0.12551470001926646
lipo,regression,1,3,seeded_scaffold_group_balanced,seeded_scaffold_group_balanced,25,xgb_60_d3,boosting,-1.066439919143256,,,,,,,,,,,0.09198480000486597
lipo,regression,1,1,seeded_scaffold_group_balanced,seeded_scaffold_group_balanced,26,xgb_80_d5,boosting,-0.9838791611084082,,,,,,,,,,,0.12809370004106313
lipo,regression,1,2,seeded_scaffold_group_balanced,seeded_scaffold_group_balanced,26,xgb_80_d5,boosting,-1.0129608312087883,,,,,,,,,,,0.13235540001187474
lipo,regression,1,3,seeded_scaffold_group_balanced,seeded_scaffold_group_balanced,26,xgb_80_d5,boosting,-1.023886458554681,,,,,,,,,,,0.13642639998579398
lipo,regression,1,1,seeded_scaffold_group_balanced,seeded_scaffold_group_balanced,27,xgb_100_d3,boosting,-1.023768739967214,,,,,,,,,,,0.14448020001873374
lipo,regression,1,2,seeded_scaffold_group_balanced,seeded_scaffold_group_balanced,27,xgb_100_d3,boosting,-1.0514511663569426,,,,,,,,,,,0.11611210001865402
lipo,regression,1,3,seeded_scaffold_group_balanced,seeded_scaffold_group_balanced,27,xgb_100_d3,boosting,-1.075081288265764,,,,,,,,,,,0.11819919996196404
lipo,regression,1,1,seeded_scaffold_group_balanced,seeded_scaffold_group_balanced,28,xgb_60_d6,boosting,-0.9719987141420028,,,,,,,,,,,0.13921860000118613
lipo,regression,1,2,seeded_scaffold_group_balanced,seeded_scaffold_group_balanced,28,xgb_60_d6,boosting,-0.9977377592729482,,,,,,,,,,,0.11653550004120916
lipo,regression,1,3,seeded_scaffold_group_balanced,seeded_scaffold_group_balanced,28,xgb_60_d6,boosting,-1.0349942911643604,,,,,,,,,,,0.13147399999434128
lipo,regression,1,1,seeded_scaffold_group_balanced,seeded_scaffold_group_balanced,29,cat_60_d4,boosting,-1.0303781812949029,,,,,,,,,,,0.29647729999851435
lipo,regression,1,2,seeded_scaffold_group_balanced,seeded_scaffold_group_balanced,29,cat_60_d4,boosting,-1.0807671226661897,,,,,,,,,,,0.29090129997348413
lipo,regression,1,3,seeded_scaffold_group_balanced,seeded_scaffold_group_balanced,29,cat_60_d4,boosting,-1.09697686132973,,,,,,,,,,,0.3063823999837041
lipo,regression,1,1,seeded_scaffold_group_balanced,seeded_scaffold_group_balanced,30,cat_80_d6,boosting,-1.004785453832431,,,,,,,,,,,1.1839770000078715
lipo,regression,1,2,seeded_scaffold_group_balanced,seeded_scaffold_group_balanced,30,cat_80_d6,boosting,-1.0586255539374532,,,,,,,,,,,1.215882699994836
lipo,regression,1,3,seeded_scaffold_group_balanced,seeded_scaffold_group_balanced,30,cat_80_d6,boosting,-1.0779820635601058,,,,,,,,,,,1.3764648999786004
lipo,regression,1,1,seeded_scaffold_group_balanced,seeded_scaffold_group_balanced,31,cat_100_d4,boosting,-1.025586116150853,,,,,,,,,,,0.6004131999798119
lipo,regression,1,2,seeded_scaffold_group_balanced,seeded_scaffold_group_balanced,31,cat_100_d4,boosting,-1.0842759528724242,,,,,,,,,,,0.5904901000321843
lipo,regression,1,3,seeded_scaffold_group_balanced,seeded_scaffold_group_balanced,31,cat_100_d4,boosting,-1.0923941925852294,,,,,,,,,,,0.6029784000129439
lipo,regression,1,1,seeded_scaffold_group_balanced,seeded_scaffold_group_balanced,32,cat_60_d8,boosting,-0.9906214692822218,,,,,,,,,,,3.5296887999866158
lipo,regression,1,2,seeded_scaffold_group_balanced,seeded_scaffold_group_balanced,32,cat_60_d8,boosting,-1.0467377813771854,,,,,,,,,,,3.124351200007368
lipo,regression,1,3,seeded_scaffold_group_balanced,seeded_scaffold_group_balanced,32,cat_60_d8,boosting,-1.0522925953562234,,,,,,,,,,,2.77136439998867
lipo,regression,2,1,seeded_scaffold_group_balanced,seeded_scaffold_group_balanced,1,ridge_a0.1,linear,-1.14299675462394,,,,,,,,,,,0.009539100050460547
lipo,regression,2,2,seeded_scaffold_group_balanced,seeded_scaffold_group_balanced,1,ridge_a0.1,linear,-1.112533415716219,,,,,,,,,,,0.008535599976312369
lipo,regression,2,3,seeded_scaffold_group_balanced,seeded_scaffold_group_balanced,1,ridge_a0.1,linear,-1.1972132030490745,,,,,,,,,,,0.008858199988026172
lipo,regression,2,1,seeded_scaffold_group_balanced,seeded_scaffold_group_balanced,2,ridge_a1,linear,-1.1217139506774507,,,,,,,,,,,0.009046200022567064
lipo,regression,2,2,seeded_scaffold_group_balanced,seeded_scaffold_group_balanced,2,ridge_a1,linear,-1.0970241128037914,,,,,,,,,,,0.009311500005424023
lipo,regression,2,3,seeded_scaffold_group_balanced,seeded_scaffold_group_balanced,2,ridge_a1,linear,-1.1798832490125848,,,,,,,,,,,0.008902800036594272
lipo,regression,2,1,seeded_scaffold_group_balanced,seeded_scaffold_group_balanced,3,ridge_a10,linear,-1.040492743000338,,,,,,,,,,,0.008825400029309094
lipo,regression,2,2,seeded_scaffold_group_balanced,seeded_scaffold_group_balanced,3,ridge_a10,linear,-1.0294393585210164,,,,,,,,,,,0.0093635999946855
lipo,regression,2,3,seeded_scaffold_group_balanced,seeded_scaffold_group_balanced,3,ridge_a10,linear,-1.1003897404273266,,,,,,,,,,,0.009532099997159094
lipo,regression,2,1,seeded_scaffold_group_balanced,seeded_scaffold_group_balanced,4,elasticnet_a0.001,linear,-1.0914188019161044,,,,,,,,,,,0.022396399988792837
lipo,regression,2,2,seeded_scaffold_group_balanced,seeded_scaffold_group_balanced,4,elasticnet_a0.001,linear,-1.0712807210944835,,,,,,,,,,,0.027244099997915328
lipo,regression,2,3,seeded_scaffold_group_balanced,seeded_scaffold_group_balanced,4,elasticnet_a0.001,linear,-1.1503122925090097,,,,,,,,,,,0.022538900026120245
lipo,regression,2,1,seeded_scaffold_group_balanced,seeded_scaffold_group_balanced,5,rf_60_sqrt,bagging,-0.9897060965954466,,,,,,,,,,,0.08768279996002093
lipo,regression,2,2,seeded_scaffold_group_balanced,seeded_scaffold_group_balanced,5,rf_60_sqrt,bagging,-1.0423533531837859,,,,,,,,,,,0.0909193999832496
lipo,regression,2,3,seeded_scaffold_group_balanced,seeded_scaffold_group_balanced,5,rf_60_sqrt,bagging,-1.0284646761442002,,,,,,,,,,,0.08735110005363822
lipo,regression,2,1,seeded_scaffold_group_balanced,seeded_scaffold_group_balanced,6,rf_90_d12,bagging,-1.0314822024084913,,,,,,,,,,,0.10966339998412877
lipo,regression,2,2,seeded_scaffold_group_balanced,seeded_scaffold_group_balanced,6,rf_90_d12,bagging,-1.1208093899534046,,,,,,,,,,,0.0967792000155896
lipo,regression,2,3,seeded_scaffold_group_balanced,seeded_scaffold_group_balanced,6,rf_90_d12,bagging,-1.0711253745623368,,,,,,,,,,,0.11058169999159873
lipo,regression,2,1,seeded_scaffold_group_balanced,seeded_scaffold_group_balanced,7,rf_90_leaf2,bagging,-0.999085825894165,,,,,,,,,,,0.12407379999058321
lipo,regression,2,2,seeded_scaffold_group_balanced,seeded_scaffold_group_balanced,7,rf_90_leaf2,bagging,-1.053876781286945,,,,,,,,,,,0.11384820000967011
lipo,regression,2,3,seeded_scaffold_group_balanced,seeded_scaffold_group_balanced,7,rf_90_leaf2,bagging,-1.0331297367989547,,,,,,,,,,,0.10693050001282245
lipo,regression,2,1,seeded_scaffold_group_balanced,seeded_scaffold_group_balanced,8,rf_120_d20_leaf2,bagging,-1.0171521125865988,,,,,,,,,,,0.13137699995422736
lipo,regression,2,2,seeded_scaffold_group_balanced,seeded_scaffold_group_balanced,8,rf_120_d20_leaf2,bagging,-1.0667691815469469,,,,,,,,,,,0.13980970002012327
lipo,regression,2,3,seeded_scaffold_group_balanced,seeded_scaffold_group_balanced,8,rf_120_d20_leaf2,bagging,-1.0404176620863486,,,,,,,,,,,0.14331170002697036
lipo,regression,2,1,seeded_scaffold_group_balanced,seeded_scaffold_group_balanced,9,et_60_sqrt,bagging,-0.9795716864780465,,,,,,,,,,,0.09439949999796227
lipo,regression,2,2,seeded_scaffold_group_balanced,seeded_scaffold_group_balanced,9,et_60_sqrt,bagging,-1.0234531371338331,,,,,,,,,,,0.08758699998725206
lipo,regression,2,3,seeded_scaffold_group_balanced,seeded_scaffold_group_balanced,9,et_60_sqrt,bagging,-1.0134303480049331,,,,,,,,,,,0.09032150002894923
lipo,regression,2,1,seeded_scaffold_group_balanced,seeded_scaffold_group_balanced,10,et_90_d12,bagging,-1.0288273839349011,,,,,,,,,,,0.08512800000607967
lipo,regression,2,2,seeded_scaffold_group_balanced,seeded_scaffold_group_balanced,10,et_90_d12,bagging,-1.1017940284093692,,,,,,,,,,,0.087073800037615
lipo,regression,2,3,seeded_scaffold_group_balanced,seeded_scaffold_group_balanced,10,et_90_d12,bagging,-1.056574835233669,,,,,,,,,,,0.08291370002552867
lipo,regression,2,1,seeded_scaffold_group_balanced,seeded_scaffold_group_balanced,11,et_90_leaf2,bagging,-0.990254089926826,,,,,,,,,,,0.09815519995754585
lipo,regression,2,2,seeded_scaffold_group_balanced,seeded_scaffold_group_balanced,11,et_90_leaf2,bagging,-1.0376395856667375,,,,,,,,,,,0.10101990000111982
lipo,regression,2,3,seeded_scaffold_group_balanced,seeded_scaffold_group_balanced,11,et_90_leaf2,bagging,-1.0140352636755188,,,,,,,,,,,0.08419640001375228
lipo,regression,2,1,seeded_scaffold_group_balanced,seeded_scaffold_group_balanced,12,et_120_d20_leaf2,bagging,-0.9952881820249054,,,,,,,,,,,0.10935390001395717
lipo,regression,2,2,seeded_scaffold_group_balanced,seeded_scaffold_group_balanced,12,et_120_d20_leaf2,bagging,-1.0488782164032577,,,,,,,,,,,0.10866239998722449
lipo,regression,2,3,seeded_scaffold_group_balanced,seeded_scaffold_group_balanced,12,et_120_d20_leaf2,bagging,-1.021880016435045,,,,,,,,,,,0.11812030000146478
lipo,regression,2,1,seeded_scaffold_group_balanced,seeded_scaffold_group_balanced,13,histgb_lr0.05,boosting,-1.0054650437448742,,,,,,,,,,,1.331454000028316
lipo,regression,2,2,seeded_scaffold_group_balanced,seeded_scaffold_group_balanced,13,histgb_lr0.05,boosting,-1.0148431295613185,,,,,,,,,,,1.6466254999977536
lipo,regression,2,3,seeded_scaffold_group_balanced,seeded_scaffold_group_balanced,13,histgb_lr0.05,boosting,-1.0303866757721494,,,,,,,,,,,1.4112640999956056
lipo,regression,2,1,seeded_scaffold_group_balanced,seeded_scaffold_group_balanced,14,histgb_lr0.1,boosting,-0.9863438951800017,,,,,,,,,,,1.058410500001628
lipo,regression,2,2,seeded_scaffold_group_balanced,seeded_scaffold_group_balanced,14,histgb_lr0.1,boosting,-0.9812096559818547,,,,,,,,,,,1.3614989999914542
lipo,regression,2,3,seeded_scaffold_group_balanced,seeded_scaffold_group_balanced,14,histgb_lr0.1,boosting,-1.0140937881879775,,,,,,,,,,,1.334723900014069
lipo,regression,2,1,seeded_scaffold_group_balanced,seeded_scaffold_group_balanced,15,gb_lr0.05_d2,boosting,-1.0757044364752517,,,,,,,,,,,0.9236624999903142
lipo,regression,2,2,seeded_scaffold_group_balanced,seeded_scaffold_group_balanced,15,gb_lr0.05_d2,boosting,-1.1604504829378566,,,,,,,,,,,0.8907932000001892
lipo,regression,2,3,seeded_scaffold_group_balanced,seeded_scaffold_group_balanced,15,gb_lr0.05_d2,boosting,-1.1035921260215997,,,,,,,,,,,0.7726048000040464
lipo,regression,2,1,seeded_scaffold_group_balanced,seeded_scaffold_group_balanced,16,gb_lr0.1_d3,boosting,-1.042586312378099,,,,,,,,,,,1.1029955999692902
lipo,regression,2,2,seeded_scaffold_group_balanced,seeded_scaffold_group_balanced,16,gb_lr0.1_d3,boosting,-1.0743862801274904,,,,,,,,,,,1.2151327999890782
lipo,regression,2,3,seeded_scaffold_group_balanced,seeded_scaffold_group_balanced,16,gb_lr0.1_d3,boosting,-1.0643151866010525,,,,,,,,,,,1.220223399985116
lipo,regression,2,1,seeded_scaffold_group_balanced,seeded_scaffold_group_balanced,17,lgbm_60_l15,boosting,-1.0255432505250988,,,,,,,,,,,0.09299010003451258
lipo,regression,2,2,seeded_scaffold_group_balanced,seeded_scaffold_group_balanced,17,lgbm_60_l15,boosting,-1.0596243430007874,,,,,,,,,,,0.09202310000546277
lipo,regression,2,3,seeded_scaffold_group_balanced,seeded_scaffold_group_balanced,17,lgbm_60_l15,boosting,-1.0526196005785677,,,,,,,,,,,0.0994226000038907
lipo,regression,2,1,seeded_scaffold_group_balanced,seeded_scaffold_group_balanced,18,lgbm_90_l31,boosting,-0.9805462457701917,,,,,,,,,,,0.11160669999662787
lipo,regression,2,2,seeded_scaffold_group_balanced,seeded_scaffold_group_balanced,18,lgbm_90_l31,boosting,-0.9786044232053073,,,,,,,,,,,0.10370660002809018
lipo,regression,2,3,seeded_scaffold_group_balanced,seeded_scaffold_group_balanced,18,lgbm_90_l31,boosting,-0.9982896051183121,,,,,,,,,,,0.10822980001103133
lipo,regression,2,1,seeded_scaffold_group_balanced,seeded_scaffold_group_balanced,19,lgbm_60_l63,boosting,-0.9726545368212526,,,,,,,,,,,0.12637480004923418
lipo,regression,2,2,seeded_scaffold_group_balanced,seeded_scaffold_group_balanced,19,lgbm_60_l63,boosting,-0.9617525172171159,,,,,,,,,,,0.1282560999970883
lipo,regression,2,3,seeded_scaffold_group_balanced,seeded_scaffold_group_balanced,19,lgbm_60_l63,boosting,-0.9914732354233176,,,,,,,,,,,0.1521163999568671
lipo,regression,2,1,seeded_scaffold_group_balanced,seeded_scaffold_group_balanced,20,lgbm_100_leaf10,boosting,-0.9786663480903808,,,,,,,,,,,0.13573699997505173
lipo,regression,2,2,seeded_scaffold_group_balanced,seeded_scaffold_group_balanced,20,lgbm_100_leaf10,boosting,-0.9699061958231808,,,,,,,,,,,0.12111979996552691
lipo,regression,2,3,seeded_scaffold_group_balanced,seeded_scaffold_group_balanced,20,lgbm_100_leaf10,boosting,-1.0069994870305938,,,,,,,,,,,0.12505899998359382
lipo,regression,2,1,seeded_scaffold_group_balanced,seeded_scaffold_group_balanced,21,lgbm_100_leaf30,boosting,-0.9676080956807144,,,,,,,,,,,0.11192009999649599
lipo,regression,2,2,seeded_scaffold_group_balanced,seeded_scaffold_group_balanced,21,lgbm_100_leaf30,boosting,-0.9699018447400988,,,,,,,,,,,0.13992700004018843
lipo,regression,2,3,seeded_scaffold_group_balanced,seeded_scaffold_group_balanced,21,lgbm_100_leaf30,boosting,-1.021390442970699,,,,,,,,,,,0.12514710001414642
lipo,regression,2,1,seeded_scaffold_group_balanced,seeded_scaffold_group_balanced,22,lgbm_80_ff0.7,boosting,-0.9737554227283903,,,,,,,,,,,0.12203840003348887
lipo,regression,2,2,seeded_scaffold_group_balanced,seeded_scaffold_group_balanced,22,lgbm_80_ff0.7,boosting,-0.9642322486819747,,,,,,,,,,,0.1783074999693781
lipo,regression,2,3,seeded_scaffold_group_balanced,seeded_scaffold_group_balanced,22,lgbm_80_ff0.7,boosting,-1.00092661320042,,,,,,,,,,,0.1223619999946095
lipo,regression,2,1,seeded_scaffold_group_balanced,seeded_scaffold_group_balanced,23,lgbm_80_bag0.8,boosting,-0.9671811412364467,,,,,,,,,,,0.12204079999355599
lipo,regression,2,2,seeded_scaffold_group_balanced,seeded_scaffold_group_balanced,23,lgbm_80_bag0.8,boosting,-0.954552897730512,,,,,,,,,,,0.09799199999542907
lipo,regression,2,3,seeded_scaffold_group_balanced,seeded_scaffold_group_balanced,23,lgbm_80_bag0.8,boosting,-1.00099063502435,,,,,,,,,,,0.10213680000742897
lipo,regression,2,1,seeded_scaffold_group_balanced,seeded_scaffold_group_balanced,24,lgbm_120_l15,boosting,-1.0012662242496568,,,,,,,,,,,0.09633180004311725
lipo,regression,2,2,seeded_scaffold_group_balanced,seeded_scaffold_group_balanced,24,lgbm_120_l15,boosting,-1.0119621592905093,,,,,,,,,,,0.10978639998938888
lipo,regression,2,3,seeded_scaffold_group_balanced,seeded_scaffold_group_balanced,24,lgbm_120_l15,boosting,-1.024459701162693,,,,,,,,,,,0.1044971999945119
lipo,regression,2,1,seeded_scaffold_group_balanced,seeded_scaffold_group_balanced,25,xgb_60_d3,boosting,-1.0551475003804025,,,,,,,,,,,0.10429579997435212
lipo,regression,2,2,seeded_scaffold_group_balanced,seeded_scaffold_group_balanced,25,xgb_60_d3,boosting,-1.1059100988536297,,,,,,,,,,,0.1153257999685593
lipo,regression,2,3,seeded_scaffold_group_balanced,seeded_scaffold_group_balanced,25,xgb_60_d3,boosting,-1.0711688885223059,,,,,,,,,,,0.11844280001241714
lipo,regression,2,1,seeded_scaffold_group_balanced,seeded_scaffold_group_balanced,26,xgb_80_d5,boosting,-1.0109883493935363,,,,,,,,,,,0.15449939999962226
lipo,regression,2,2,seeded_scaffold_group_balanced,seeded_scaffold_group_balanced,26,xgb_80_d5,boosting,-1.039466738961583,,,,,,,,,,,0.13468379998812452
lipo,regression,2,3,seeded_scaffold_group_balanced,seeded_scaffold_group_balanced,26,xgb_80_d5,boosting,-1.0281532302468557,,,,,,,,,,,0.15802849997999147
lipo,regression,2,1,seeded_scaffold_group_balanced,seeded_scaffold_group_balanced,27,xgb_100_d3,boosting,-1.046104430605456,,,,,,,,,,,0.12975590000860393
lipo,regression,2,2,seeded_scaffold_group_balanced,seeded_scaffold_group_balanced,27,xgb_100_d3,boosting,-1.1041587590104665,,,,,,,,,,,0.1399261000333354
lipo,regression,2,3,seeded_scaffold_group_balanced,seeded_scaffold_group_balanced,27,xgb_100_d3,boosting,-1.069250638653768,,,,,,,,,,,0.1493750000372529
lipo,regression,2,1,seeded_scaffold_group_balanced,seeded_scaffold_group_balanced,28,xgb_60_d6,boosting,-0.9958843280175409,,,,,,,,,,,0.14110169996274635
lipo,regression,2,2,seeded_scaffold_group_balanced,seeded_scaffold_group_balanced,28,xgb_60_d6,boosting,-1.014788118211469,,,,,,,,,,,0.16922270000213757
lipo,regression,2,3,seeded_scaffold_group_balanced,seeded_scaffold_group_balanced,28,xgb_60_d6,boosting,-1.013795599934602,,,,,,,,,,,0.15517290000570938
lipo,regression,2,1,seeded_scaffold_group_balanced,seeded_scaffold_group_balanced,29,cat_60_d4,boosting,-1.0577211162086584,,,,,,,,,,,0.3250144000048749
lipo,regression,2,2,seeded_scaffold_group_balanced,seeded_scaffold_group_balanced,29,cat_60_d4,boosting,-1.1416636187032545,,,,,,,,,,,0.3494506999850273
lipo,regression,2,3,seeded_scaffold_group_balanced,seeded_scaffold_group_balanced,29,cat_60_d4,boosting,-1.0969803799730995,,,,,,,,,,,0.34933979995548725
lipo,regression,2,1,seeded_scaffold_group_balanced,seeded_scaffold_group_balanced,30,cat_80_d6,boosting,-1.042193064588956,,,,,,,,,,,1.295776900020428
lipo,regression,2,2,seeded_scaffold_group_balanced,seeded_scaffold_group_balanced,30,cat_80_d6,boosting,-1.1106766221942448,,,,,,,,,,,1.3216938999830745
lipo,regression,2,3,seeded_scaffold_group_balanced,seeded_scaffold_group_balanced,30,cat_80_d6,boosting,-1.0766762269003711,,,,,,,,,,,1.4405751999584027
lipo,regression,2,1,seeded_scaffold_group_balanced,seeded_scaffold_group_balanced,31,cat_100_d4,boosting,-1.057176367909816,,,,,,,,,,,0.6534885999863036
lipo,regression,2,2,seeded_scaffold_group_balanced,seeded_scaffold_group_balanced,31,cat_100_d4,boosting,-1.1353288110959405,,,,,,,,,,,0.6296046999632381
lipo,regression,2,3,seeded_scaffold_group_balanced,seeded_scaffold_group_balanced,31,cat_100_d4,boosting,-1.0883717680097087,,,,,,,,,,,0.6394950000103563
lipo,regression,2,1,seeded_scaffold_group_balanced,seeded_scaffold_group_balanced,32,cat_60_d8,boosting,-1.0314664063747903,,,,,,,,,,,3.6909092999994755
lipo,regression,2,2,seeded_scaffold_group_balanced,seeded_scaffold_group_balanced,32,cat_60_d8,boosting,-1.0961243747238054,,,,,,,,,,,2.9813393999938853
lipo,regression,2,3,seeded_scaffold_group_balanced,seeded_scaffold_group_balanced,32,cat_60_d8,boosting,-1.0632702347058685,,,,,,,,,,,2.9780625000130385
lipo,regression,3,1,seeded_scaffold_group_balanced,seeded_scaffold_group_balanced,1,ridge_a0.1,linear,-1.2152048616038011,,,,,,,,,,,0.01226019999012351
lipo,regression,3,2,seeded_scaffold_group_balanced,seeded_scaffold_group_balanced,1,ridge_a0.1,linear,-1.2173184225241964,,,,,,,,,,,0.013793199963402003
lipo,regression,3,3,seeded_scaffold_group_balanced,seeded_scaffold_group_balanced,1,ridge_a0.1,linear,-1.1173088452541178,,,,,,,,,,,0.01310169999487698
lipo,regression,3,1,seeded_scaffold_group_balanced,seeded_scaffold_group_balanced,2,ridge_a1,linear,-1.1986572822516453,,,,,,,,,,,0.011881999962497503
lipo,regression,3,2,seeded_scaffold_group_balanced,seeded_scaffold_group_balanced,2,ridge_a1,linear,-1.1983170756056973,,,,,,,,,,,0.010625499999150634
lipo,regression,3,3,seeded_scaffold_group_balanced,seeded_scaffold_group_balanced,2,ridge_a1,linear,-1.101990602825069,,,,,,,,,,,0.01094460004242137
lipo,regression,3,1,seeded_scaffold_group_balanced,seeded_scaffold_group_balanced,3,ridge_a10,linear,-1.1331773832539327,,,,,,,,,,,0.012082899978850037
lipo,regression,3,2,seeded_scaffold_group_balanced,seeded_scaffold_group_balanced,3,ridge_a10,linear,-1.1173619716291356,,,,,,,,,,,0.009024199971463531
lipo,regression,3,3,seeded_scaffold_group_balanced,seeded_scaffold_group_balanced,3,ridge_a10,linear,-1.0277598430841968,,,,,,,,,,,0.009816400008276105
lipo,regression,3,1,seeded_scaffold_group_balanced,seeded_scaffold_group_balanced,4,elasticnet_a0.001,linear,-1.1717906857230764,,,,,,,,,,,0.02615930000320077
lipo,regression,3,2,seeded_scaffold_group_balanced,seeded_scaffold_group_balanced,4,elasticnet_a0.001,linear,-1.1676870908307866,,,,,,,,,,,0.02306879998650402
lipo,regression,3,3,seeded_scaffold_group_balanced,seeded_scaffold_group_balanced,4,elasticnet_a0.001,linear,-1.0780051885662743,,,,,,,,,,,0.021616299985907972
lipo,regression,3,1,seeded_scaffold_group_balanced,seeded_scaffold_group_balanced,5,rf_60_sqrt,bagging,-1.1438574122978034,,,,,,,,,,,0.08590529998764396
lipo,regression,3,2,seeded_scaffold_group_balanced,seeded_scaffold_group_balanced,5,rf_60_sqrt,bagging,-1.070149742229211,,,,,,,,,,,0.09264749998692423
lipo,regression,3,3,seeded_scaffold_group_balanced,seeded_scaffold_group_balanced,5,rf_60_sqrt,bagging,-0.9664358094081861,,,,,,,,,,,0.09442740003578365
lipo,regression,3,1,seeded_scaffold_group_balanced,seeded_scaffold_group_balanced,6,rf_90_d12,bagging,-1.1846862953815314,,,,,,,,,,,0.112855099956505
lipo,regression,3,2,seeded_scaffold_group_balanced,seeded_scaffold_group_balanced,6,rf_90_d12,bagging,-1.1167077577407105,,,,,,,,,,,0.10638150002341717
lipo,regression,3,3,seeded_scaffold_group_balanced,seeded_scaffold_group_balanced,6,rf_90_d12,bagging,-1.0331841886042736,,,,,,,,,,,0.10875149996718392
lipo,regression,3,1,seeded_scaffold_group_balanced,seeded_scaffold_group_balanced,7,rf_90_leaf2,bagging,-1.150784003063254,,,,,,,,,,,0.12408749997848645
lipo,regression,3,2,seeded_scaffold_group_balanced,seeded_scaffold_group_balanced,7,rf_90_leaf2,bagging,-1.077172572089442,,,,,,,,,,,0.1111135000246577
lipo,regression,3,3,seeded_scaffold_group_balanced,seeded_scaffold_group_balanced,7,rf_90_leaf2,bagging,-0.9776488234676075,,,,,,,,,,,0.10620030004065484
lipo,regression,3,1,seeded_scaffold_group_balanced,seeded_scaffold_group_balanced,8,rf_120_d20_leaf2,bagging,-1.1522172338931087,,,,,,,,,,,0.14681429998017848
lipo,regression,3,2,seeded_scaffold_group_balanced,seeded_scaffold_group_balanced,8,rf_120_d20_leaf2,bagging,-1.0851397780862144,,,,,,,,,,,0.1592586999759078
lipo,regression,3,3,seeded_scaffold_group_balanced,seeded_scaffold_group_balanced,8,rf_120_d20_leaf2,bagging,-0.983167383461368,,,,,,,,,,,0.14788669999688864
lipo,regression,3,1,seeded_scaffold_group_balanced,seeded_scaffold_group_balanced,9,et_60_sqrt,bagging,-1.128740769222648,,,,,,,,,,,0.09292580001056194
lipo,regression,3,2,seeded_scaffold_group_balanced,seeded_scaffold_group_balanced,9,et_60_sqrt,bagging,-1.0509921566353129,,,,,,,,,,,0.09748539997963235
lipo,regression,3,3,seeded_scaffold_group_balanced,seeded_scaffold_group_balanced,9,et_60_sqrt,bagging,-0.9390355372079914,,,,,,,,,,,0.1014566999510862
lipo,regression,3,1,seeded_scaffold_group_balanced,seeded_scaffold_group_balanced,10,et_90_d12,bagging,-1.176339534935517,,,,,,,,,,,0.08477030001813546
lipo,regression,3,2,seeded_scaffold_group_balanced,seeded_scaffold_group_balanced,10,et_90_d12,bagging,-1.0980932908509928,,,,,,,,,,,0.0943938999553211
lipo,regression,3,3,seeded_scaffold_group_balanced,seeded_scaffold_group_balanced,10,et_90_d12,bagging,-1.0084584559761598,,,,,,,,,,,0.0840755999670364
lipo,regression,3,1,seeded_scaffold_group_balanced,seeded_scaffold_group_balanced,11,et_90_leaf2,bagging,-1.1319103480970198,,,,,,,,,,,0.09378930000821128
lipo,regression,3,2,seeded_scaffold_group_balanced,seeded_scaffold_group_balanced,11,et_90_leaf2,bagging,-1.0554834255661263,,,,,,,,,,,0.08391240000491962
lipo,regression,3,3,seeded_scaffold_group_balanced,seeded_scaffold_group_balanced,11,et_90_leaf2,bagging,-0.9492492885364076,,,,,,,,,,,0.0998987999628298
lipo,regression,3,1,seeded_scaffold_group_balanced,seeded_scaffold_group_balanced,12,et_120_d20_leaf2,bagging,-1.1465531168155834,,,,,,,,,,,0.11515889997826889
lipo,regression,3,2,seeded_scaffold_group_balanced,seeded_scaffold_group_balanced,12,et_120_d20_leaf2,bagging,-1.0681504239947721,,,,,,,,,,,0.12722199998097494
lipo,regression,3,3,seeded_scaffold_group_balanced,seeded_scaffold_group_balanced,12,et_120_d20_leaf2,bagging,-0.959327200807267,,,,,,,,,,,0.12226069997996092
lipo,regression,3,1,seeded_scaffold_group_balanced,seeded_scaffold_group_balanced,13,histgb_lr0.05,boosting,-1.1288104876062255,,,,,,,,,,,1.2986922999843955
lipo,regression,3,2,seeded_scaffold_group_balanced,seeded_scaffold_group_balanced,13,histgb_lr0.05,boosting,-1.0383330400141262,,,,,,,,,,,1.26889140001731
lipo,regression,3,3,seeded_scaffold_group_balanced,seeded_scaffold_group_balanced,13,histgb_lr0.05,boosting,-0.966348335272917,,,,,,,,,,,1.33053390000714
lipo,regression,3,1,seeded_scaffold_group_balanced,seeded_scaffold_group_balanced,14,histgb_lr0.1,boosting,-1.1107868057029142,,,,,,,,,,,1.4524470000178553
lipo,regression,3,2,seeded_scaffold_group_balanced,seeded_scaffold_group_balanced,14,histgb_lr0.1,boosting,-1.0208093598333152,,,,,,,,,,,1.4805532000027597
lipo,regression,3,3,seeded_scaffold_group_balanced,seeded_scaffold_group_balanced,14,histgb_lr0.1,boosting,-0.931570289405028,,,,,,,,,,,1.6892289000097662
lipo,regression,3,1,seeded_scaffold_group_balanced,seeded_scaffold_group_balanced,15,gb_lr0.05_d2,boosting,-1.2196736410548537,,,,,,,,,,,0.8429833999834955
lipo,regression,3,2,seeded_scaffold_group_balanced,seeded_scaffold_group_balanced,15,gb_lr0.05_d2,boosting,-1.1422988053077732,,,,,,,,,,,0.7492802999913692
lipo,regression,3,3,seeded_scaffold_group_balanced,seeded_scaffold_group_balanced,15,gb_lr0.05_d2,boosting,-1.0724762233413092,,,,,,,,,,,0.7692792999441735
lipo,regression,3,1,seeded_scaffold_group_balanced,seeded_scaffold_group_balanced,16,gb_lr0.1_d3,boosting,-1.1722519556526183,,,,,,,,,,,1.1575970000121742
lipo,regression,3,2,seeded_scaffold_group_balanced,seeded_scaffold_group_balanced,16,gb_lr0.1_d3,boosting,-1.0644619390257843,,,,,,,,,,,1.2412286000326276
lipo,regression,3,3,seeded_scaffold_group_balanced,seeded_scaffold_group_balanced,16,gb_lr0.1_d3,boosting,-0.9892380559349396,,,,,,,,,,,1.1056552000227384
lipo,regression,3,1,seeded_scaffold_group_balanced,seeded_scaffold_group_balanced,17,lgbm_60_l15,boosting,-1.1547974817732765,,,,,,,,,,,0.06592339999042451
lipo,regression,3,2,seeded_scaffold_group_balanced,seeded_scaffold_group_balanced,17,lgbm_60_l15,boosting,-1.0685424753307589,,,,,,,,,,,0.1134580000070855
lipo,regression,3,3,seeded_scaffold_group_balanced,seeded_scaffold_group_balanced,17,lgbm_60_l15,boosting,-0.9932429595356767,,,,,,,,,,,0.06721599999582395
lipo,regression,3,1,seeded_scaffold_group_balanced,seeded_scaffold_group_balanced,18,lgbm_90_l31,boosting,-1.1126128930981403,,,,,,,,,,,0.11540479998802766
lipo,regression,3,2,seeded_scaffold_group_balanced,seeded_scaffold_group_balanced,18,lgbm_90_l31,boosting,-1.0113872196942568,,,,,,,,,,,0.11296910000964999
lipo,regression,3,3,seeded_scaffold_group_balanced,seeded_scaffold_group_balanced,18,lgbm_90_l31,boosting,-0.9431193264305249,,,,,,,,,,,0.10601310001220554
lipo,regression,3,1,seeded_scaffold_group_balanced,seeded_scaffold_group_balanced,19,lgbm_60_l63,boosting,-1.109029138552122,,,,,,,,,,,0.1283751000300981
lipo,regression,3,2,seeded_scaffold_group_balanced,seeded_scaffold_group_balanced,19,lgbm_60_l63,boosting,-0.9983984553639638,,,,,,,,,,,0.15346750000026077
lipo,regression,3,3,seeded_scaffold_group_balanced,seeded_scaffold_group_balanced,19,lgbm_60_l63,boosting,-0.9308295192471016,,,,,,,,,,,0.1508839000016451
lipo,regression,3,1,seeded_scaffold_group_balanced,seeded_scaffold_group_balanced,20,lgbm_100_leaf10,boosting,-1.099823290512799,,,,,,,,,,,0.12005969998426735
lipo,regression,3,2,seeded_scaffold_group_balanced,seeded_scaffold_group_balanced,20,lgbm_100_leaf10,boosting,-1.0024202726252558,,,,,,,,,,,0.12238329998217523
lipo,regression,3,3,seeded_scaffold_group_balanced,seeded_scaffold_group_balanced,20,lgbm_100_leaf10,boosting,-0.9238581073807095,,,,,,,,,,,0.12068180000642315
lipo,regression,3,1,seeded_scaffold_group_balanced,seeded_scaffold_group_balanced,21,lgbm_100_leaf30,boosting,-1.09594663632162,,,,,,,,,,,0.1167651999858208
lipo,regression,3,2,seeded_scaffold_group_balanced,seeded_scaffold_group_balanced,21,lgbm_100_leaf30,boosting,-1.0188460543694036,,,,,,,,,,,0.11103720002574846
lipo,regression,3,3,seeded_scaffold_group_balanced,seeded_scaffold_group_balanced,21,lgbm_100_leaf30,boosting,-0.9307096749845746,,,,,,,,,,,0.20932619995437562
lipo,regression,3,1,seeded_scaffold_group_balanced,seeded_scaffold_group_balanced,22,lgbm_80_ff0.7,boosting,-1.1053890573591656,,,,,,,,,,,0.12996740004746243
lipo,regression,3,2,seeded_scaffold_group_balanced,seeded_scaffold_group_balanced,22,lgbm_80_ff0.7,boosting,-1.0074785168199727,,,,,,,,,,,0.1142210999969393
lipo,regression,3,3,seeded_scaffold_group_balanced,seeded_scaffold_group_balanced,22,lgbm_80_ff0.7,boosting,-0.9209253469608633,,,,,,,,,,,0.14669060002779588
lipo,regression,3,1,seeded_scaffold_group_balanced,seeded_scaffold_group_balanced,23,lgbm_80_bag0.8,boosting,-1.0878976964941303,,,,,,,,,,,0.14795500005129725
lipo,regression,3,2,seeded_scaffold_group_balanced,seeded_scaffold_group_balanced,23,lgbm_80_bag0.8,boosting,-0.9980661820070549,,,,,,,,,,,0.11228219995973632
lipo,regression,3,3,seeded_scaffold_group_balanced,seeded_scaffold_group_balanced,23,lgbm_80_bag0.8,boosting,-0.92100996357398,,,,,,,,,,,0.10277499997755513
lipo,regression,3,1,seeded_scaffold_group_balanced,seeded_scaffold_group_balanced,24,lgbm_120_l15,boosting,-1.1254798882721528,,,,,,,,,,,0.08380010002292693
lipo,regression,3,2,seeded_scaffold_group_balanced,seeded_scaffold_group_balanced,24,lgbm_120_l15,boosting,-1.0370817466889344,,,,,,,,,,,0.08811319997766986
lipo,regression,3,3,seeded_scaffold_group_balanced,seeded_scaffold_group_balanced,24,lgbm_120_l15,boosting,-0.966418352087402,,,,,,,,,,,0.09971209999639541
lipo,regression,3,1,seeded_scaffold_group_balanced,seeded_scaffold_group_balanced,25,xgb_60_d3,boosting,-1.1820879726492148,,,,,,,,,,,0.09042010002303869
lipo,regression,3,2,seeded_scaffold_group_balanced,seeded_scaffold_group_balanced,25,xgb_60_d3,boosting,-1.0941261467780512,,,,,,,,,,,0.10220319998916239
lipo,regression,3,3,seeded_scaffold_group_balanced,seeded_scaffold_group_balanced,25,xgb_60_d3,boosting,-1.0179598146950855,,,,,,,,,,,0.11429090000456199
lipo,regression,3,1,seeded_scaffold_group_balanced,seeded_scaffold_group_balanced,26,xgb_80_d5,boosting,-1.1334881319227452,,,,,,,,,,,0.15303769998718053
lipo,regression,3,2,seeded_scaffold_group_balanced,seeded_scaffold_group_balanced,26,xgb_80_d5,boosting,-1.0530925233618667,,,,,,,,,,,0.13352029997622594
lipo,regression,3,3,seeded_scaffold_group_balanced,seeded_scaffold_group_balanced,26,xgb_80_d5,boosting,-0.957773198744712,,,,,,,,,,,0.13413840002613142
lipo,regression,3,1,seeded_scaffold_group_balanced,seeded_scaffold_group_balanced,27,xgb_100_d3,boosting,-1.1817153036589974,,,,,,,,,,,0.1285617999965325
lipo,regression,3,2,seeded_scaffold_group_balanced,seeded_scaffold_group_balanced,27,xgb_100_d3,boosting,-1.08329229569283,,,,,,,,,,,0.15379079995909706
lipo,regression,3,3,seeded_scaffold_group_balanced,seeded_scaffold_group_balanced,27,xgb_100_d3,boosting,-1.0047004560093138,,,,,,,,,,,0.14640279999002814
lipo,regression,3,1,seeded_scaffold_group_balanced,seeded_scaffold_group_balanced,28,xgb_60_d6,boosting,-1.1240219609208628,,,,,,,,,,,0.12624439998762682
lipo,regression,3,2,seeded_scaffold_group_balanced,seeded_scaffold_group_balanced,28,xgb_60_d6,boosting,-1.0418672426953863,,,,,,,,,,,0.14623179996851832
lipo,regression,3,3,seeded_scaffold_group_balanced,seeded_scaffold_group_balanced,28,xgb_60_d6,boosting,-0.9443040025233863,,,,,,,,,,,0.13849829998798668
lipo,regression,3,1,seeded_scaffold_group_balanced,seeded_scaffold_group_balanced,29,cat_60_d4,boosting,-1.192452895788184,,,,,,,,,,,0.31742249999661
lipo,regression,3,2,seeded_scaffold_group_balanced,seeded_scaffold_group_balanced,29,cat_60_d4,boosting,-1.1277493788528303,,,,,,,,,,,0.34207479999167845
lipo,regression,3,3,seeded_scaffold_group_balanced,seeded_scaffold_group_balanced,29,cat_60_d4,boosting,-1.0305060828893624,,,,,,,,,,,0.3885040999739431
lipo,regression,3,1,seeded_scaffold_group_balanced,seeded_scaffold_group_balanced,30,cat_80_d6,boosting,-1.180900377882438,,,,,,,,,,,1.2264904000330716
lipo,regression,3,2,seeded_scaffold_group_balanced,seeded_scaffold_group_balanced,30,cat_80_d6,boosting,-1.099866525316076,,,,,,,,,,,1.4536342999781482
lipo,regression,3,3,seeded_scaffold_group_balanced,seeded_scaffold_group_balanced,30,cat_80_d6,boosting,-1.0147971828421185,,,,,,,,,,,1.4165870000142604
lipo,regression,3,1,seeded_scaffold_group_balanced,seeded_scaffold_group_balanced,31,cat_100_d4,boosting,-1.196002767418538,,,,,,,,,,,0.6229444000055082
lipo,regression,3,2,seeded_scaffold_group_balanced,seeded_scaffold_group_balanced,31,cat_100_d4,boosting,-1.1272006633164875,,,,,,,,,,,0.6223888999666087
lipo,regression,3,3,seeded_scaffold_group_balanced,seeded_scaffold_group_balanced,31,cat_100_d4,boosting,-1.0266950079792825,,,,,,,,,,,0.6211505000246689
lipo,regression,3,1,seeded_scaffold_group_balanced,seeded_scaffold_group_balanced,32,cat_60_d8,boosting,-1.1633484425746332,,,,,,,,,,,3.4806829000008292
lipo,regression,3,2,seeded_scaffold_group_balanced,seeded_scaffold_group_balanced,32,cat_60_d8,boosting,-1.0901346709464534,,,,,,,,,,,2.890906399989035
lipo,regression,3,3,seeded_scaffold_group_balanced,seeded_scaffold_group_balanced,32,cat_60_d8,boosting,-1.008133848296015,,,,,,,,,,,2.977851199975703
